,AI.PA.Close,AIR.PA.Close,BNP.PA.Close,BN.PA.Close,DG.PA.Close
2017-03-14,94.136398,70.199997,59.849998,62.66,69.769997
2017-03-15,94.545403,70.43,60.09,62.619999,69.449997
2017-03-16,95.181801,70.360001,60.689999,62.790001,70.370003
2017-03-17,95.909103,70.010002,60.279999,63.209999,71.699997
2017-03-20,96.045403,70.599998,59.650002,64,71.690002
2017-03-21,96.090897,69.610001,60.259998,63.790001,72.190002
2017-03-22,96.363602,68.900002,60.290001,63.970001,72.190002
2017-03-23,96.863602,69.849998,61.099998,63.970001,73.730003
2017-03-24,96.545403,70.019997,60.459999,63.610001,74.360001
2017-03-27,96.772697,69.330002,60.360001,64.199997,74.349998
2017-03-28,96.545403,70.830002,61.919998,63.310001,73.93
2017-03-29,97.318199,71.620003,62.040001,63.310001,73.75
2017-03-30,97.090897,71.639999,61.799999,63.549999,74.160004
2017-03-31,97.363602,71.330002,62.43,63.759998,74.300003
2017-04-03,97.227303,71.360001,61.220001,63.5,74.459999
2017-04-04,97.181801,71.82,60.709999,63.919998,73.800003
2017-04-05,97.363602,71.57,60.099998,63.599998,73.970001
2017-04-06,98.136398,72.519997,60.75,63.75,74.629997
2017-04-07,99.318199,72.5,60.900002,64.169998,74.540001
2017-04-10,98.545403,71.089996,60,64.080002,73.709999
2017-04-11,97.318199,71.300003,59.389999,64,74.980003
2017-04-12,97.681801,71.93,59.099998,64.239998,73.690002
2017-04-13,97.727303,71.330002,58.299999,64.269997,73.849998
2017-04-18,97.045403,69.529999,57.32,63.860001,72.559998
2017-04-19,96.363602,69.940002,58.34,63.349998,72.220001
2017-04-20,97.227303,72.269997,60.650002,63.709999,73.989998
2017-04-21,96.136398,71.57,62,62.150002,73.330002
2017-04-24,100.681999,73.959999,66.660004,63.650002,78.5
2017-04-25,100.863998,74.099998,66.949997,63.77,77.720001
2017-04-26,102,74.089996,65.800003,63.560001,77.209999
2017-04-27,100.908997,75,64.989998,63.900002,77.550003
2017-04-28,100.544998,74.230003,64.779999,64.18,78.099998
2017-05-02,102.136002,74.650002,65.769997,64.370003,78.050003
2017-05-03,102.681999,73.919998,66.150002,64.190002,77.07
2017-05-04,103,75.029999,66.370003,65.5,79.330002
2017-05-05,104.681999,75.879997,67.879997,65.010002,79.5
2017-05-08,103.181999,75.410004,66.839996,65.199997,78.989998
2017-05-09,104,75.5,66.660004,66.129997,79
2017-05-10,103.544998,75.239998,66.779999,66.230003,78.32
2017-05-11,103.044998,74,66.410004,66.730003,77.779999
2017-05-12,103.908997,74.459999,66.559998,67.120003,78.529999
2017-05-15,101.726997,74.269997,67.07,67.089996,78.370003
2017-05-16,100.908997,74.190002,67.209999,67.550003,77.690002
2017-05-17,99.590897,72.730003,65.110001,66.870003,76.949997
2017-05-18,99.636398,73.220001,64.360001,65,76.900002
2017-05-19,100.726997,73.760002,65.669998,65.849998,76.650002
2017-05-22,100.544998,72.629997,65.459999,66.190002,76.5
2017-05-23,101.273003,72.410004,66.18,66.849998,76.830002
2017-05-24,100.5,72.419998,66.839996,66.650002,76.529999
2017-05-25,100.681999,73.099998,66.559998,67.019997,76.889999
2017-05-26,100.863998,73.900002,66.389999,66.550003,77
2017-05-29,100.636002,73.720001,66.349998,66.650002,76.900002
2017-05-30,99,73.269997,63.599998,66.230003,76.540001
2017-05-31,98.636398,73.07,62.82,66.080002,77.730003
2017-06-01,99.863602,75.230003,62.990002,66.870003,77.559998
2017-06-02,101,75.599998,63.400002,67.32,78.089996
2017-06-05,100.408997,74.760002,63.099998,67.139999,77.800003
2017-06-06,99.5,74.699997,62.450001,66.800003,76.769997
2017-06-07,98.681801,73.470001,63.48,67.230003,76.699997
2017-06-08,98.5,73.75,63.720001,66.639999,77.059998
2017-06-09,99.818199,75.410004,64.510002,66.910004,78.010002
2017-06-12,99.227303,74.269997,63.389999,66.309998,77.599998
2017-06-13,100.136002,74.599998,63.349998,66.699997,77.690002
2017-06-14,98.727303,75.129997,62.400002,66.599998,78.550003
2017-06-15,97.681801,73.279999,61.849998,66.690002,78.459999
2017-06-16,99.818199,74.93,62.049999,67.43,79.589996
2017-06-19,102.273003,76.400002,63.060001,67.57,79.800003
2017-06-20,102.5,75.949997,62.549999,68.540001,79.910004
2017-06-21,102.363998,75.25,62.139999,68.309998,79.5
2017-06-22,101.726997,75.040001,61.93,67.650002,79
2017-06-23,101.363998,75.699997,61.5,67.480003,78.970001
2017-06-26,101.363998,75.949997,61.599998,69.440002,79.510002
2017-06-27,100.955002,74.480003,62.650002,67.93,77.699997
2017-06-28,100.408997,73.800003,64.330002,67.589996,77.360001
2017-06-29,98.409103,72.220001,63.970001,66.379997,74.889999
2017-06-30,98.363602,72,63.060001,65.809998,74.730003
2017-07-03,100.044998,73.099998,64.940002,66.68,75.050003
2017-07-04,99.227303,73.099998,64.68,66.410004,74.790001
2017-07-05,98.772697,73.910004,64.470001,66.43,75.339996
2017-07-06,98,74.129997,65.339996,65.43,73.449997
2017-07-07,97.636398,74.099998,65.519997,65.580002,73.889999
2017-07-10,98.136398,74.360001,65.559998,65.75,74.849998
2017-07-11,97.272697,74.440002,65.260002,64.599998,75.120003
2017-07-12,99.272697,74.639999,65.989998,65.68,77.07
2017-07-13,98.909103,75,66.919998,66.080002,77.959999
2017-07-14,99.454597,74.559998,66.300003,65.940002,77.889999
2017-07-17,99.636398,73.639999,65.860001,65.830002,77.760002
2017-07-18,98.636398,72.459999,64.760002,65.300003,77.150002
2017-07-19,99.318199,73.690002,64.839996,65.970001,78.379997
2017-07-20,98.590897,72.360001,64.290001,65.93,77.949997
2017-07-21,96.409103,71.370003,63.639999,64.650002,76.120003
2017-07-24,96.727303,71.629997,64.230003,64.050003,76.790001
2017-07-25,96.818199,72.629997,65.169998,64.349998,77.139999
2017-07-26,97.545403,74.650002,65.900002,64.400002,77.199997
2017-07-27,97.090897,72.269997,66,64.75,77.260002
2017-07-28,95.454597,72.379997,66.099998,63.650002,75.330002
2017-07-31,94.272697,70.599998,65.57,63.09,75.739998
2017-08-01,94.636398,72.029999,66.790001,63.130001,75.449997
2017-08-02,94.272697,71.010002,66.559998,63.450001,74.68
2017-08-03,94.772697,71.279999,67.220001,64.68,75.559998
2017-08-04,96.318199,73.32,68.120003,67.050003,77.050003
2017-08-07,95.818199,72.43,68.550003,67.559998,77.349998
2017-08-08,95.954597,72.110001,68.889999,67.199997,77.309998
2017-08-09,94.681801,71.489998,67.269997,66.629997,76.919998
2017-08-10,93.772697,71,66.690002,65.489998,76.610001
2017-08-11,93.5,70.75,65.690002,64.919998,75.639999
2017-08-14,94.545403,71.720001,66.690002,66.419998,76.790001
2017-08-15,94.818199,72.339996,67.190002,67.110001,76.949997
2017-08-16,95.318199,72.879997,67.239998,67.110001,77.709999
2017-08-17,94.954597,72.190002,66.199997,66.57,77.169998
2017-08-18,93.681801,71.5,65.989998,66.190002,76.57
2017-08-21,93.181801,70.839996,64.68,66.5,76.139999
2017-08-22,94.409103,71.25,65.120003,66.830002,76.650002
2017-08-23,94.272697,70.809998,64.169998,66.769997,76.099998
2017-08-24,93.772697,70.370003,64.389999,66.5,75.730003
2017-08-25,93.727303,70.860001,64.220001,66.699997,76.5
2017-08-28,93.136398,70.169998,63.950001,66.190002,76
2017-08-29,92.636398,68.720001,63.23,66.099998,75.480003
2017-08-30,93.136398,69.809998,63.16,66.199997,76.32
2017-08-31,93.227303,70.610001,63.91,66.150002,77.349998
2017-09-01,93.590897,71.300003,64.349998,65.82,78.360001
2017-09-04,93.363602,71.089996,63.880001,65.519997,78.650002
2017-09-05,93.045403,71.239998,62.68,66.120003,78.5
2017-09-06,93.636398,71.410004,62.59,66.879997,79.459999
2017-09-07,94.272697,70.43,62.52,66.809998,79.639999
2017-09-08,93.909103,70.5,62.990002,67.449997,79.040001
2017-09-11,96.090897,70.82,64.300003,68.400002,80.260002
2017-09-12,97.363602,70.669998,65.839996,68.050003,79.300003
2017-09-13,96.136398,70.949997,66.400002,67.919998,80.190002
2017-09-14,97.181801,71.080002,66.540001,68,80.269997
2017-09-15,96.272697,72,65.989998,67.220001,80.25
2017-09-18,96.681801,73.599998,66.209999,67.080002,80.489998
2017-09-19,97.636398,74,66.169998,66.610001,80.510002
2017-09-20,98.227303,74.589996,66.050003,66.43,80.400002
2017-09-21,99.363602,77.559998,66.720001,66.419998,80.529999
2017-09-22,99.772697,77.339996,67.300003,66.699997,80.18
2017-09-25,99.909103,77.839996,66.330002,66.669998,80
2017-09-26,101.363998,78.779999,66.150002,66.489998,80.139999
2017-09-27,100.773003,80.370003,67.449997,65.779999,80.5
2017-09-28,101.408997,80,67.669998,65.800003,80.760002
2017-09-29,102.591003,80.410004,68.25,66.370003,80.400002
2017-10-02,93.909103,80.599998,68.449997,66.730003,81.110001
2017-10-03,95.090897,81.639999,68.510002,66.940002,81.129997
2017-10-04,95.409103,82.139999,67.300003,68.129997,80.540001
2017-10-05,95.318199,81.800003,68.529999,68.5,80.120003
2017-10-06,94.772697,81.269997,68.400002,68.32,79.900002
2017-10-09,95.136398,79.440002,67.959999,69.110001,80.459999
2017-10-10,94.772697,78.839996,67.400002,68.830002,80.199997
2017-10-11,94.545403,77.989998,67.370003,69.099998,80.370003
2017-10-12,94.5,78.160004,66.610001,69.239998,80.660004
2017-10-13,94.909103,77.199997,66.050003,68.889999,80.589996
2017-10-16,95.090897,77.07,66.199997,69.349998,80.470001
2017-10-17,94.409103,80.790001,66.279999,70.699997,80.440002
2017-10-18,94.545403,81.139999,67.43,71.059998,80.610001
2017-10-19,94.454597,80.720001,67.32,70.5,80.900002
2017-10-20,95.409103,80.720001,68.050003,70.290001,81.080002
2017-10-23,95.954597,81.290001,67.900002,70.32,80.459999
2017-10-24,95.045403,83.25,68.080002,69.599998,80.510002
2017-10-25,97.409103,83.470001,67.480003,68.660004,80.489998
2017-10-26,98.318199,85.809998,68.32,69.639999,82.959999
2017-10-27,99.272697,86.559998,68.5,70,82.949997
2017-10-30,99.090897,84.709999,68.879997,69.459999,83.800003
2017-10-31,99.363602,87.75,67.040001,70.139999,84.050003
2017-11-01,100.455002,87.379997,65.949997,70.260002,84.199997
2017-11-02,100.726997,86.410004,66.18,69.980003,84.800003
2017-11-03,101.318001,87.169998,65.760002,70.529999,85.830002
2017-11-06,100.818001,86.620003,64.959999,70.400002,85.699997
2017-11-07,100,86.400002,64.75,69.620003,85.150002
2017-11-08,99.136398,85.459999,64.82,69.440002,85.510002
2017-11-09,97,84.07,64.620003,69.470001,85.129997
2017-11-10,96.954597,83.720001,64.760002,68.959999,84.32
2017-11-13,96,83.25,64.230003,69.230003,83.669998
2017-11-14,95.818199,83.540001,63.450001,68.790001,83.800003
2017-11-15,95.454597,85.5,63.830002,68.68,83.830002
2017-11-16,95.818199,85.489998,63.790001,69.230003,85.599998
2017-11-17,95.545403,84.879997,63.150002,68.919998,84.860001
2017-11-20,96.5,85.199997,62.849998,69.110001,85.349998
2017-11-21,97.454597,86.019997,62.779999,69.25,85.620003
2017-11-22,96.272697,85.330002,62.950001,69.489998,86.559998
2017-11-23,96.5,85.889999,62.970001,70.25,86.849998
2017-11-24,96.636398,85.800003,63.639999,70.790001,86.650002
2017-11-27,95.681801,85.690002,63.16,70.489998,86.150002
2017-11-28,95.818199,86.830002,63.439999,71.379997,86.93
2017-11-29,95.818199,87.290001,64.290001,71.43,86.900002
2017-11-30,95.590897,87.290001,63.580002,70.919998,85.839996
2017-12-01,93.818199,85.309998,62.849998,69.790001,84.919998
2017-12-04,96.181801,87.870003,64.059998,69.620003,86.510002
2017-12-05,96.954597,88.57,63.509998,70.120003,87.099998
2017-12-06,97.727303,88.860001,62.860001,70.809998,87.970001
2017-12-07,97.590897,88.019997,63.139999,70.830002,88.209999
2017-12-08,98.045403,87.769997,65.040001,70.940002,87.760002
2017-12-11,97.590897,85.93,64.459999,70.830002,86.449997
2017-12-12,98.272697,87.230003,64.830002,71.540001,86.949997
2017-12-13,98.090897,86.25,64.360001,71.110001,86.230003
2017-12-14,97.318199,85.339996,63.490002,70.730003,86.449997
2017-12-15,98.545403,85.25,62.919998,71.199997,87.029999
2017-12-18,98.818199,86.529999,63.360001,71.82,87.839996
2017-12-19,98,85.669998,63.060001,70.919998,87.209999
2017-12-20,97.181801,84.800003,62.830002,70.169998,86.239998
2017-12-21,97.272697,84.919998,63.290001,70.610001,86.239998
2017-12-22,96.863602,84.550003,62.950001,70.599998,85.93
2017-12-27,97,85.239998,62.720001,70.75,85.75
2017-12-28,96.227303,83.900002,62.599998,70.139999,85.620003
2017-12-29,95.5,83,62.25,69.949997,85.150002
2018-01-02,95,82.75,62.09,68.970001,84.919998
2018-01-03,95.727303,84.120003,62.639999,69.43,84.559998
2018-01-04,97.909103,85.82,63.77,70.459999,86.68
2018-01-05,98.727303,85.599998,63.889999,71.75,88.239998
2018-01-08,99.818199,86.620003,64.5,71.269997,88.400002
2018-01-09,99.909103,86.879997,65.43,71.169998,88.559998
2018-01-10,98.681801,90.269997,66.43,69.040001,87.580002
2018-01-11,97.363602,90.019997,67,69.440002,85.32
2018-01-12,98,90.400002,67.459999,69.589996,85.199997
2018-01-15,98.272697,90,67.529999,69.169998,84.580002
2018-01-16,98.545403,89.970001,67.010002,68.75,87.540001
2018-01-17,99,89.739998,66.379997,69.120003,87.419998
2018-01-18,99.818199,90.400002,66.629997,69.419998,87.400002
2018-01-19,99.090897,92.790001,66.949997,70.389999,87.760002
2018-01-22,99.272697,93.25,67.550003,70.589996,88
2018-01-23,98.727303,92.099998,67.580002,71,87.660004
2018-01-24,97.772697,90.5,67.18,70.220001,86.959999
2018-01-25,98.681801,88,68,69.5,87.199997
2018-01-26,98.954597,89.559998,68.279999,69.860001,88.080002
2018-01-29,99.181801,90.419998,68.349998,69.160004,87.559998
2018-01-30,98.318199,89.800003,67.230003,68.970001,86.739998
2018-01-31,98.681801,92.5,66.599998,69.459999,87
2018-02-01,97.227303,91.169998,66.629997,69.339996,86.099998
2018-02-02,94.954597,87.970001,66,68.5,84.879997
2018-02-05,93.818199,86.599998,65.379997,67.239998,83.419998
2018-02-06,92.045403,85.010002,63.25,65.629997,82.760002
2018-02-07,93.590897,88.400002,64.550003,67.160004,83.620003
2018-02-08,90.763603,85.510002,64.419998,65.120003,80.580002
2018-02-09,89.0364,83.540001,63.200001,63.790001,77.879997
2018-02-12,89.800003,82.519997,63.369999,64.360001,79.919998
2018-02-13,89.090897,83.150002,63,63.880001,79.940002
2018-02-14,89.636398,84.169998,63.580002,64.260002,81.120003
2018-02-15,91.818199,92.82,63.900002,64.120003,82
2018-02-16,92.727303,95.529999,64.650002,65.489998,83.019997
2018-02-19,92.545403,94.889999,64.610001,64.470001,82.199997
2018-02-20,92.818199,96.989998,65.080002,64.510002,82.779999
2018-02-21,92.727303,97.660004,64.949997,64.709999,82.900002
2018-02-22,93.590897,97.699997,65.099998,65.290001,82.540001
2018-02-23,93.5,98.300003,64.889999,65.82,82.900002
2018-02-26,93.863602,98.940002,64.870003,67.309998,82.639999
2018-02-27,93.954597,98.709999,65.519997,66.599998,82.68
2018-02-28,93.772697,98.339996,65.370003,65.75,81.32
2018-03-01,92.409103,97.099998,64.709999,65.239998,79.980003
2018-03-02,90.563599,93.949997,62.880001,63.77,78.860001
2018-03-05,91.590897,95.75,62.060001,64.860001,80
2018-03-06,91.136398,96.120003,62.439999,64.580002,79.639999
2018-03-07,92.272697,95.720001,62.490002,65.230003,79.919998
2018-03-08,94,97.089996,62.950001,66.57,81.139999
2018-03-09,93.909103,98.330002,62.93,67.5,81.199997
2018-03-12,93.363602,95.870003,62.880001,67.739998,81.040001
2018-03-13,92.363602,95.660004,62.580002,67.139999,80.620003
2018-03-14,91.818199,95.25,61.630001,66.800003,80.919998
2018-03-15,92.454597,96.839996,61.810001,67.360001,81.360001
2018-03-16,92.409103,96,62.450001,67.279999,82.080002
2018-03-19,91.136398,94.43,61.73,66.239998,80.639999
2018-03-20,91.545403,96.43,61.599998,66.68,80.82
2018-03-21,91.363602,95.510002,61.23,65.739998,80.360001
2018-03-22,90.563599,94.629997,60.110001,65.050003,79.260002
2018-03-23,90.218201,92.919998,59.240002,64.160004,78.480003
2018-03-26,89.363602,92.879997,58.880001,63.959999,78.139999
2018-03-27,90.454597,95.099998,59.529999,64.050003,79.980003
2018-03-28,90.781799,93.980003,60.02,65.360001,79.959999
2018-03-29,90.436401,93.800003,60.169998,65.730003,79.900002
2018-04-03,89.8909,93.599998,59.689999,64.769997,78.980003
2018-04-04,89.599998,92.809998,59.439999,64.610001,78.32
2018-04-05,92.818199,94.870003,61.099998,65.980003,80.699997
2018-04-06,92.045403,94.400002,60.57,65.459999,80.220001
2018-04-09,92.272697,94.400002,60.860001,65.580002,80.779999
2018-04-10,91.954597,95.419998,61.310001,64.989998,81.099998
2018-04-11,91,92.43,60.919998,64.800003,80.5
2018-04-12,91.818199,92.959999,61.23,64.910004,80.620003
2018-04-13,92.045403,91.5,61.450001,65.260002,82.620003
2018-04-16,91.818199,90.379997,61.540001,65.290001,82.720001
2018-04-17,93.409103,93.080002,61.93,66.059998,82.959999
2018-04-18,93.636398,94.599998,62.240002,67.080002,83.32
2018-04-19,94.227303,94.239998,62.59,66.459999,83.739998
2018-04-20,95.181801,94.169998,63.209999,66.379997,84.5
2018-04-23,95.454597,96.160004,63.900002,65.919998,84.620003
2018-04-24,96.363602,96.709999,64,65.919998,83.559998
2018-04-25,95.454597,94.970001,63.5,66.209999,82.5
2018-04-26,96.227303,95.5,63.240002,66.870003,82.980003
2018-04-27,97.545403,96.93,63.57,67,82.760002
2018-04-30,98.227303,97.400002,63.98,67.089996,83.099998
2018-05-02,98.454597,98.07,64.349998,66.639999,84.339996
2018-05-03,98.136398,98.059998,63.400002,66.779999,83.980003
2018-05-04,98.772697,98.690002,62.669998,65.080002,84.699997
2018-05-07,98.636398,100.419998,62.369999,65.190002,85.099998
2018-05-08,98.636398,100.239998,61.959999,65.370003,84.760002
2018-05-09,98.363602,99.160004,62.650002,64.720001,85.160004
2018-05-10,98.727303,99.629997,62.75,65.220001,85.580002
2018-05-11,98.272697,99.449997,62.77,64.730003,85.540001
2018-05-14,98.090897,97.080002,62.880001,64.779999,85.779999
2018-05-15,98.454597,96.25,63.189999,64.860001,85.120003
2018-05-16,100.273003,96.389999,62.27,64.610001,85.400002
2018-05-17,101.773003,97.980003,62.18,65.199997,85.699997
2018-05-18,101.818001,97.839996,61.580002,64.879997,86.940002
2018-05-21,102.544998,100.82,61.630001,65.910004,86.919998
2018-05-22,102.544998,100.660004,62.700001,65.629997,87.260002
2018-05-23,101.363998,98.959999,61.790001,65.589996,85.839996
2018-05-24,100.908997,98.349998,61.240002,66.400002,85.699997
2018-05-25,101.273003,98.209999,60.540001,67.190002,85.699997
2018-05-28,97.409103,97.199997,59.889999,67.480003,85.720001
2018-05-29,96.727303,97.32,57.220001,66.839996,84.059998
2018-05-30,97.136398,96.730003,54.240002,66.739998,84.099998
2018-05-31,95.818199,97.309998,53.060001,65.389999,83.720001
2018-06-01,98.090897,99.389999,53.889999,65.940002,84.980003
2018-06-04,98.090897,99.559998,54.09,65.18,85.339996
2018-06-05,98.727303,98.980003,53.119999,64.769997,84.919998
2018-06-06,99.727303,100,53.689999,63.860001,84.959999
2018-06-07,99.545403,99.650002,54.110001,63.709999,84.620003
2018-06-08,99.545403,100.900002,53.700001,64.309998,84.32
2018-06-11,100.726997,100.900002,54.68,64.910004,84.459999
2018-06-12,100.091003,100.480003,54.66,65.43,84.080002
2018-06-13,100.455002,100.18,54.509998,65.43,84
2018-06-14,101.908997,104.559998,54.84,64.989998,85.800003
2018-06-15,100.591003,103.599998,54.139999,64.910004,85.040001
2018-06-18,99.909103,101.900002,53.950001,64.190002,83.980003
2018-06-19,98.318199,100.339996,53.75,63.959999,84.5
2018-06-20,98.181801,99.879997,53.700001,63.77,83.959999
2018-06-21,97.772697,98.589996,53.200001,63.66,82.480003
2018-06-22,98.954597,100.639999,53.919998,64.75,83.220001
2018-06-25,97,96.860001,52.869999,63.34,82.160004
2018-06-26,96.363602,96.480003,52.740002,63.049999,82.599998
2018-06-27,96.863602,99.099998,52.849998,63.259998,82.559998
2018-06-28,96.272697,98.120003,52.709999,63.02,81.720001
2018-06-29,97.909103,100.260002,53.189999,62.869999,82.360001
2018-07-02,97.227303,97.709999,52.939999,63.650002,81.419998
2018-07-03,97.636398,97.760002,53.189999,64.099998,83
2018-07-04,96.727303,98,53.209999,64.830002,83.419998
2018-07-05,98.318199,97.739998,54.139999,65.550003,84.5
2018-07-06,99.318199,98.5,53.860001,65.760002,84.760002
2018-07-09,99.454597,99.400002,53.91,64.440002,85.239998
2018-07-10,100.5,103.339996,53.41,64.440002,85.800003
2018-07-11,99.045403,103.139999,52.59,63.630001,85.279999
2018-07-12,99.681801,105.139999,52.400002,64.790001,86.220001
2018-07-13,99.590897,107.400002,52.380001,65.18,85.660004
2018-07-16,99.045403,106.940002,52.529999,65.199997,86.099998
2018-07-17,99.590897,107.660004,52.139999,65.080002,86.239998
2018-07-18,100.773003,107.199997,52.07,65.580002,85.5
2018-07-19,99.727303,107.080002,51.82,65.82,84.580002
2018-07-20,98.772697,105.760002,51.700001,66.339996,84.339996
2018-07-23,98.181801,105.419998,52.119999,65.839996,84.099998
2018-07-24,99.090897,105.980003,53.529999,65.550003,84.900002
2018-07-25,99.409103,104.900002,53.169998,65.300003,84.059998
2018-07-26,100.636002,109.620003,53.84,65.639999,84.540001
2018-07-27,101.363998,109.199997,54.799999,67.589996,87.360001
2018-07-30,98.818199,107.080002,55.099998,67.190002,86.120003
2018-07-31,99.545403,106,55.669998,67.209999,86
2018-08-01,99.772697,106.599998,55.41,67.279999,84.540001
2018-08-02,99.090897,106.480003,54.619999,68.139999,83.519997
2018-08-03,98.318199,107.760002,54.419998,68.199997,84.440002
2018-08-06,98.227303,107.82,54.029999,68.029999,84.120003
2018-08-07,99.454597,109,54.540001,68.139999,84.860001
2018-08-08,98.681801,107.900002,54.400002,68.580002,84.620003
2018-08-09,98.5,108.660004,54.18,68.220001,84.5
2018-08-10,96.727303,107.519997,52.560001,67.519997,83.160004
2018-08-13,97.045403,108.099998,52.009998,67.599998,83.120003
2018-08-14,97.136398,108,51.860001,68.050003,83.18
2018-08-15,95.727303,105.220001,51.400002,66.970001,81.440002
2018-08-16,96.5,107.559998,51.400002,67.669998,81.220001
2018-08-17,96.227303,107.720001,50.990002,67.690002,81.919998
2018-08-20,96.954597,107.879997,51.18,68.040001,82
2018-08-21,97.363602,107.459999,51.779999,68.449997,83
2018-08-22,97.863602,107.32,52.07,68.300003,83.239998
2018-08-23,98.090897,107.739998,52,68.349998,83.239998
2018-08-24,97.863602,107.5,51.970001,68.400002,83.099998
2018-08-27,99.272697,108,52.459999,68.839996,83.599998
2018-08-28,99.181801,108.959999,51.990002,68.889999,83.099998
2018-08-29,99.772697,110.059998,52,69.050003,83.599998
2018-08-30,100,108.980003,51.299999,68.5,83.660004
2018-08-31,98.636398,106.260002,50.610001,67.82,82.559998
2018-09-03,99,107.5,50.66,67.870003,82.120003
2018-09-04,96.863602,105.160004,50.880001,66.620003,81.099998
2018-09-05,96,103,51.110001,65.449997,79.459999
2018-09-06,95.545403,104.279999,50.990002,65.419998,80.400002
2018-09-07,96.136398,104.839996,50.450001,65.190002,80.239998
2018-09-10,96,104.800003,50.610001,65.279999,80.900002
2018-09-11,96,106.760002,50.630001,64.830002,80.959999
2018-09-12,96.136398,106.699997,50.599998,64.830002,80.760002
2018-09-13,96.227303,105.639999,51.290001,65.290001,80.5
2018-09-14,96.863602,106.199997,51.540001,65.400002,80.720001
2018-09-17,97.181801,106.300003,51.830002,64.790001,80.580002
2018-09-18,97,104.940002,51.889999,64.879997,81.800003
2018-09-19,98.136398,106.360001,52.959999,64.32,80.82
2018-09-20,98.818199,106.459999,54.310001,65.989998,81.860001
2018-09-21,100.273003,106.800003,54.529999,66.75,83
2018-09-24,100.136002,105.980003,54.580002,65.779999,81.559998
2018-09-25,99.909103,105.080002,54.68,66.25,82.160004
2018-09-26,102.181999,108.480003,54.630001,66.919998,82.199997
2018-09-27,103.181999,108.900002,54.470001,67.129997,82.400002
2018-09-28,103,108.18,52.709999,66.699997,82.019997
2018-10-01,103.318001,107.400002,51.990002,68.110001,82
2018-10-02,103.818001,105.68,51.98,67.629997,81.239998
2018-10-03,104.681999,107.059998,52.139999,67.720001,81.5
2018-10-04,102.818001,105.260002,52.299999,66.25,80.959999
2018-10-05,101.636002,104,51.849998,65.480003,80.839996
2018-10-08,101.5,103.620003,51.150002,65.449997,80.199997
2018-10-09,102.273003,102.5,51.23,65.639999,79.540001
2018-10-10,99,98.989998,51.470001,65.330002,78.900002
2018-10-11,96.863602,97.330002,50.189999,63.93,77.559998
2018-10-12,95.545403,100.260002,49.915001,63.869999,77.040001
2018-10-15,95.727303,97.809998,49.5,64.379997,77.139999
2018-10-16,97.636398,101.720001,49.720001,65.040001,78.720001
2018-10-17,97,100.860001,49.599998,62.220001,78.440002
2018-10-18,96.590897,99.309998,49.224998,62.82,78.040001
2018-10-19,96.090897,97.949997,48.724998,63.799999,77.639999
2018-10-22,96.545403,96.309998,48.305,63.139999,76.720001
2018-10-23,95.409103,94.139999,47.560001,62.869999,74.459999
2018-10-24,95.727303,95.309998,46.459999,63.110001,77.220001
2018-10-25,97.909103,97.940002,47.154999,63.34,78.339996
2018-10-26,96.954597,96.150002,46.880001,62.599998,77.440002
2018-10-29,96.045403,95.830002,47.474998,61.740002,77.879997
2018-10-30,95.681801,93.900002,46.145,62.279999,78.540001
2018-10-31,97.272697,97.709999,46.130001,62.580002,78.879997
2018-11-01,96.318199,96.5,46.255001,62.779999,78.68
2018-11-02,96.136398,95.610001,46.605,62.939999,77.940002
2018-11-05,96.863602,95.379997,46.470001,63.330002,78.339996
2018-11-06,95.772697,95.849998,46.43,62.919998,77.440002
2018-11-07,97.363602,96.089996,46.744999,63.02,79.32
2018-11-08,97.409103,95.650002,46.799999,63.349998,78.559998
2018-11-09,96.954597,94.68,46.365002,65.610001,78.839996
2018-11-12,97.136398,94.389999,45.595001,65.980003,78.019997
2018-11-13,97.454597,96.419998,46.224998,66.529999,78.199997
2018-11-14,96.227303,95.529999,46.044998,65.260002,78.220001
2018-11-15,96.818199,93.860001,45.494999,65.199997,77.379997
2018-11-16,95.863602,92.889999,45.195,65.099998,77.099998
2018-11-19,95.409103,92.57,45.285,64.709999,76.800003
2018-11-20,93.5,91.07,44.305,64.980003,76.379997
2018-11-21,94.227303,93.169998,44.790001,65.419998,77.019997
2018-11-22,93.318199,92.330002,44.285,65.279999,76.620003
2018-11-23,93.863602,93.410004,44.360001,65.870003,76.860001
2018-11-26,95.863602,93.580002,45.34,65.82,78.540001
2018-11-27,94.863602,93.699997,45.084999,66.410004,78.160004
2018-11-28,94.363602,93.5,44.755001,65.419998,77.959999
2018-11-29,94.681801,94.860001,44.775002,65.540001,77.580002
2018-11-30,97.045403,94.620003,44.375,66.059998,77.099998
2018-12-03,97.272697,95.699997,44.845001,65.419998,75.400002
2018-12-04,97.454597,94.269997,43.860001,65.529999,76.660004
2018-12-05,96.454597,92.309998,43.419998,64.589996,74.660004
2018-12-06,94.636398,88.639999,41.785,63.43,70.980003
2018-12-07,95.863602,89.07,41.595001,63.799999,72.68
2018-12-10,95.772697,87.489998,40.400002,62.970001,71.660004
2018-12-11,96.454597,88.599998,40.68,62.810001,73.699997
2018-12-12,97.545403,91.480003,41.904999,64.129997,74.779999
2018-12-13,97.636398,89.970001,42.189999,64.32,74.5
2018-12-14,97.454597,88.669998,41.595001,64.080002,73.519997
2018-12-17,96.681801,87.650002,40.580002,63.23,72.360001
2018-12-18,95.681801,88.650002,40.555,62.689999,71.339996
2018-12-19,97.863602,87.199997,40.880001,62.82,71.599998
2018-12-20,97.090897,83.330002,39.400002,62.259998,71.419998
2018-12-21,97.818199,83.099998,39.5,62.23,71.419998
2018-12-24,97.090897,81.629997,38.790001,61.619999,70.5
2018-12-27,95.318199,82.099998,38.544998,60.279999,70.639999
2018-12-28,96.590897,83.760002,39.375,60.669998,71.959999
