date,AIR.PA.Open,AIR.PA.High,AIR.PA.Low,AIR.PA.Close,AIR.PA.Volume,AIR.PA.Adjusted
28/12/2012,29.775,29.83,29.35,29.395,836695,26.040861
02/01/2013,30,30.33,29.879999,30.065001,1526764,26.634413
03/01/2013,30,30.225,29.9,30.200001,802652,26.754005
04/01/2013,30.254999,30.85,30.1,30.799999,1547823,27.285543
07/01/2013,30.85,31.01,30.735001,30.75,1370626,27.241249
08/01/2013,30.91,31.184999,30.795,30.924999,1911342,27.39628
09/01/2013,31,32.174999,30.965,32.125,3593140,28.459354
10/01/2013,32.169998,32.794998,31.865,32.040001,2723918,28.384052
11/01/2013,32.044998,32.630001,31.995001,32.294998,1641004,28.609955
14/01/2013,32.325001,32.395,31.99,32.150002,1102963,28.481504
15/01/2013,31.950001,32.439999,31.91,32.145,1452018,28.477074
16/01/2013,32,32.584999,31.934999,32.435001,2511592,28.733982
17/01/2013,32.400002,33.91,32.400002,33.700001,4084908,29.854637
18/01/2013,33.990002,34.785,33.82,34.599998,5299720,30.651939
21/01/2013,34.75,34.869999,33.939999,34.310001,2416236,30.395029
22/01/2013,34.400002,35.134998,34.314999,35,3005038,31.006296
23/01/2013,34.900002,34.974998,34.334999,34.755001,2057351,30.789255
24/01/2013,34.720001,34.849998,34.314999,34.685001,1724079,30.727243
25/01/2013,34.744999,34.860001,34.415001,34.785,1704842,30.815836
28/01/2013,34.654999,35.974998,34.544998,35.735001,3566623,31.657434
29/01/2013,35.75,35.794998,35.23,35.299999,1910214,31.272066
30/01/2013,35.299999,35.400002,33.509998,34.389999,3019976,30.465902
31/01/2013,34.25,34.98,34.130001,34.605,1742410,30.656374
01/02/2013,34.470001,35.529999,34.424999,35.189999,2579467,31.174614
04/02/2013,35.02,35.189999,34.334999,34.82,1943529,30.846834
05/02/2013,34.939999,35.23,34.599998,34.935001,1378391,30.948715
06/02/2013,34.939999,35.514999,34.735001,34.825001,1772348,30.851269
07/02/2013,34.735001,35.445,34.720001,35.305,1642660,31.276499
08/02/2013,35.299999,35.419998,34.865002,35.044998,1066617,31.046164
11/02/2013,34.549999,34.895,34.330002,34.764999,1292085,30.798115
12/02/2013,34.849998,34.994999,34.580002,34.970001,1232483,30.979725
13/02/2013,34.994999,35.244999,34.720001,35.174999,1091348,31.161333
14/02/2013,35.18,35.305,34.884998,34.884998,1219593,30.904419
15/02/2013,34.380001,35.105,34.349998,34.895,1513167,30.913282
18/02/2013,34.785,35.259998,34.689999,35.200001,1022608,31.183479
19/02/2013,35.105,35.779999,34.950001,35.759998,1539428,31.679579
20/02/2013,35.75,36.799999,35.299999,36.25,2201378,32.113667
21/02/2013,35.810001,35.985001,35.119999,35.299999,1539162,31.272066
22/02/2013,35.5,35.889999,34.5,35.889999,1835389,31.794744
25/02/2013,36,36.185001,35.43,35.540001,1311746,31.484686
26/02/2013,34.66,35.259998,34.330002,34.865002,1866903,30.886707
27/02/2013,36.400002,37.735001,36.055,37.139999,7553622,32.902115
28/02/2013,38,39.25,37.52,39.18,7888501,34.709339
01/03/2013,39.240002,39.985001,38.435001,38.950001,2734471,34.505585
04/03/2013,38.900002,40,38.705002,39.900002,2724613,35.347179
05/03/2013,40,40.049999,39.200001,39.400002,2347769,34.90424
06/03/2013,39.165001,39.950001,39.16,39.435001,2007919,34.935242
07/03/2013,39.5,40.290001,39.465,39.990002,2442476,35.426914
08/03/2013,39.799999,40.290001,39.709999,40,2199118,35.435768
11/03/2013,39.889999,40.849998,39.525002,40.52,1930375,35.896435
12/03/2013,40.224998,41.375,40.220001,41.115002,1910965,36.423542
13/03/2013,40.529999,41.985001,40.419998,41.799999,2620488,37.030384
14/03/2013,41.919998,42.18,41.650002,41.945,2633767,37.158836
15/03/2013,41.849998,42.584999,40.82,42.584999,26899993,37.725807
18/03/2013,41.900002,42.52,41.555,42.049999,5375988,37.251854
19/03/2013,42.049999,42.115002,41.439999,41.689999,2396216,36.932934
20/03/2013,41.669998,41.889999,40.52,41.355,2799679,36.636154
21/03/2013,41.134998,41.240002,40.404999,40.639999,2222872,36.002743
22/03/2013,40.450001,41.810001,39.880001,41.349998,2224734,36.631725
25/03/2013,41.869999,42.294998,41.259998,41.455002,2238240,36.724747
26/03/2013,41.650002,42.099998,40.880001,40.924999,1996213,36.255222
27/03/2013,40.5,40.84,39.48,39.665001,3348435,35.138996
28/03/2013,39.73,39.860001,38.505001,39.700001,3368033,35.170002
02/04/2013,39.93,41.23,39.900002,41.115002,2830362,36.423542
03/04/2013,41.055,41.290001,40.334999,40.334999,2481741,35.732548
04/04/2013,40,40.395,39.139999,39.25,3950693,34.771351
05/04/2013,39.014999,39.279999,37.845001,38.279999,3755064,33.912037
08/04/2013,38.279999,39.404999,38.240002,38.709999,2451022,34.292969
09/04/2013,37,38.189999,36.919998,37.599998,10143905,33.309624
10/04/2013,37.799999,38.474998,37.619999,38.474998,3341475,34.084778
11/04/2013,38.279999,38.580002,38.154999,38.380001,2367993,34.000618
12/04/2013,38.255001,38.384998,37.18,37.654999,2510289,33.358345
15/04/2013,37.52,37.740002,37.25,37.505001,1813612,33.225464
16/04/2013,37.165001,37.889999,37.044998,37.195,2100546,32.95084
17/04/2013,38.5,39.299999,38.419998,39,13448819,34.549877
18/04/2013,39,39.09,38.580002,38.794998,4213754,34.368263
19/04/2013,39.200001,39.93,38.849998,39.93,4721286,35.37376
22/04/2013,40.5,40.59,39.200001,39.395,3274549,34.899811
23/04/2013,39.630001,40.75,39.52,40.615002,4458794,35.980595
24/04/2013,40.825001,41.02,40.115002,40.91,2780375,36.241936
25/04/2013,41.055,41.25,40.369999,40.650002,2138015,36.011608
26/04/2013,39.900002,40.110001,39.650002,40,5110324,35.435768
29/04/2013,40,40.369999,39.799999,39.865002,2825732,35.316177
30/04/2013,40.195,40.294998,39.669998,40.105,2391942,35.528786
02/05/2013,40,40.674999,39.805,40.355,2341439,35.750263
03/05/2013,40.419998,40.955002,40.165001,40.849998,2001860,36.188778
06/05/2013,40.68,40.945,40.514999,40.724998,733349,36.078041
07/05/2013,40.490002,41.154999,40.470001,40.724998,1897659,36.078041
08/05/2013,40.669998,41.485001,40.669998,41.25,2001279,36.543137
09/05/2013,41.389999,41.584999,41.049999,41.334999,1391174,36.618443
10/05/2013,41.605,41.865002,41.23,41.509998,2277938,36.773472
13/05/2013,41.674999,41.895,40.849998,41.200001,2600409,36.498848
14/05/2013,41.799999,42.549999,41.584999,42.439999,4563592,37.597355
15/05/2013,42.904999,43.349998,42.785,43.115002,2875866,38.195335
16/05/2013,42.939999,43.494999,42.830002,43.299999,2513485,38.359222
17/05/2013,43.294998,43.369999,42.900002,43.299999,3449904,38.359222
20/05/2013,43.299999,43.334999,42.625,43.165001,1394240,38.239628
21/05/2013,43.165001,43.299999,42.685001,43.075001,2153559,38.159893
22/05/2013,43.189999,43.349998,42.759998,43.099998,1737715,38.182045
23/05/2013,42.509998,42.82,41.805,42.02,2755654,37.225281
24/05/2013,42.445,42.59,42.105,42.525002,1384365,37.672657
27/05/2013,42.785,42.855,42.395,42.595001,876325,37.734669
28/05/2013,42.939999,43.799999,42.689999,43.799999,2706716,38.80217
29/05/2013,43.689999,44.674999,43.150002,44.200001,4228263,39.156525
30/05/2013,43.994999,44.799999,43.900002,44.244999,2039093,39.196396
31/05/2013,43.990002,44.450001,42.869999,44.450001,10733430,39.919338
03/06/2013,44.049999,44.224998,43.384998,43.384998,2430425,38.962887
04/06/2013,44.345001,44.360001,43.139999,43.325001,1547071,38.909008
05/06/2013,43.200001,43.34,42.435001,42.445,1896826,38.118698
06/06/2013,42.445,42.68,41.919998,41.919998,1737282,37.647209
07/06/2013,41.775002,43.689999,41.775002,43.424999,2726368,38.998814
10/06/2013,43.415001,43.810001,42.880001,43.009998,1712629,38.626114
11/06/2013,42.98,42.994999,41.970001,42.334999,2329885,38.019917
12/06/2013,42.57,43.490002,42.57,42.994999,2271884,38.612644
13/06/2013,42.285,43.150002,42.084999,43.005001,2080705,38.621624
14/06/2013,43.485001,43.5,42.5,42.84,2010989,38.473446
17/06/2013,43.099998,43.900002,42.865002,43,2312405,38.617138
18/06/2013,43.244999,43.605,42.919998,43.150002,2001250,38.75185
19/06/2013,43.150002,43.150002,42.130001,42.305,3200605,37.992973
20/06/2013,41.5,41.830002,41.09,41.264999,3941456,37.058975
21/06/2013,41.884998,41.889999,40.75,40.75,7470931,36.59647
24/06/2013,40.560001,40.950001,39.465,39.610001,3744579,35.572666
25/06/2013,40,40.790001,39.799999,40.744999,2472854,36.59198
26/06/2013,40.68,41.494999,40.200001,41.369999,2844191,37.153275
27/06/2013,41.384998,41.794998,41.23,41.560001,2379185,37.32391
28/06/2013,41.794998,42.275002,41.064999,41.064999,3061937,36.879364
01/07/2013,41.435001,42.09,41.209999,41.209999,3082547,37.009583
02/07/2013,41.5,41.5,40.740002,40.790001,1876329,36.632397
03/07/2013,40.5,40.665001,39.889999,40.235001,2436894,36.133965
04/07/2013,40.514999,41.700001,40.18,41.700001,2697682,37.449642
05/07/2013,41.715,41.849998,41.035,41.200001,1684359,37.000607
08/07/2013,41.615002,42.040001,41.57,41.66,2096223,37.413712
09/07/2013,42,42,41.549999,41.724998,1540284,37.472088
10/07/2013,41.700001,41.889999,41.119999,41.509998,1634191,37.279003
11/07/2013,41.994999,42.18,41.130001,41.360001,2152178,37.144295
12/07/2013,41.575001,41.799999,40.884998,41.27,1853044,37.063465
15/07/2013,41.470001,41.945,41.419998,41.84,1646518,37.575371
16/07/2013,41.84,41.939999,41.285,41.625,1735639,37.382282
17/07/2013,41.974998,42.185001,41.18,41.66,2747420,37.413712
18/07/2013,41.764999,42.259998,41.605,42.215,2388882,37.912148
19/07/2013,42.290001,42.709999,42.134998,42.639999,2836970,38.293827
22/07/2013,42.77,42.77,42.305,42.57,1081362,38.230961
23/07/2013,42.630001,42.735001,42.23,42.23,1485092,37.925621
24/07/2013,42.209999,42.494999,41.950001,42.32,2450219,38.006447
25/07/2013,42.435001,43.485001,42.369999,43.450001,2870016,39.021263
26/07/2013,43.990002,44.470001,43.599998,44.169998,3025523,39.667877
29/07/2013,44.264999,44.445,44.18,44.345001,3242432,39.825047
30/07/2013,44.450001,44.73,44.145,44.27,2328383,39.757687
31/07/2013,45.490002,45.75,44.259998,44.884998,4996391,40.310001
01/08/2013,45.5,45.709999,45.049999,45.275002,2567179,40.660252
02/08/2013,45.509998,45.509998,44.735001,45.055,2261250,40.462673
05/08/2013,45.220001,45.224998,44.790001,44.790001,2058881,40.224689
06/08/2013,44.900002,45.465,44.799999,45.404999,2804882,40.777
07/08/2013,45.505001,45.740002,45.130001,45.619999,2214203,40.970085
08/08/2013,45.75,45.919998,45.384998,45.830002,1489360,41.15868
09/08/2013,46,46.035,45.334999,45.955002,1557013,41.270939
12/08/2013,46.049999,46.099998,44.915001,44.939999,1684855,40.359394
13/08/2013,45,45.255001,44.424999,44.544998,1780375,40.004654
14/08/2013,44.900002,45.419998,44.68,45.049999,2131129,40.458183
15/08/2013,45.049999,45.5,44.700001,45.110001,1939857,40.51207
16/08/2013,45.299999,45.380001,44.650002,45.205002,2234531,40.597389
19/08/2013,45.389999,45.395,44.785,44.880001,1224341,40.305511
20/08/2013,44.794998,44.869999,43.700001,43.939999,1997454,39.461323
21/08/2013,44.18,44.259998,43.465,43.465,1385074,39.03474
22/08/2013,43.634998,44.174999,43.544998,43.994999,2017260,39.510715
23/08/2013,44.145,44.564999,43.790001,44.450001,989546,39.919338
26/08/2013,44.625,44.650002,43.974998,44.505001,597311,39.968731
27/08/2013,44.395,44.400002,43.615002,43.775002,2862768,39.313141
28/08/2013,43.505001,43.580002,42.305,42.689999,2907332,38.338734
29/08/2013,43.009998,43.525002,42.814999,43.404999,1784353,38.980854
30/08/2013,43.764999,43.889999,43.5,43.605,2273019,39.160469
02/09/2013,44.060001,44.75,43.950001,44.650002,1739667,40.098957
03/09/2013,44.794998,44.794998,43.900002,44.310001,1532516,39.793606
04/09/2013,44.290001,44.785,43.779999,44.625,1691057,40.076508
05/09/2013,44.619999,45.115002,44.610001,45.09,1387417,40.494106
06/09/2013,44.875,45.400002,44.685001,45.389999,1589466,40.763527
09/09/2013,45.110001,45.48,45.02,45.48,1099409,40.844357
10/09/2013,45.779999,46.639999,45.599998,46.345001,2387247,41.621193
11/09/2013,46.255001,46.724998,45.950001,46.005001,2234328,41.315842
12/09/2013,46.07,46.165001,45.040001,45.25,2411128,40.637802
13/09/2013,45.299999,45.299999,44.610001,44.805,1764052,40.238155
16/09/2013,45.400002,45.549999,44.919998,45.080002,1762082,40.485126
17/09/2013,45.099998,45.395,44.855,45.099998,1442157,40.503086
18/09/2013,45.345001,46.445,45.299999,46.445,1980234,41.710995
19/09/2013,47.439999,47.450001,46.900002,47.25,3242998,42.433945
20/09/2013,47.355,47.700001,46.965,46.965,6332698,42.177994
23/09/2013,47.154999,47.384998,45.900002,46.005001,2183106,41.315842
24/09/2013,46.044998,46.334999,45.919998,46.099998,2005559,41.401161
25/09/2013,46.384998,46.665001,46.025002,46.610001,2312883,41.859173
26/09/2013,46.990002,47.25,46.810001,47.02,1978781,42.22739
27/09/2013,47.224998,47.735001,47.044998,47.450001,1876019,42.61356
30/09/2013,47.099998,47.305,46.650002,47.095001,1766626,42.294743
01/10/2013,47.59,48.365002,47.529999,48.334999,2276455,43.408356
02/10/2013,48.099998,48.849998,47.884998,48.575001,2122793,43.62389
03/10/2013,48.705002,49.055,48.525002,48.59,1819598,43.637367
04/10/2013,48.459999,49.349998,47.955002,49.209999,1796721,44.194168
07/10/2013,49.485001,50.419998,49.200001,50.299999,3140692,45.173065
08/10/2013,50.400002,50.580002,48.915001,48.994999,2631239,44.00108
09/10/2013,48.939999,48.950001,47.775002,47.935001,2482727,43.049118
10/10/2013,48.490002,48.669998,47.945,48.299999,2764975,43.376919
11/10/2013,48.740002,48.869999,48.299999,48.77,1954816,43.799015
14/10/2013,48.720001,48.93,48.334999,48.919998,1217599,43.933727
15/10/2013,49.264999,49.264999,48.43,48.540001,1848129,43.592461
16/10/2013,48.560001,48.634998,47.994999,48.314999,1518694,43.390388
17/10/2013,48.419998,48.619999,47.939999,48.465,1914856,43.525101
18/10/2013,48.994999,49.115002,48.599998,48.959999,2052359,43.96965
21/10/2013,49,49.139999,47.939999,48.025002,1830926,43.129951
22/10/2013,48.299999,48.540001,47.595001,47.689999,2162216,42.82909
23/10/2013,47.584999,47.735001,47.009998,47.299999,2534202,42.478848
24/10/2013,47.68,48.400002,47.395,48.400002,2066874,43.466732
25/10/2013,48.349998,49.040001,48.009998,49.040001,1784910,44.041492
28/10/2013,49.244999,49.485001,48.514999,48.639999,1485558,43.68227
29/10/2013,48.639999,49.330002,48.540001,49.330002,1768137,44.301937
30/10/2013,49.349998,50.459999,49.349998,50.279999,2497227,45.155102
31/10/2013,49.98,50.689999,49.57,50.610001,2794922,45.451466
01/11/2013,50.509998,51.799999,50.330002,50.610001,2496864,45.451466
04/11/2013,50.91,52.419998,50.709999,52.009998,2145068,46.708771
05/11/2013,52.009998,53.189999,51.900002,52.66,2705203,47.292519
06/11/2013,52.900002,53.889999,52.75,53.509998,2026409,48.055878
07/11/2013,53.529999,54.5,53.150002,53.639999,2726152,48.172626
08/11/2013,53.349998,53.540001,52.41,53.439999,2599071,47.993011
11/11/2013,53.400002,54.189999,53.259998,53.799999,1446062,48.316322
12/11/2013,53.73,53.75,52.32,52.349998,2519023,47.014114
13/11/2013,52.369999,52.619999,50.970001,51.759998,3134271,46.484249
14/11/2013,51.049999,53.200001,50.709999,52.740002,5078971,47.364372
15/11/2013,52.5,52.720001,51.740002,51.950001,2479068,46.654888
18/11/2013,53.27,53.970001,53,53.209999,3006263,47.786457
19/11/2013,53.16,53.200001,52.299999,52.360001,1661002,47.023098
20/11/2013,52.360001,52.389999,51.860001,52.18,1346379,46.861443
21/11/2013,51.970001,51.970001,50.810001,51.41,1998864,46.169926
22/11/2013,51.290001,51.799999,51.16,51.740002,1575006,46.466293
25/11/2013,52.09,52.66,52,52.23,1242264,46.906345
26/11/2013,52.23,52.380001,51.529999,51.529999,2068869,46.277695
27/11/2013,51.700001,52.5,51.68,52.369999,1648019,47.032082
28/11/2013,52.490002,52.740002,52.200001,52.669998,900327,47.301495
29/11/2013,52.650002,52.73,52.259998,52.259998,1065573,46.933289
02/12/2013,52.330002,53.119999,52.16,53.099998,1508227,47.687672
03/12/2013,52.919998,53,51.119999,51.130001,2246193,45.918468
04/12/2013,51.310001,52.189999,50.419998,50.639999,2708665,45.478416
05/12/2013,50.639999,50.98,49.895,49.895,2345572,44.809345
06/12/2013,50,50.630001,49.509998,50.080002,2047433,44.975491
09/12/2013,50.419998,50.630001,49.75,50.490002,2263147,45.343704
10/12/2013,50.490002,50.68,48.68,49.18,3709883,44.167229
11/12/2013,48.915001,53.290001,48.82,52.860001,6298555,47.472134
12/12/2013,52.970001,54.060001,52.200001,53.52,3920211,48.064861
13/12/2013,53.48,54.349998,53.119999,53.93,2520940,48.433075
16/12/2013,54,55.650002,53.720001,55.419998,2828929,49.771198
17/12/2013,55.209999,55.349998,54.439999,54.439999,1662717,48.891087
18/12/2013,54.599998,55.189999,54.400002,55,1959369,49.394005
19/12/2013,55.540001,56.580002,55.02,55.84,2189815,50.148392
20/12/2013,55.799999,56.400002,55.290001,55.900002,3188628,50.202278
23/12/2013,55.889999,56.02,55.330002,55.91,1038147,50.211254
24/12/2013,56.099998,56.59,55.919998,56.150002,263456,50.426792
27/12/2013,56.599998,56.66,55.66,56.240002,1391177,50.507618
30/12/2013,56.34,56.490002,55.490002,55.73,1068150,50.049603
31/12/2013,55.68,56.049999,55.650002,55.810001,357259,50.121452
02/01/2014,56.040001,56.849998,55.68,56.549999,1875512,50.786018
03/01/2014,56.790001,56.900002,56.290001,56.400002,1333141,50.651314
06/01/2014,56.549999,56.549999,55.400002,55.43,1664844,49.780182
07/01/2014,55.900002,55.959999,55.02,55.91,1950728,50.211254
08/01/2014,56,56.099998,54.919998,55.349998,1837218,49.708336
09/01/2014,55.25,55.75,54.560001,54.709999,1891736,49.133568
10/01/2014,55.130001,55.400002,54.889999,55.279999,1546833,49.645466
13/01/2014,55.52,55.950001,55.52,55.779999,1376794,50.094505
14/01/2014,55.349998,56.099998,55.009998,56.099998,1783292,50.381886
15/01/2014,56.23,56.639999,56,56.639999,2071765,50.866848
16/01/2014,56.400002,57.009998,56.23,56.990002,3706175,51.181171
17/01/2014,57,57.119999,56.830002,57.029999,2265980,51.217098
20/01/2014,57,57.259998,56.880001,57.009998,1191117,51.199135
21/01/2014,57.150002,57.220001,56.82,57,1401657,51.190155
22/01/2014,57.099998,57.330002,56.900002,57.099998,1878025,51.279961
23/01/2014,56.740002,56.889999,54.369999,54.900002,3807263,49.304203
24/01/2014,55.110001,55.450001,52.759998,52.779999,5389498,47.400288
27/01/2014,52.490002,52.98,51.91,52.759998,4122234,47.38232
28/01/2014,53.23,55.560001,53.150002,54.830002,4630335,49.241341
29/01/2014,55.5,55.549999,52.84,53.560001,4086681,48.100784
30/01/2014,53.77,53.77,52.240002,53.200001,3424838,47.777481
31/01/2014,53.07,53.220001,51.810001,52.610001,2972858,47.247616
03/02/2014,52.709999,53.41,51.98,51.98,3076103,46.681828
04/02/2014,51.580002,52.450001,51.119999,52.16,2928233,46.843483
05/02/2014,51.950001,52.200001,51.029999,51.119999,2706276,45.909485
06/02/2014,51.57,52.419998,51.02,52.200001,3828370,46.879406
07/02/2014,52.139999,52.599998,51.779999,52.509998,2534569,47.157806
10/02/2014,52.799999,53.369999,52.200001,52.450001,1912240,47.103924
11/02/2014,52.610001,53.73,52.610001,53.599998,2436105,48.136703
12/02/2014,53.400002,53.650002,52.669998,53.240002,2378859,47.813404
13/02/2014,53.130001,53.169998,51.32,52.130001,3610104,46.816544
14/02/2014,52.07,53.32,52.07,53.200001,2344846,47.777481
17/02/2014,53.439999,53.52,52.389999,52.700001,1080275,47.328442
18/02/2014,52.84,53.080002,52.450001,52.98,1875071,47.579899
19/02/2014,52.75,53.139999,52.290001,52.84,2075277,47.454174
20/02/2014,52.169998,52.73,51.790001,52.57,2398654,47.211693
21/02/2014,52.740002,52.91,51.860001,52.380001,2027528,47.041054
24/02/2014,52.279999,53.07,52.240002,53.07,1688500,47.660725
25/02/2014,52.93,53.5,52.82,53.110001,2551572,47.696651
26/02/2014,53.700001,55,52.5,53.970001,5671497,48.468998
27/02/2014,54.09,54.349998,52.91,53.779999,2659975,48.298359
28/02/2014,53.779999,53.849998,52.75,53.389999,2835805,47.948112
03/03/2014,52.75,52.799999,51.450001,51.700001,3185980,46.430367
04/03/2014,52.18,53.389999,52.049999,53.360001,2573847,47.921169
05/03/2014,53.130001,53.139999,52.330002,52.75,2306782,47.373344
06/03/2014,53.099998,53.470001,52.720001,52.959999,1972086,47.561939
07/03/2014,52.860001,52.880001,51.290001,51.310001,3579832,46.08012
10/03/2014,51.200001,51.25,49.935001,50.490002,3676565,45.343704
11/03/2014,50.560001,51.200001,50.259998,50.360001,1931312,45.226952
12/03/2014,50.009998,50.5,49.424999,50.099998,3214766,44.99345
13/03/2014,50.130001,50.66,50.02,50.110001,3319068,45.00243
14/03/2014,49.965,50.259998,48.720001,49.959999,4347338,44.867722
17/03/2014,49.950001,50.619999,49.705002,50.360001,2288878,45.226952
18/03/2014,50.43,50.860001,49.509998,50.549999,2497590,45.397583
19/03/2014,50.849998,52.130001,50.52,51.330002,3408191,46.098087
20/03/2014,51.349998,52.639999,51.02,52.5,2585363,47.14883
21/03/2014,52.599998,52.709999,51.900002,51.900002,4349839,46.609985
24/03/2014,51.900002,52.09,50.950001,51.18,1912844,45.963371
25/03/2014,51.330002,52.360001,51.259998,52.009998,1930280,46.708771
26/03/2014,52.290001,53,52.209999,52.860001,2091304,47.472134
27/03/2014,52.93,53.259998,52.09,52.200001,2237425,46.879406
28/03/2014,52.540001,52.939999,52.25,52.599998,1694701,47.238636
31/03/2014,52.720001,52.889999,51.860001,51.990002,1800277,46.690811
01/04/2014,52.41,52.970001,52.080002,52.869999,1998970,47.481113
02/04/2014,52.970001,53.119999,52.450001,52.490002,1239399,47.139843
03/04/2014,52.540001,53.5,52.150002,53.119999,2598749,47.705627
04/04/2014,53.25,54.189999,53.18,54,2240449,48.49593
07/04/2014,53.5,53.709999,53.169998,53.32,2072653,47.885239
08/04/2014,53.259998,53.459999,50.889999,51.349998,4467679,46.116035
09/04/2014,51.299999,51.990002,50.91,51.02,1936047,45.819675
10/04/2014,51.25,51.419998,50.040001,50.07,2654407,44.966511
11/04/2014,49.5,50.119999,49.064999,49.814999,3378770,44.737499
14/04/2014,49.5,49.669998,47.935001,49.005001,4137397,44.010063
15/04/2014,49,49.924999,48.775002,49.060001,2615645,44.059456
16/04/2014,49.900002,50.700001,49.715,50.59,2576014,45.43351
17/04/2014,50.599998,51.380001,50.450001,51.330002,1812538,46.098087
22/04/2014,51.59,51.880001,51.16,51.369999,2406706,46.134007
23/04/2014,51.369999,51.459999,50.630001,50.939999,2173992,45.747833
24/04/2014,51.080002,51.369999,50.139999,50.880001,1692272,45.693954
25/04/2014,50.689999,51.049999,50.220001,50.400002,1142789,45.262875
28/04/2014,50.580002,50.91,50.07,50.400002,1386296,45.262875
29/04/2014,50.669998,50.900002,49.919998,50.09,1343224,44.98447
30/04/2014,49.240002,49.790001,49.130001,49.490002,3058674,44.445629
01/05/2014,49.490002,49.490002,49.490002,49.490002,0,44.445629
02/05/2014,49.465,49.509998,48.775002,49.25,2189419,44.230087
05/05/2014,48.610001,49.215,48.310001,49.134998,2154924,44.126812
06/05/2014,49.150002,49.27,48.665001,48.845001,1742446,43.866371
07/05/2014,48.790001,48.790001,48.099998,48.555,2303893,43.605927
08/05/2014,48.509998,48.880001,47.814999,48.595001,2776321,43.641853
09/05/2014,48.345001,48.895,48.264999,48.66,2219115,43.700222
12/05/2014,48.779999,49.5,48.685001,49.490002,2757696,44.445629
13/05/2014,51.93,52.959999,51.5,52.540001,5405943,47.184746
14/05/2014,52.689999,52.799999,51.73,51.970001,2203411,46.672848
15/05/2014,51.990002,52.240002,50.82,50.849998,2743758,45.667004
16/05/2014,50.75,50.91,49.764999,50.369999,2904581,45.235935
19/05/2014,50.290001,51.389999,49.75,51.32,2669821,46.089104
20/05/2014,51.060001,51.310001,50.48,50.599998,2433338,45.442486
21/05/2014,50.380001,50.650002,50.049999,50.380001,1932679,45.244911
22/05/2014,50.41,51.240002,50.16,51.049999,2173196,45.846622
23/05/2014,51.049999,51.849998,51.009998,51.59,1833373,46.331581
26/05/2014,51.75,52,51.360001,51.75,971686,46.475269
27/05/2014,51.84,52.950001,51.709999,52.740002,2601200,47.364372
28/05/2014,52.369999,53.330002,52.369999,53.119999,2165997,47.705627
29/05/2014,52.52,52.82,52.330002,52.650002,1276512,47.960697
30/05/2014,52.459999,52.889999,52.349998,52.610001,1733650,47.924259
02/06/2014,53.41,53.48,52.98,53.290001,2625524,48.543694
03/06/2014,53.349998,53.41,52.549999,52.68,1271265,47.988022
04/06/2014,52.5,52.849998,52.049999,52.549999,1233307,47.869602
05/06/2014,52.549999,53.799999,52.27,53.48,2800867,48.716774
06/06/2014,53.580002,53.959999,53.130001,53.689999,2090559,48.908062
09/06/2014,53.919998,53.970001,53.049999,53.220001,1002275,48.479927
10/06/2014,53.200001,53.970001,53.029999,53.869999,1703527,49.072037
11/06/2014,51.900002,52.639999,51.529999,52.209999,5042034,47.559879
12/06/2014,51.950001,52.259998,51.450001,51.84,1945227,47.222836
13/06/2014,51.860001,51.880001,50.939999,51.279999,1941607,46.712715
16/06/2014,51.220001,51.669998,50.52,50.540001,1969334,46.038624
17/06/2014,50.91,51.27,50.5,50.740002,2142459,46.220814
18/06/2014,50.740002,50.93,49.974998,50.119999,1938650,45.656029
19/06/2014,50.75,50.880001,50.43,50.599998,2476200,46.093277
20/06/2014,50.5,51.049999,50.189999,50.189999,3209837,45.719795
23/06/2014,50.110001,50.25,49.099998,49.355,2817163,44.95916
24/06/2014,49.805,49.990002,49,49,2018382,44.635784
25/06/2014,48.945,49.349998,48.549999,49.049999,2662707,44.681332
26/06/2014,49.25,49.330002,48.110001,48.535,2534982,44.2122
27/06/2014,48.799999,49.43,48.650002,49.290001,1779301,44.899952
30/06/2014,49.169998,49.509998,48.595001,48.939999,2483550,44.581123
01/07/2014,48.720001,48.855,47.674999,47.945,3791864,43.674751
02/07/2014,48.049999,48.23,47.209999,47.290001,3762844,43.078083
03/07/2014,47.334999,47.77,46.849998,47.764999,3319367,43.51078
04/07/2014,47.91,48.389999,47.799999,47.974998,2418687,43.702072
07/07/2014,47.98,48.23,47.255001,47.255001,1837572,43.0462
08/07/2014,48.200001,48.400002,46.855,46.855,3338014,42.681828
09/07/2014,47.154999,47.459999,46.560001,47.005001,3099722,42.81847
10/07/2014,47.790001,48.200001,46.375,46.814999,3314275,42.64539
11/07/2014,47.005001,47.634998,46.945,47.110001,3465348,42.91412
14/07/2014,47.470001,47.950001,47.134998,47.134998,3010768,42.936893
15/07/2014,47.240002,47.369999,46.505001,46.505001,3111367,42.362999
16/07/2014,46.755001,46.790001,44.794998,45.360001,6809033,41.319984
17/07/2014,45.215,45.700001,44.860001,44.98,3151815,40.973827
18/07/2014,44.799999,44.834999,44.150002,44.48,3335312,40.51836
21/07/2014,44.514999,44.555,43.25,43.290001,3488965,39.434349
22/07/2014,43.599998,44.52,43.505001,44.404999,3959439,40.450035
23/07/2014,44.470001,45.560001,44.314999,44.924999,3960185,40.923725
24/07/2014,45.130001,45.599998,44.715,45.360001,2579869,41.319984
25/07/2014,45.400002,45.48,44.369999,44.5,2639624,40.536575
28/07/2014,44.689999,44.779999,43.744999,44.02,2921934,40.099327
29/07/2014,44.125,44.134998,43.32,43.685001,3767017,39.79417
30/07/2014,45.880001,46.075001,44.865002,45,4859575,40.992043
31/07/2014,44.900002,44.990002,43.119999,43.360001,4806448,39.498116
01/08/2014,43.259998,43.349998,41.860001,42.674999,4678199,38.874123
04/08/2014,42.705002,43.040001,42.220001,42.59,2443497,38.796692
05/08/2014,42.689999,42.689999,41.610001,42.450001,3425125,38.669163
06/08/2014,42.299999,43.200001,42.029999,42.985001,3926549,39.156509
07/08/2014,43.185001,43.200001,42.404999,42.560001,2747244,38.769371
08/08/2014,42.025002,42.369999,41.950001,42.215,2157772,38.455093
11/08/2014,42.459999,43.439999,42.325001,43.345001,2209816,39.484451
12/08/2014,43.355,43.505001,42.98,43.055,2315527,39.22028
13/08/2014,43.259998,43.34,42.73,43.095001,1683542,39.256718
14/08/2014,43.055,43.735001,42.849998,43.605,1767026,39.721291
15/08/2014,43.790001,44.305,43.150002,43.470001,2749705,39.598316
18/08/2014,44.02,44.23,43.834999,44.130001,1623400,40.199535
19/08/2014,44.349998,44.75,44.27,44.654999,1909543,40.677773
20/08/2014,44.740002,44.895,44.169998,44.5,2128099,40.536575
21/08/2014,44.59,44.689999,44.189999,44.685001,2075823,40.705101
22/08/2014,44.779999,44.985001,44.494999,44.73,1920865,40.746094
25/08/2014,45.150002,45.994999,45.150002,45.945,1871039,41.852882
26/08/2014,45.799999,46.634998,45.615002,46.544998,2442912,42.399437
27/08/2014,46.509998,47,46.450001,46.764999,2014430,42.599842
28/08/2014,46.709999,46.785,46.145,46.599998,1859206,42.449539
29/08/2014,46.794998,46.845001,46.240002,46.805,1729514,42.63628
01/09/2014,46.965,47.099998,46.634998,46.799999,1443266,42.631725
02/09/2014,46.875,47.169998,46.720001,47,1608293,42.813911
03/09/2014,47.25,47.674999,47.099998,47.334999,2293339,43.119076
04/09/2014,47.115002,48.875,46.779999,48.875,4091483,44.521915
05/09/2014,49.07,49.799999,49,49.189999,3328196,44.808861
08/09/2014,49.244999,49.494999,48.369999,48.889999,2039253,44.53558
09/09/2014,48.935001,49.095001,48.525002,48.59,1871914,44.262302
10/09/2014,48.540001,48.720001,48.279999,48.400002,1680707,44.089226
11/09/2014,48.41,48.634998,47.865002,48.205002,1816204,43.911594
12/09/2014,48.435001,48.514999,47.974998,48.5,2341948,44.180317
15/09/2014,48.450001,49.02,48.349998,48.919998,1450698,44.562908
16/09/2014,49.014999,49.259998,48.465,49.07,2145634,44.699547
17/09/2014,49.154999,49.189999,48.630001,48.799999,1709545,44.453594
18/09/2014,48.849998,49.764999,48.474998,49.549999,1968423,45.136795
19/09/2014,49.849998,50.150002,49.18,49.380001,3278037,44.981937
22/09/2014,49.075001,49.455002,48.945,49.165001,1612406,44.786087
23/09/2014,49.130001,49.130001,47.285,47.5,3100667,43.269382
24/09/2014,47.490002,47.560001,46.619999,47.540001,2714549,43.305817
25/09/2014,47.639999,49.419998,47.639999,48.580002,4296960,44.253193
26/09/2014,48.639999,49.474998,48.345001,49.34,2442716,44.945499
29/09/2014,49.349998,49.465,48.355,48.555,2181374,44.230412
30/09/2014,48.645,50.169998,48.619999,49.82,3535123,45.382751
01/10/2014,49.764999,50.200001,48.900002,49.09,2499382,44.717766
02/10/2014,48.959999,49.674999,47.869999,47.869999,3597859,43.606422
03/10/2014,48.165001,49.845001,48.084999,49.580002,2972224,45.164127
06/10/2014,50.130001,50.349998,49.715,49.924999,2368745,45.478394
07/10/2014,49.735001,49.794998,48.509998,48.610001,3499897,44.280518
08/10/2014,48.334999,48.985001,47.259998,47.580002,3314996,43.342258
09/10/2014,48.310001,48.459999,45.5,45.650002,4885904,41.584156
10/10/2014,45.299999,46.080002,44.07,45.439999,5102960,41.392853
13/10/2014,44.805,46.264999,44.66,45.455002,2882153,41.406525
14/10/2014,45.029999,46.09,44.415001,45.904999,3034247,41.816441
15/10/2014,46.205002,46.695,43.615002,43.700001,4677802,39.807831
16/10/2014,44.5,44.52,41.049999,42.75,8008779,38.942444
17/10/2014,42.794998,44.035,41.98,43.959999,5999401,40.04467
20/10/2014,43.915001,44.095001,43.305,43.669998,2507536,39.780499
21/10/2014,43.400002,44.965,43.334999,44.865002,3143762,40.869072
22/10/2014,45.099998,45.639999,44.785,45.209999,3341269,41.183342
23/10/2014,44.419998,45.645,44.360001,45.535,2654542,41.479397
24/10/2014,45.095001,45.599998,44.974998,45.290001,2085574,41.256214
27/10/2014,45.099998,45.290001,44.314999,44.759998,2452021,40.773422
28/10/2014,44.634998,45.669998,44.630001,45.415001,2296543,41.370083
29/10/2014,45.044998,46.32,45.02,45.799999,2312120,41.720791
30/10/2014,45.025002,46.325001,44.674999,45.904999,3109545,41.816441
31/10/2014,46.384998,47.919998,46.384998,47.599998,3612634,43.360474
03/11/2014,47.244999,48.09,47.244999,47.549999,2077246,43.314926
04/11/2014,46.955002,47.790001,46.580002,46.880001,2376176,42.704605
05/11/2014,46.900002,48.095001,46.900002,47.82,2077599,43.560883
06/11/2014,47.099998,49,47.099998,48.404999,3165957,44.093781
07/11/2014,48.330002,48.865002,47.830002,48.240002,2413621,43.943474
10/11/2014,48.009998,48.720001,47.779999,48.375,1868028,44.066444
11/11/2014,48.25,48.84,48.25,48.650002,1876155,44.316956
12/11/2014,48.349998,48.759998,47.68,48.049999,2136671,43.770397
13/11/2014,48,48.450001,47.240002,47.700001,2690626,43.451569
14/11/2014,49.009998,49.599998,47.575001,48.455002,4616390,44.139328
17/11/2014,47.049999,48.23,47.029999,47.945,2692168,43.674751
18/11/2014,47.049999,47.134998,46.34,46.740002,3483413,42.577068
19/11/2014,46.43,47.389999,46.419998,47,2195197,42.813911
20/11/2014,47.18,47.355,46.330002,46.860001,2409537,42.686382
21/11/2014,47.244999,48.334999,47.165001,48.275002,3664538,43.975361
24/11/2014,48.369999,49.494999,48.369999,49.005001,3126885,44.640339
25/11/2014,49.154999,49.834999,49.055,49.575001,2087101,45.159573
26/11/2014,49.825001,49.919998,49.165001,49.384998,1425215,44.986492
27/11/2014,49.435001,49.950001,49.064999,49.790001,1550766,45.355419
28/11/2014,49.955002,50,48.68,48.994999,2616684,44.631226
01/12/2014,48.605,48.994999,48.514999,48.744999,1866036,44.403492
02/12/2014,49.09,49.275002,48.549999,48.669998,1753669,44.335171
03/12/2014,48.665001,48.919998,48.395,48.424999,1796419,44.111988
04/12/2014,48.705002,49.255001,47.639999,48.169998,3267887,43.879707
05/12/2014,48.889999,49.959999,48.645,49.830002,2901406,45.391865
08/12/2014,49.669998,49.669998,49.084999,49.185001,1684241,44.80431
09/12/2014,48.764999,48.974998,48.064999,48.195,2455194,43.902481
10/12/2014,48.540001,48.985001,42.509998,43.174999,12534873,39.32959
11/12/2014,43.5,43.5,40.549999,41.32,13448598,37.639809
12/12/2014,41.5,41.599998,40.185001,40.709999,7842408,37.084133
15/12/2014,41.375,41.450001,40.455002,40.544998,5197384,36.93383
16/12/2014,40.814999,40.965,39.639999,40.965,6806150,37.316425
17/12/2014,40.5,41.185001,40.224998,40.950001,3404201,37.302765
18/12/2014,41.93,41.985001,41.419998,41.849998,4149131,38.122597
19/12/2014,42.25,42.330002,41.564999,41.689999,4270155,37.976852
22/12/2014,41.935001,42.285,41.189999,41.470001,1821774,37.776447
23/12/2014,41.625,41.740002,41.330002,41.740002,2216026,38.022404
24/12/2014,41.5,41.900002,41.445,41.529999,404444,37.8311
29/12/2014,41.59,41.66,40.900002,41.525002,1927679,37.826546
30/12/2014,41.349998,41.435001,40.939999,40.939999,1368751,37.293648
31/12/2014,41.029999,41.380001,40.939999,41.349998,511732,37.667133
02/01/2015,41.540001,41.959999,40.775002,41.525002,1903339,37.826546
05/01/2015,41.125,43.200001,41.064999,41.650002,4467274,37.940418
06/01/2015,41.82,43.75,41.68,42.615002,4810966,38.819473
07/01/2015,43,44.215,42.810001,43.724998,4236974,39.830601
08/01/2015,44.200001,45.5,43.974998,45.215,4548325,41.187897
09/01/2015,45.244999,45.689999,44.299999,44.549999,4179216,40.582127
12/01/2015,44.790001,45.834999,44.790001,44.950001,3308396,40.946495
13/01/2015,44.110001,45.985001,43.740002,45.564999,3761440,41.506721
14/01/2015,44.990002,46.375,44.75,45.139999,2928718,41.119576
15/01/2015,45.535,46.380001,44.740002,46.27,5004208,42.148933
16/01/2015,46.044998,46.599998,45.759998,46.395,3860675,42.262802
19/01/2015,46.439999,46.93,46.345001,46.650002,2071579,42.49509
20/01/2015,46.779999,47.494999,46.779999,47.080002,2755590,42.886791
21/01/2015,47.334999,47.365002,46.040001,46.82,3842891,42.649944
22/01/2015,46.91,47.5,46.119999,47.330002,4747740,43.114525
23/01/2015,47.869999,49.98,47.700001,49.279999,6911057,44.890842
26/01/2015,49.279999,50.490002,49.279999,50.139999,6342198,45.674248
27/01/2015,50.299999,51.200001,48.895,49.07,4591955,44.699547
28/01/2015,49.505001,49.855,48.755001,48.955002,3778406,44.594795
29/01/2015,48.555,49.494999,47.66,48.275002,4444319,43.975361
30/01/2015,48.41,49.424999,46.900002,47.200001,6279555,42.996101
02/02/2015,47.029999,47.595001,46.555,46.869999,2830148,42.695488
03/02/2015,47.224998,47.77,47.040001,47.244999,3064365,43.03709
04/02/2015,47.014999,47.645,46.59,47.634998,2689667,43.392357
05/02/2015,47.150002,48.540001,47,48.41,2708767,44.098331
06/02/2015,48.174999,48.459999,48.049999,48.345001,2177587,44.03912
09/02/2015,48,48.34,47.509998,48.235001,2569266,43.938919
10/02/2015,48.48,50.02,48.48,49.735001,3340873,45.305321
11/02/2015,49.650002,49.805,48.985001,49.419998,1823991,45.018375
12/02/2015,49.244999,49.935001,49.125,49.775002,1976894,45.341759
13/02/2015,49.950001,50.060001,49.400002,49.75,2540087,45.318981
16/02/2015,50.25,50.720001,50.25,50.450001,1845654,45.956642
17/02/2015,50.369999,50.73,49.610001,50.669998,1861650,46.15704
18/02/2015,50.93,51.439999,50.41,51.389999,1835841,46.812912
19/02/2015,51.189999,52,50.830002,51.990002,1817126,47.359478
20/02/2015,51.77,52.470001,51.759998,52.459999,2769517,47.787613
23/02/2015,52.73,53,52.52,52.84,1880919,48.133774
24/02/2015,52.630001,52.880001,51.52,51.849998,2488759,47.231941
25/02/2015,51.59,51.869999,50.98,51.400002,2069140,46.822021
26/02/2015,51.470001,51.82,51.09,51.630001,2128171,47.031544
27/02/2015,54.209999,55.75,53.810001,55.330002,7164236,50.401997
02/03/2015,55.849998,56.790001,55.169998,56.09,3133916,51.094303
03/03/2015,56.130001,56.43,55.299999,55.400002,2417019,50.465767
04/03/2015,55.330002,56.900002,55.32,56.52,3085353,51.486012
05/03/2015,56.75,59.5,56.619999,59.209999,4599758,53.936424
06/03/2015,58.5,59.490002,58.209999,59.419998,3360543,54.127712
09/03/2015,58.970001,59.490002,58.419998,58.880001,1917367,53.635815
10/03/2015,58.580002,59.16,57.919998,58.880001,3101036,53.635815
11/03/2015,59.099998,61.529999,59.040001,61.43,3256951,55.958698
12/03/2015,61.5,62.48,61.400002,62.080002,3119244,56.550804
13/03/2015,62.119999,63.560001,61.849998,63.560001,3415498,57.898987
16/03/2015,63.59,64,63.119999,63.860001,2903861,58.172272
17/03/2015,63.650002,63.700001,60.369999,60.98,4210185,55.548775
18/03/2015,61,61.990002,60.720001,61.189999,3099599,55.74007
19/03/2015,60.52,61.200001,59.400002,61.080002,2906434,55.63987
20/03/2015,61.080002,61.709999,60.599998,61.400002,3602871,55.93137
23/03/2015,61.490002,61.599998,59.849998,60,3139983,54.656063
24/03/2015,59.290001,60.75,58.139999,60.310001,5095155,54.93845
25/03/2015,60,60.419998,58.799999,58.889999,3098932,53.644924
26/03/2015,58.380001,60.150002,57.849998,60.139999,3237783,54.783596
27/03/2015,60.650002,61.369999,60.209999,60.41,2905348,55.029541
30/03/2015,60.84,61.459999,60.509998,61.189999,2009482,55.74007
31/03/2015,60.900002,61.57,60.360001,60.439999,2340555,55.056873
01/04/2015,60.360001,61.650002,60.299999,60.91,1820660,55.485008
02/04/2015,60.709999,60.93,60.310001,60.759998,1137046,55.34837
07/04/2015,60.650002,60.889999,59.549999,60.400002,1855001,55.020435
08/04/2015,59.990002,60.580002,59.84,60.040001,1408507,54.692501
09/04/2015,59.84,61.279999,59.830002,61.27,1779222,55.81295
10/04/2015,61,61.91,60.959999,61.91,1700265,56.395943
13/04/2015,60.709999,62.950001,60.700001,62.790001,2217918,57.197571
14/04/2015,62.16,62.369999,60.84,61.130001,2920754,55.685417
15/04/2015,61,62.830002,60.799999,62.73,2450935,57.142914
16/04/2015,63,64.580002,63,63.970001,3911402,58.272472
17/04/2015,63,63.5,62.040001,62.18,3345186,56.641899
20/04/2015,61.950001,63.169998,61.880001,63.110001,1728463,57.489067
21/04/2015,63.189999,64.739998,63.110001,64.540001,2790356,58.791706
22/04/2015,64.120003,66.099998,64.019997,65.800003,3382709,59.939484
23/04/2015,65.080002,65.889999,64.900002,65.639999,3841382,59.793732
24/04/2015,65.050003,65.730003,64.290001,65.139999,3488833,59.338261
27/04/2015,64.209999,65.75,63.669998,65.75,2607996,59.893932
28/04/2015,65.07,65.610001,62.66,62.900002,3506310,57.297771
29/04/2015,62,63.470001,60.400002,60.580002,3605381,55.184402
30/04/2015,60.189999,62.240002,59.509998,62,4115032,56.477932
04/05/2015,61.200001,61.849998,60.959999,61.599998,1979364,56.113556
05/05/2015,61,62.09,59.75,59.900002,3343254,54.564968
06/05/2015,59.599998,61.490002,59.52,60.279999,3512195,54.911121
07/05/2015,60.02,60.59,58.119999,60.360001,3092654,54.983994
08/05/2015,60.98,63.549999,60.57,63.400002,3394340,57.753235
11/05/2015,61.099998,62.459999,60.529999,62.09,3850548,56.559914
12/05/2015,61.799999,61.799999,59.98,60.709999,3248673,55.302818
13/05/2015,61.349998,62.389999,60,60.200001,2602835,54.838249
14/05/2015,60.130001,60.990002,58.880001,60.869999,2359017,55.448574
15/05/2015,61.5,62.330002,60.5,60.860001,3202079,55.439465
18/05/2015,61,61.880001,60.150002,61.5,2017404,56.022465
19/05/2015,62.060001,63.66,62,62.810001,3256897,57.215786
20/05/2015,63.110001,63.509998,62.450001,63.34,1972699,57.698586
21/05/2015,63,63.98,62.57,63.939999,1445504,58.245136
22/05/2015,63.799999,64.139999,63.099998,63.73,2184433,58.053848
25/05/2015,64.239998,64.239998,63.130001,63.360001,752324,57.716801
26/05/2015,63.48,64.459999,63.23,63.490002,2885149,57.83522
27/05/2015,64.040001,65.550003,63.509998,65.260002,3451740,59.447575
28/05/2015,65,65.25,64.019997,64.639999,1745158,58.882797
29/05/2015,64.610001,64.690002,61.82,62,3487927,56.477932
01/06/2015,61.330002,62.330002,60.630001,61.82,2572274,57.425419
02/06/2015,62.07,62.110001,60.549999,61.509998,2618030,57.137455
03/06/2015,61.66,62.869999,61.029999,61.43,2468752,57.063145
04/06/2015,61.07,61.490002,59.759998,60.77,2650730,56.450058
05/06/2015,60.34,60.349998,59.029999,59.66,3033031,55.418964
08/06/2015,59.5,59.650002,58.830002,59.150002,2012815,54.945221
09/06/2015,58.810001,59.32,57.84,58.950001,2884534,54.759441
10/06/2015,58.639999,60.82,58.169998,60.529999,2397338,56.227119
11/06/2015,60.580002,62.310001,60.360001,61.450001,2729206,57.081722
12/06/2015,61.040001,61.32,59.52,60.439999,2785727,56.14352
15/06/2015,59.880001,60.700001,59.110001,59.290001,2739965,55.075268
16/06/2015,58.689999,59.52,57.43,59.369999,3418757,55.149582
17/06/2015,59.5,59.990002,57.919998,57.959999,2585767,53.839813
18/06/2015,57.950001,57.950001,56.130001,57.689999,4128000,53.589005
19/06/2015,58.259998,59.330002,57.970001,58.939999,4783481,54.750149
22/06/2015,60.470001,61.380001,59.77,60.639999,3793439,56.3293
23/06/2015,61.540001,62.389999,61.27,61.990002,2608448,57.583336
24/06/2015,62.310001,62.610001,61.07,61.689999,2810227,57.304665
25/06/2015,61.380001,63.080002,61.25,61.830002,3518802,57.434711
26/06/2015,61.400002,62.200001,61.009998,61.509998,2427603,57.137455
29/06/2015,58.299999,60.310001,58,59.299999,3818093,55.084557
30/06/2015,59.220001,59.529999,58,58.200001,3960975,54.062756
01/07/2015,59.610001,61.209999,59.23,60.369999,4189932,56.078495
02/07/2015,60.619999,60.849998,59.369999,59.52,1903264,55.288921
03/07/2015,59.669998,59.799999,58.700001,59.209999,2062176,55.000957
06/07/2015,58.009998,58.98,57.59,58.380001,2979146,54.229958
07/07/2015,58.509998,58.799999,56.419998,56.619999,3404999,52.59507
08/07/2015,56.630001,57.619999,56.32,57.16,2889838,53.096687
09/07/2015,57.5,58.900002,57.200001,58.599998,2179406,54.434311
10/07/2015,60.48,60.639999,59.68,60.400002,2763636,56.106361
13/07/2015,61.200001,62.5,61.139999,62.279999,2620930,57.852722
14/07/2015,62.169998,62.939999,61.810001,62.880001,1276987,58.410069
15/07/2015,62.75,63.98,62.650002,63.689999,1635750,59.162483
16/07/2015,64,65.419998,63.740002,65.120003,2346903,60.490837
17/07/2015,65.389999,65.400002,64.370003,64.650002,2014852,60.054245
20/07/2015,64.5,65.410004,63.959999,64.739998,1917334,60.137844
21/07/2015,64.830002,65.080002,63.939999,64.080002,1658317,59.524765
22/07/2015,63.57,63.84,63.119999,63.360001,1809474,58.855946
23/07/2015,63.950001,64.169998,62.759998,63.040001,1619670,58.558697
24/07/2015,62.950001,64.150002,62.720001,63.060001,1530116,58.577274
27/07/2015,62.759998,62.959999,60.080002,60.299999,2975792,56.01347
28/07/2015,60.66,62.080002,60.310001,61.23,1911258,56.877361
29/07/2015,61.490002,62.360001,61.169998,62.119999,1849188,57.70409
30/07/2015,62.669998,63.299999,61.560001,62.41,2340250,57.97348
31/07/2015,64.860001,65.57,63.77,64.599998,4138690,60.007797
03/08/2015,64.870003,65.900002,64.279999,65.730003,1744636,61.057472
04/08/2015,65.720001,65.769997,64.32,64.889999,1579576,60.277184
05/08/2015,65.349998,66.75,65.230003,66.730003,2236967,61.986389
06/08/2015,66.690002,67.879997,66.43,67.18,1771972,62.404392
07/08/2015,67.080002,67.330002,66.419998,66.5,1474812,61.772732
10/08/2015,66.980003,67.839996,65.910004,66.129997,2096107,61.429035
11/08/2015,65.879997,66.059998,63.73,64.279999,2686036,59.710545
12/08/2015,63.470001,63.66,60.52,60.950001,4916535,56.617264
13/08/2015,62.57,63.110001,62.220001,62.450001,2369607,58.010632
14/08/2015,62.299999,62.759998,61.529999,62.400002,2330199,57.964188
17/08/2015,63.07,63.889999,62.040001,63.009998,1806220,58.530827
18/08/2015,63.09,63.400002,62.32,62.959999,1750900,58.484379
19/08/2015,62.540001,62.630001,61.610001,61.860001,1750478,57.462574
20/08/2015,61.599998,61.73,59.689999,60.099998,3119727,55.827686
21/08/2015,58.900002,59.889999,57.389999,57.389999,4347632,53.310333
24/08/2015,54.900002,55.630001,52.02,54.700001,9049547,50.811558
25/08/2015,55.650002,57.91,55.310001,56.200001,6225807,52.204929
26/08/2015,55.360001,57.490002,54.799999,55.919998,4134979,51.944828
27/08/2015,57.57,58.490002,57.200001,57.91,3522336,53.793369
28/08/2015,58.110001,58.299999,57,58.279999,2594392,54.137062
31/08/2015,57.709999,58.209999,57.470001,58.09,1592516,53.960579
01/09/2015,56.59,57,55.529999,56.509998,3606211,52.492889
02/09/2015,56.91,57.27,55.349998,55.759998,2587116,51.796204
03/09/2015,56.330002,57.98,56.099998,57.439999,3139748,53.356781
04/09/2015,56.799999,56.93,55.009998,55.32,3001644,51.387482
07/09/2015,55.959999,56.139999,55,55.330002,1575189,51.396774
08/09/2015,55.900002,56.759998,55.549999,55.889999,1700051,51.916965
09/09/2015,57.490002,58.25,57.09,57.32,2235448,53.245308
10/09/2015,56.84,57.68,56.220001,56.5,2119119,52.483597
11/09/2015,56.830002,56.889999,55.110001,55.57,2392723,51.619709
14/09/2015,55.82,56.060001,54.509998,54.509998,2651764,50.635059
15/09/2015,54.830002,55.43,54.200001,55.060001,2096065,51.145966
16/09/2015,55.470001,55.860001,55.02,55.689999,1949821,51.731178
17/09/2015,55.950001,56.599998,54.970001,56.32,1837043,52.316395
18/09/2015,55.709999,55.790001,53.68,54.419998,5417232,50.55146
21/09/2015,54.400002,55.25,54.34,55,2158121,51.090229
22/09/2015,55.259998,55.360001,52.849998,53.099998,2930157,49.325294
23/09/2015,53.009998,54.41,52.91,53.290001,1812314,49.501789
24/09/2015,53.139999,53.700001,51.259998,51.869999,4420191,48.182732
25/09/2015,52.849998,54.98,52.619999,54.16,3170974,50.309944
28/09/2015,53.82,54.150002,52.240002,52.490002,2614294,48.758659
29/09/2015,51.5,53.02,51.34,52.259998,2267480,48.545006
30/09/2015,53.57,53.93,52.830002,52.91,3717706,49.148804
01/10/2015,53.990002,54.740002,53.139999,53.549999,2783191,49.743305
02/10/2015,54.240002,55.290001,53.169998,54.68,2973563,50.792976
05/10/2015,55.939999,57.110001,55.619999,56.610001,2461246,52.585781
06/10/2015,56.75,57.52,56.32,56.959999,1770373,52.9109
07/10/2015,57.110001,57.880001,56.68,56.900002,2112801,52.855171
08/10/2015,55.720001,57.200001,55.700001,57.09,1926533,53.031662
09/10/2015,57.099998,58.060001,57.02,57.610001,2577289,53.514694
12/10/2015,57.349998,57.360001,55.540001,56.200001,2039239,52.204929
13/10/2015,55.509998,56.740002,55.060001,56.59,2008046,52.567204
14/10/2015,55.5,57.09,55.5,56.119999,1884917,52.130615
15/10/2015,54.950001,55.18,54,54.529999,4109791,50.653641
16/10/2015,55.200001,55.68,54.869999,55.529999,3213294,51.582558
19/10/2015,55,56.139999,54.990002,55.41,1627404,51.471085
20/10/2015,54.959999,55.669998,54.450001,55.029999,1596520,51.118099
21/10/2015,54.849998,56.790001,54.73,56.279999,2254014,52.27924
22/10/2015,55.880001,58.27,55.119999,57.52,3901564,53.431095
23/10/2015,57.900002,61,57.82,60.169998,3932694,55.892712
26/10/2015,59.720001,60.650002,59.25,59.950001,2080517,55.688354
27/10/2015,59.52,60.18,59.009998,59.119999,1798487,54.917355
28/10/2015,58.5,59.66,58.419998,59.619999,2125416,55.381809
29/10/2015,60.799999,61.130001,60.080002,60.689999,2625267,56.375748
30/10/2015,62.299999,64.5,62,63.360001,4441193,58.855946
02/11/2015,62.049999,64.150002,61.900002,63.59,1888898,59.069595
03/11/2015,63.110001,64.110001,63.029999,63.23,1892925,58.735188
04/11/2015,63.419998,64.980003,63.419998,64.010002,2259763,59.45974
05/11/2015,64.32,65,63.84,64.599998,1962295,60.007797
06/11/2015,64.93,66.57,63.869999,66.099998,3242457,61.401173
09/11/2015,66.059998,66.610001,65.339996,65.400002,1621405,60.750931
10/11/2015,65.610001,66.139999,64.760002,66.019997,1731106,61.326855
11/11/2015,66,66.809998,66,66.550003,1407624,61.81918
12/11/2015,66.18,66.540001,63.119999,64.059998,3096343,59.50618
13/11/2015,63.900002,64.059998,62.52,63.529999,1990529,59.013859
16/11/2015,62.41,63.779999,62.299999,63.459999,1873815,58.948837
17/11/2015,64.279999,66.169998,64.199997,66.169998,2966483,61.46619
18/11/2015,65.690002,66.050003,65.300003,65.779999,2318226,61.103912
19/11/2015,66.25,66.650002,65.18,65.870003,2456397,61.187519
20/11/2015,65.980003,66.470001,65.389999,66.419998,2123447,61.698418
23/11/2015,66.400002,66.75,65.620003,66.529999,1804364,61.800598
24/11/2015,66.330002,66.330002,64.43,65.589996,2531675,60.927422
25/11/2015,65.480003,67.739998,65.099998,67.050003,2614825,62.283638
26/11/2015,66.900002,68.410004,66.660004,68.150002,1647209,63.305443
27/11/2015,67.699997,68.32,67.260002,67.949997,1488540,63.119656
30/11/2015,67.870003,68.480003,67.779999,68.440002,1716185,63.574825
01/12/2015,68.290001,68.5,66.760002,67.25,2219478,62.469425
02/12/2015,67.459999,67.919998,66.970001,67.199997,1437294,62.422974
03/12/2015,67.129997,68.480003,61.740002,63.66,6203169,59.134621
04/12/2015,63.790001,64.379997,62.700001,64.010002,3097108,59.45974
07/12/2015,64.669998,66.599998,64.459999,65.889999,2051149,61.2061
08/12/2015,66.010002,66.089996,64.230003,64.709999,2132119,60.109978
09/12/2015,64.720001,65.059998,63.16,63.490002,2114460,58.976704
10/12/2015,63.220001,64.449997,62.75,64.18,1795007,59.617653
11/12/2015,63.82,64.120003,61.740002,62.279999,2837745,57.852722
14/12/2015,62.759998,63.950001,61.02,61.299999,2705827,56.942383
15/12/2015,61.869999,63.470001,61.169998,63.139999,3433096,58.651585
16/12/2015,63.279999,65.5,63.040001,64.389999,2426738,59.812725
17/12/2015,66.300003,67.010002,65.129997,65.129997,2735628,60.500118
18/12/2015,64.459999,64.809998,62.860001,63.259998,4059374,58.76305
21/12/2015,63,63.59,61.919998,61.919998,2398793,57.518311
22/12/2015,62.889999,62.889999,61.279999,61.900002,2041677,57.499733
23/12/2015,62.549999,63,62.41,62.580002,1939331,58.131393
24/12/2015,62.23,62.439999,61.639999,62.150002,322046,57.731964
28/12/2015,62.23,62.759998,61.549999,61.709999,782216,57.323238
29/12/2015,62.400002,63.540001,62.279999,63.049999,1417901,58.567982
30/12/2015,62.740002,63.130001,62.299999,62.580002,1178738,58.131393
04/01/2016,61.150002,61.869999,60.16,60.860001,2885672,56.533665
05/01/2016,61.880001,62.310001,60.610001,62.09,3154541,57.676224
06/01/2016,62.099998,62.349998,60.349998,61.27,2196204,56.914516
07/01/2016,59.330002,60.32,58.5,60.040001,2581611,55.771954
08/01/2016,60.27,60.82,58.759998,58.759998,2906559,54.582947
11/01/2016,58.580002,59.34,58.099998,58.110001,2885702,53.979149
12/01/2016,57.990002,60.380001,57.310001,59,3976466,54.805885
13/01/2016,60.099998,60.5,59.330002,59.490002,3133704,55.261055
14/01/2016,58.610001,58.66,56.82,58.009998,3691074,53.886257
15/01/2016,57.509998,57.700001,55.360001,56.150002,4890291,52.158485
18/01/2016,56.27,57.490002,55.619999,55.849998,1963450,51.879807
19/01/2016,56.959999,57.389999,56.41,56.720001,2117953,52.687965
20/01/2016,55.380001,55.66,53.77,54.360001,3779226,50.495728
21/01/2016,54.57,56.009998,53.849998,55.529999,3935676,51.582558
22/01/2016,56.720001,57.919998,56.200001,56.950001,3188157,52.901615
25/01/2016,57.639999,57.82,56.779999,57.32,2388659,53.245308
26/01/2016,56.400002,57.669998,55.790001,57.419998,2017387,53.338196
27/01/2016,57.48,57.52,54.540001,55.459999,4672140,51.517529
28/01/2016,55.34,56.25,54.18,55.02,3467510,51.10881
29/01/2016,55.959999,57.82,55.82,57.82,3303063,53.709766
01/02/2016,57.82,58.41,56.990002,57.849998,2509473,53.737629
02/02/2016,57.700001,57.700001,54.950001,55.349998,3272342,51.415352
03/02/2016,55.099998,55.220001,52.950001,53.900002,3362369,50.068428
04/02/2016,54.599998,54.720001,52.27,53.810001,4043452,49.984821
05/02/2016,53.919998,55.040001,53.349998,54.060001,3863611,50.217052
08/02/2016,53.57,53.75,50.720001,51.130001,5271400,47.495338
09/02/2016,51,52.049999,50.169998,51.220001,4128821,47.578938
10/02/2016,51.900002,52.970001,51.290001,52.369999,4183995,48.64719
11/02/2016,51.450001,51.470001,49.959999,49.959999,4946346,46.408508
12/02/2016,50.5,51.540001,50.16,51.310001,3133440,47.662544
15/02/2016,52.650002,53.869999,52.299999,53.380001,2460695,49.585392
16/02/2016,54.07,54.330002,53.459999,53.779999,2320494,49.956955
17/02/2016,53.439999,55.34,53.32,55.049999,2650522,51.136677
18/02/2016,55.689999,56.349998,55.310001,55.849998,2492698,51.879807
19/02/2016,55.970001,56.16,54.68,55.25,2202138,51.32246
22/02/2016,55.66,56.349998,55.610001,56.150002,1570156,52.158485
23/02/2016,55.610001,56.41,55.290001,55.41,2401782,51.471085
24/02/2016,55.41,56.150002,53.580002,54.950001,3991289,51.043781
25/02/2016,55.849998,57.880001,54.849998,57.369999,4211284,53.291752
26/02/2016,57.869999,58.599998,57.380001,57.509998,2578270,53.421799
29/02/2016,57.509998,59.880001,57.029999,59.779999,2927387,55.530434
01/03/2016,59.669998,60.959999,59.25,60.799999,2582728,56.477924
02/03/2016,61.189999,61.330002,60.09,60.540001,2026951,56.236408
03/03/2016,60.540001,61.099998,60.330002,60.77,2167026,56.450058
04/03/2016,61,62.419998,60.849998,62.099998,2665546,57.685516
07/03/2016,61.700001,61.919998,60.98,61.48,1634442,57.109589
08/03/2016,61,61.110001,60.080002,60.610001,2737929,56.301434
09/03/2016,60.419998,61.25,60.200001,60.639999,1835286,56.3293
10/03/2016,60.82,63.450001,58.189999,58.240002,4853296,54.099911
11/03/2016,59.68,60.57,59.27,60.130001,2325757,55.85556
14/03/2016,60.48,60.849998,60.049999,60.41,1623061,56.11565
15/03/2016,60,60.470001,59.709999,60.290001,1652283,56.004181
16/03/2016,60.400002,60.849998,60.130001,60.779999,1560656,56.459351
17/03/2016,60.939999,61.049999,57.52,59.529999,3847697,55.298203
18/03/2016,59.549999,60.700001,59.41,60.599998,4095864,56.292145
21/03/2016,60.290001,61.16,60.099998,60.880001,1744813,56.552238
22/03/2016,60.650002,61.299999,59.549999,61.25,2050333,56.895939
23/03/2016,61.490002,62.110001,60.82,61.330002,1632864,56.970253
24/03/2016,60.630001,60.650002,59.049999,59.77,2429178,55.521149
29/03/2016,60.220001,60.439999,59.52,60.049999,1753055,55.781242
30/03/2016,60.16,60.48,59.5,59.959999,2337592,55.697639
31/03/2016,59.509998,59.650002,58.029999,58.349998,3013404,54.202087
01/04/2016,57.150002,57.349998,55.66,56.98,4244681,52.929478
04/04/2016,56.580002,57.759998,56.080002,57.32,1758047,53.245308
05/04/2016,56.360001,56.619999,55.709999,56.43,2152593,52.418579
06/04/2016,56.509998,56.59,55.77,56.459999,1618373,52.446445
07/04/2016,56.259998,57.549999,56.259998,56.740002,2758453,52.706543
08/04/2016,56.73,58.029999,56.41,57.509998,2028869,53.421799
11/04/2016,57.110001,57.52,56.119999,56.349998,2234395,52.344265
12/04/2016,56.16,56.18,54.91,56.07,2563434,52.084167
13/04/2016,56.720001,57.610001,56.689999,57.610001,3003025,53.514694
14/04/2016,57.380001,57.82,56.18,56.869999,2904890,52.827297
15/04/2016,56.23,57.110001,56.220001,56.580002,2261862,52.557915
18/04/2016,55.830002,57.029999,55.759998,56.84,1532370,52.799431
19/04/2016,56.830002,58.099998,56.66,57.380001,2554636,53.301044
20/04/2016,56.98,58.040001,56.689999,57.459999,2243063,53.375355
21/04/2016,57.84,58.189999,56.900002,58.18,2481564,54.044174
22/04/2016,58.240002,58.369999,57.639999,58.169998,1433411,54.034885
25/04/2016,57.779999,58.830002,57.549999,58.639999,2544514,54.471478
26/04/2016,58.93,59.330002,58.049999,58.23,2081188,54.090622
27/04/2016,57.68,58.470001,57.299999,58.459999,1778081,54.304268
28/04/2016,56,56.419998,54.450001,55.77,5913874,51.805492
29/04/2016,54.689999,55.540001,54.43,54.610001,3477629,50.727955
02/05/2016,53.599998,54.68,53.509998,54.25,2278229,51.622421
03/05/2016,53.889999,53.939999,53.209999,53.560001,2401779,50.965847
04/05/2016,53.400002,53.77,53.049999,53.25,1977834,50.67086
05/05/2016,53.299999,54.130001,53.16,54.02,1763205,51.403568
06/05/2016,53.790001,54.27,53.369999,54.029999,1869087,51.413078
09/05/2016,54.189999,54.869999,53.759998,54.380001,1449413,51.746128
10/05/2016,55.23,55.810001,55.07,55.549999,2199357,52.859459
11/05/2016,55.369999,55.73,54.779999,55.490002,1775122,52.802364
12/05/2016,55.220001,56.25,54.860001,55.23,1911652,52.554958
13/05/2016,54.720001,55.540001,54.23,55.139999,2091778,52.469318
16/05/2016,54.75,54.900002,54.049999,54.869999,1035761,52.212391
17/05/2016,55.279999,55.299999,54.02,54.18,1854799,51.55582
18/05/2016,53.740002,53.82,52.779999,53.209999,3008709,50.632793
19/05/2016,52.669998,53.98,52.200001,53.330002,2300482,50.746986
20/05/2016,53.830002,54.549999,53.709999,54.41,2114660,51.774677
23/05/2016,54.400002,54.57,53.77,54.540001,2033661,51.898384
24/05/2016,54.25,56.279999,54.049999,56,2559628,53.287663
25/05/2016,56.43,56.459999,55.66,56.07,1946781,53.354275
26/05/2016,55.98,56.299999,55.84,56,1435141,53.287663
27/05/2016,55.709999,56.040001,55.580002,56.02,1239938,53.306698
30/05/2016,55.900002,56.48,55.450001,56.299999,806003,53.573135
31/05/2016,56.310001,56.48,55.860001,56.02,1713844,53.306698
01/06/2016,56,56.380001,55.549999,55.939999,1470447,53.230568
02/06/2016,55.810001,56.02,55.119999,55.299999,1708528,52.621567
03/06/2016,55.529999,55.639999,52.939999,53.349998,3892697,50.766018
06/06/2016,53.349998,53.639999,53,53.029999,1378597,50.461514
07/06/2016,53.470001,54.16,53.330002,53.509998,1628597,50.918266
08/06/2016,53.450001,54.119999,53.110001,53.610001,1777107,51.013428
09/06/2016,53.509998,53.68,53.009998,53.400002,1470865,50.813599
10/06/2016,53.299999,53.41,52.400002,52.66,2330848,50.109436
13/06/2016,52,52.139999,51.240002,51.27,2349084,48.786758
14/06/2016,50.66,51.560001,50.389999,50.98,3260958,48.510803
15/06/2016,51.48,52.43,51.450001,51.669998,2586441,49.167385
16/06/2016,51,51.380001,50.099998,50.490002,3211773,48.04454
17/06/2016,51.009998,51.490002,50.32,50.830002,4071643,48.368069
20/06/2016,52.040001,53.560001,51.560001,53.310001,2534731,50.727955
21/06/2016,53.310001,54.459999,53.119999,54.360001,2292739,51.7271
22/06/2016,54.650002,54.990002,54.23,54.450001,1837873,51.812737
23/06/2016,54.970001,56.32,54.810001,55.529999,2358776,52.840427
24/06/2016,50,53.5,50,52.110001,7026939,49.586079
27/06/2016,51.5,52.540001,49.509998,49.919998,4755583,47.502144
28/06/2016,50.639999,51.700001,50.240002,51.110001,2482765,48.63451
29/06/2016,51.669998,52.07,51.259998,51.93,2129924,49.414795
30/06/2016,51.560001,52.490002,51.279999,51.73,2815103,49.22448
01/07/2016,51.860001,52.119999,50.849998,51.48,1833698,48.986588
04/07/2016,51.82,52.009998,51.02,51.290001,983116,48.80579
05/07/2016,50.759998,51.040001,49.400002,49.77,2563251,47.359413
06/07/2016,49.5,49.68,48.07,48.470001,2939821,46.122375
07/07/2016,48.650002,49.790001,48.650002,49.049999,1788051,46.674286
08/07/2016,48.685001,49.514999,48.185001,49.029999,2531678,46.655251
11/07/2016,49.814999,50.580002,49.625,50.200001,2919840,47.768589
12/07/2016,50.509998,52.700001,50.450001,52.209999,2989003,49.681232
13/07/2016,51.919998,53.799999,50.669998,53.119999,3390070,50.547157
14/07/2016,53.5,53.959999,52.299999,53.380001,2183315,50.794563
15/07/2016,53.060001,53.279999,52.360001,52.610001,1678197,50.061859
18/07/2016,52.560001,53.23,51.970001,52.200001,1278447,49.671715
19/07/2016,52.07,52.439999,51.610001,52.27,1426851,49.738327
20/07/2016,52.610001,53.32,52.209999,52.919998,1586046,50.356842
21/07/2016,52.75,52.810001,51.619999,52.009998,1679837,49.490917
22/07/2016,51.75,52.119999,51.02,51.400002,2067414,48.910461
25/07/2016,50.560001,51.330002,50.200001,51.080002,2164103,48.605965
26/07/2016,50.740002,51.880001,50.68,51.700001,1786257,49.195934
27/07/2016,52.849998,54.700001,52.369999,54,3331492,51.384533
28/07/2016,54.009998,54.290001,53.439999,53.57,2170833,50.975357
29/07/2016,53.740002,53.849998,52.25,52.630001,2116271,50.080891
01/08/2016,52.900002,53.419998,51.98,52.25,1478246,49.719296
02/08/2016,51.970001,52.25,51.099998,51.259998,1452157,48.777245
03/08/2016,51.389999,51.490002,50.119999,50.459999,2070505,48.015991
04/08/2016,50.75,51.209999,50.32,50.599998,1294118,48.149208
05/08/2016,50.669998,51.240002,50.200001,51,1863512,48.529839
08/08/2016,50.580002,50.849998,50.099998,50.34,1460112,47.901802
09/08/2016,50.41,51.169998,50.349998,51.099998,2085484,48.624992
10/08/2016,50.970001,51.610001,50.860001,51.200001,1280319,48.72015
11/08/2016,51.509998,51.84,50.759998,51.84,1289892,49.329151
12/08/2016,51.84,52.189999,51.720001,52.029999,1103502,49.509949
15/08/2016,52.220001,52.669998,51.900002,52.279999,914110,49.747837
16/08/2016,52.139999,52.139999,51,51.490002,1699009,48.996109
17/08/2016,51.490002,51.689999,50.630001,50.689999,1436602,48.234852
18/08/2016,50.060001,50.369999,49.799999,50,2297949,47.57827
19/08/2016,50,50.130001,49.505001,49.860001,1913687,47.445053
22/08/2016,50,50.380001,49.625,49.974998,1701962,47.554478
23/08/2016,50.02,51.060001,50,50.599998,1389824,48.149208
24/08/2016,50.5,51.43,50,51.209999,1250402,48.729664
25/08/2016,51.049999,51.139999,50.16,50.549999,1168283,48.101631
26/08/2016,50.549999,51.419998,50.360001,51.040001,1133912,48.567898
29/08/2016,50.91,51.330002,50.619999,51.299999,895224,48.815304
30/08/2016,51.490002,52.040001,51.41,51.439999,1506347,48.948528
31/08/2016,51.630001,52.900002,51.599998,52.290001,2233225,49.757359
01/09/2016,52.48,52.830002,51.720001,51.849998,1609600,49.338669
02/09/2016,52.040001,53.32,51.919998,53.189999,1845849,50.613762
05/09/2016,53.43,53.939999,53.150002,53.860001,1468401,51.251316
06/09/2016,54.299999,54.84,54.060001,54.400002,2197597,51.76516
07/09/2016,54.5,54.75,53.919998,54.75,1697911,52.098209
08/09/2016,54.549999,55.529999,54.540001,55.5,2850333,52.811882
09/09/2016,55.34,56.040001,55.169998,55.630001,2329269,52.935585
12/09/2016,54.75,55,53.880001,54.5,2296790,51.860313
13/09/2016,54.869999,55.060001,53.82,53.82,1550369,51.213253
14/09/2016,54.34,54.389999,52.900002,53.060001,2050740,50.490063
15/09/2016,53,53.080002,52.25,52.810001,2259516,50.252174
16/09/2016,52.650002,53.290001,52.18,52.580002,4023510,50.033314
19/09/2016,52.939999,53.150002,52.220001,52.82,1677182,50.261684
20/09/2016,52.84,53.259998,52.43,52.470001,1118211,49.928642
21/09/2016,53.040001,53.330002,52.599998,52.650002,1193493,50.099922
22/09/2016,53.16,54.400002,52.959999,53.720001,2086233,51.118095
23/09/2016,53.599998,54.080002,53.549999,53.810001,1439977,51.203735
26/09/2016,53.459999,53.459999,52.400002,52.490002,1827168,49.94767
27/09/2016,52.77,52.91,51.580002,52.139999,1511661,49.61462
28/09/2016,52.389999,53.209999,52.389999,52.709999,1549301,50.157013
29/09/2016,52.98,53.389999,52.889999,53.299999,1292491,50.718441
30/09/2016,52.810001,54.099998,52.200001,53.84,2246480,51.232285
03/10/2016,53.84,54,53.360001,53.740002,741270,51.137131
04/10/2016,53.720001,55,53.57,54.849998,1742148,52.193367
05/10/2016,54.240002,55.189999,53.759998,55.080002,1632242,52.412224
06/10/2016,55.130001,55.389999,54.43,54.43,1852426,51.793705
07/10/2016,54.48,54.48,53.299999,53.830002,1974540,51.222767
10/10/2016,53.799999,54.360001,53.299999,54.330002,1225772,51.698551
11/10/2016,54,54,52.759998,53.029999,2883787,50.461514
12/10/2016,52.970001,53,52.139999,52.48,1823512,49.938152
13/10/2016,52.110001,52.450001,51.720001,52.419998,2058276,49.881062
14/10/2016,51.580002,52.970001,51.5,52.599998,2349514,50.052341
17/10/2016,52.330002,53.049999,52.330002,52.709999,1547620,50.157013
18/10/2016,53.189999,53.810001,53.009998,53.630001,1661161,51.032452
19/10/2016,53.700001,54.25,53.610001,54.130001,1300353,51.50824
20/10/2016,53.889999,54.580002,53.689999,54.27,1944450,51.641457
21/10/2016,54.259998,54.75,53.869999,54.259998,2059661,51.631939
24/10/2016,54.139999,54.869999,54.119999,54.830002,1691755,52.174335
25/10/2016,54.459999,54.669998,52.93,53.389999,3265107,50.804077
26/10/2016,52.299999,55.900002,52.240002,55.400002,3933335,52.716728
27/10/2016,55.5,55.650002,54.689999,55.450001,2509713,52.764305
28/10/2016,55.060001,55.540001,54.810001,55,2147076,52.336098
31/10/2016,54.509998,54.82,53.810001,54.150002,2045307,51.527271
01/11/2016,54.450001,54.75,53.16,53.32,1471384,50.737465
02/11/2016,52.939999,52.990002,52.380001,52.59,1672488,50.042824
03/11/2016,52.360001,52.849998,52.080002,52.080002,1284607,49.557529
04/11/2016,51.84,52,51.080002,51.919998,1718126,49.405273
07/11/2016,52.360001,53.32,52.360001,53.150002,1668234,50.575703
08/11/2016,53.209999,53.639999,52.009998,52.82,1936975,50.261684
09/11/2016,51.040001,54.279999,51,54.259998,3335069,51.631939
10/11/2016,54.540001,56.369999,54.360001,55.349998,3773862,52.669147
11/11/2016,55.419998,55.759998,54.43,54.759998,1443238,52.107719
14/11/2016,55.380001,56.48,55.32,56.369999,2440317,53.63974
15/11/2016,56.450001,56.93,55.82,56.470001,2113821,53.734901
16/11/2016,56.450001,56.66,54.560001,54.82,2289687,52.164814
17/11/2016,54.939999,55.540001,54.5,55.529999,1680754,52.840427
18/11/2016,56,56.490002,54.900002,55.240002,2047907,52.564476
21/11/2016,55.240002,57.82,55.23,57.68,2777491,54.886295
22/11/2016,58.5,59.349998,58.060001,58.400002,2497154,55.571426
23/11/2016,58.490002,60.150002,58.459999,59.779999,3200839,56.884579
24/11/2016,59.740002,60.25,59.490002,60.040001,1870516,57.131989
25/11/2016,60.110001,60.549999,59.52,60.310001,1367036,57.388912
28/11/2016,60.02,60.369999,59.880001,60.049999,1980670,57.141502
29/11/2016,60,60.580002,59.689999,60.43,1806188,57.503101
30/11/2016,60.110001,60.77,59.98,60.27,2346424,57.350849
01/12/2016,60.259998,60.450001,59.75,60.049999,2137738,57.141502
02/12/2016,59.740002,59.939999,58.73,58.990002,2624607,56.132843
05/12/2016,58.799999,60.599998,58.799999,59.880001,1911000,56.97974
06/12/2016,60.200001,60.200001,58.959999,59.400002,2151687,56.522987
07/12/2016,60.080002,60.259998,58.169998,58.580002,2950648,55.742706
08/12/2016,59.32,59.720001,58.09,59.32,2617346,56.446861
09/12/2016,59.290001,59.630001,58.73,59.580002,1926839,56.694271
12/12/2016,59.700001,60.610001,59.459999,60.450001,2140698,57.522133
13/12/2016,60.5,62.900002,60.330002,62.849998,3806669,59.805889
14/12/2016,62.470001,62.720001,61.990002,62.400002,2022538,59.377682
15/12/2016,62.75,64.290001,62.75,64.099998,3983443,60.995346
16/12/2016,63.880001,64.980003,63.529999,64.18,5086102,61.071468
19/12/2016,64.169998,64.290001,62.98,63.25,1997858,60.186512
20/12/2016,63.200001,63.990002,62.57,63.84,2101962,60.74794
21/12/2016,63.560001,64.139999,62.720001,63,1695783,59.94862
22/12/2016,62.450001,62.880001,61.939999,62.720001,1758530,59.682186
23/12/2016,62.84,63.029999,62.439999,62.900002,775843,59.85347
27/12/2016,62.900002,63.049999,62.32,62.919998,500179,59.872494
28/12/2016,62.689999,63.029999,62.450001,62.720001,881555,59.682186
29/12/2016,62.549999,62.560001,62.009998,62.360001,803596,59.339622
30/12/2016,62.43,62.84,61.73,62.84,1215943,59.796371
02/01/2017,62.68,63.330002,62.310001,62.82,594839,59.777336
03/01/2017,63.099998,63.939999,62.98,63.5,2076307,60.424404
04/01/2017,63.5,63.619999,62.759998,63.400002,1734908,60.32925
05/01/2017,64.410004,65.389999,64.209999,64.599998,2332246,61.471127
06/01/2017,64.68,65.309998,63.950001,65.139999,1962633,61.98497
09/01/2017,65.059998,65.290001,64.190002,65.279999,1802559,62.118195
10/01/2017,65.400002,66.050003,65.099998,65.199997,1873665,62.042061
11/01/2017,65.010002,65.769997,64.550003,65.459999,2154981,62.289471
12/01/2017,65.309998,65.599998,64.519997,64.690002,1754768,61.55677
13/01/2017,65,65.639999,64.459999,65.639999,1630054,62.460758
16/01/2017,65.110001,65.379997,64.800003,65.18,997832,62.023037
17/01/2017,64.82,65.599998,64.519997,65.349998,1819558,62.184799
18/01/2017,65.459999,65.599998,64.32,64.839996,1697190,61.699497
19/01/2017,64.809998,65.940002,64.730003,65.480003,2143368,62.308514
20/01/2017,65.230003,65.919998,65,65.339996,2218246,62.175285
23/01/2017,65,65.610001,64.610001,65.449997,1615128,62.279953
24/01/2017,65.400002,65.790001,65.239998,65.559998,1400523,62.384624
25/01/2017,65.739998,66.32,65.18,65.389999,1932070,62.222866
26/01/2017,65.5,65.540001,64.449997,64.910004,1800381,61.766117
27/01/2017,64.879997,65.199997,64.419998,64.669998,1136342,61.537739
30/01/2017,64.540001,64.709999,63.189999,63.290001,1814170,60.224579
31/01/2017,63.200001,63.860001,62.759998,62.759998,1919417,59.720245
01/02/2017,62.580002,63.23,62.459999,63.099998,1638153,60.043777
02/02/2017,62.970001,63.5,62.700001,62.84,1634905,59.796371
03/02/2017,62.810001,63.599998,62.619999,63.060001,1476569,60.005718
06/02/2017,63.029999,63.950001,62.939999,63.110001,1550256,60.053299
07/02/2017,63,64.089996,62.759998,62.880001,1594809,59.834435
08/02/2017,63.060001,63.860001,62.459999,62.77,1602170,59.729759
09/02/2017,62.740002,64.139999,62.740002,64,1493430,60.900188
10/02/2017,64.099998,64.519997,63.869999,64.389999,1354851,61.271297
13/02/2017,64.480003,66.080002,64.419998,65.849998,1622878,62.660587
14/02/2017,65.739998,66.260002,65.440002,66.209999,1361242,63.003151
15/02/2017,66.209999,66.839996,66.080002,66.32,1488267,63.107822
16/02/2017,66,66.300003,65.309998,65.769997,1689453,62.584454
17/02/2017,65.669998,66.300003,64.660004,65.400002,1805130,62.23238
20/02/2017,65.599998,66.669998,65.599998,66.529999,1250908,63.307648
21/02/2017,66.489998,67.239998,66.300003,67.239998,1796213,63.983265
22/02/2017,66.75,67.830002,65.599998,66.699997,3178074,63.46941
23/02/2017,67.75,69.480003,67.68,69.050003,2859863,65.705597
24/02/2017,68.93,69.75,68.230003,68.349998,2537992,65.039497
27/02/2017,68.389999,68.739998,68.120003,68.349998,1563780,65.039497
28/02/2017,68.349998,69.489998,68.349998,69.32,2297393,65.962517
01/03/2017,69.690002,71.400002,69.639999,71.120003,2496301,67.675331
02/03/2017,71.160004,71.699997,70.93,71.699997,1590954,68.227242
03/03/2017,71.57,71.849998,70.919998,71.169998,1968675,67.722908
06/03/2017,70.650002,71.470001,70.5,71.050003,1926655,67.608727
07/03/2017,70.940002,70.959999,69.900002,70.190002,1942419,66.790382
08/03/2017,69.889999,70.739998,69.639999,70.470001,1262311,67.056824
09/03/2017,70.25,70.5,69.779999,70.059998,1559193,66.666672
10/03/2017,70.199997,70.779999,70.059998,70.059998,1299185,66.666672
13/03/2017,70.25,70.389999,69.910004,69.949997,942671,66.562004
14/03/2017,70.199997,70.57,69.889999,70.199997,1031487,66.799896
15/03/2017,70.400002,70.470001,69.980003,70.43,1397171,67.018753
16/03/2017,70.809998,70.900002,69.849998,70.360001,1547533,66.952141
17/03/2017,69,70.050003,68.989998,70.010002,2785113,66.619095
20/03/2017,69.699997,70.790001,69.620003,70.599998,1052748,67.180519
21/03/2017,70.699997,71.010002,69.339996,69.610001,1691796,66.238472
22/03/2017,69,69.330002,68.279999,68.900002,1942474,65.562859
23/03/2017,68.830002,70.010002,68.540001,69.849998,1459948,66.46685
24/03/2017,69.730003,70.239998,69.440002,70.019997,1138325,66.628609
27/03/2017,69.309998,69.5,68.779999,69.330002,1342929,65.972038
28/03/2017,69.519997,70.849998,69.519997,70.830002,1089990,67.399384
29/03/2017,71,71.849998,70.93,71.620003,1341066,68.151115
30/03/2017,71.620003,72.120003,71.459999,71.639999,1117112,68.170151
31/03/2017,71.099998,71.470001,70.860001,71.330002,2074757,67.875168
03/04/2017,71.400002,71.82,71.300003,71.360001,1272288,67.903709
04/04/2017,71.190002,71.839996,70.900002,71.82,1165031,68.341431
05/04/2017,71.82,72.120003,71.519997,71.57,1311847,68.103539
06/04/2017,71.120003,72.599998,70.959999,72.519997,1382952,69.007523
07/04/2017,72.029999,72.510002,71.650002,72.5,1424663,68.988495
10/04/2017,72.25,72.25,71.089996,71.089996,1920441,67.64679
11/04/2017,70.540001,71.339996,70.449997,71.300003,1967151,67.846619
12/04/2017,71.330002,72.349998,71.160004,71.93,1625849,68.446106
13/04/2017,71.620003,71.989998,71.290001,71.330002,1754341,67.875168
18/04/2017,70.5,71.019997,69.230003,69.529999,2099125,67.438698
19/04/2017,69.5,70.120003,69.449997,69.940002,1324250,67.836372
20/04/2017,69.529999,72.339996,69.440002,72.269997,2341444,70.096283
21/04/2017,71.970001,72.360001,71.400002,71.57,2834463,69.417336
24/04/2017,73.5,74.199997,72.830002,73.959999,3392539,71.735458
25/04/2017,73.949997,74.099998,73.309998,74.099998,2035966,71.871246
26/04/2017,74,74.589996,73.260002,74.089996,2711216,71.861542
27/04/2017,72.599998,75.779999,72.599998,75,2791834,72.744171
28/04/2017,74.75,74.870003,73.75,74.230003,2041707,71.997337
02/05/2017,74.410004,75.019997,73.949997,74.650002,1514930,72.404701
03/05/2017,74.449997,74.489998,73.220001,73.919998,1892839,71.696655
04/05/2017,74.330002,75.029999,73.910004,75.029999,3074091,72.773277
05/05/2017,74.800003,75.879997,74.120003,75.879997,2373314,73.597702
08/05/2017,75.120003,75.809998,75.120003,75.410004,1865781,73.141846
09/05/2017,75.5,76.07,75.269997,75.5,1843290,73.229141
10/05/2017,75.279999,75.75,75.089996,75.239998,1626911,72.976952
11/05/2017,75.300003,75.330002,73.559998,74,2034389,71.774254
12/05/2017,74.209999,74.720001,73.529999,74.459999,1549001,72.220413
15/05/2017,74.550003,74.769997,74.07,74.269997,1451526,72.036133
16/05/2017,74.139999,74.449997,73.879997,74.190002,1916654,71.958542
17/05/2017,73.800003,74.160004,72.279999,72.730003,2506050,70.542458
18/05/2017,72.93,73.519997,71.75,73.220001,2246008,71.017715
19/05/2017,73.269997,74.129997,73.080002,73.760002,1879911,71.541473
22/05/2017,74.019997,74.190002,72.459999,72.629997,1346452,70.445457
23/05/2017,72.239998,73.360001,72.199997,72.410004,1472739,70.232079
24/05/2017,72.349998,72.900002,72.18,72.419998,1453146,70.241776
25/05/2017,72.900002,73.290001,72.220001,73.099998,1188382,70.901321
26/05/2017,72.989998,73.900002,72.760002,73.900002,1287651,71.677261
29/05/2017,73.709999,73.919998,73.480003,73.720001,496934,71.50267
30/05/2017,73.300003,73.93,73.040001,73.269997,1022310,71.0662
31/05/2017,73.370003,74.059998,73.07,73.07,2291693,70.872223
01/06/2017,73.220001,75.25,73.190002,75.230003,1903343,72.967262
02/06/2017,75.599998,75.75,75.010002,75.599998,1548696,73.326126
05/06/2017,75.43,75.5,74.550003,74.760002,1393976,72.511398
06/06/2017,74.300003,75.220001,74.160004,74.699997,1778237,72.453194
07/06/2017,74.470001,74.489998,73.470001,73.470001,2075635,71.260201
08/06/2017,73.260002,74.129997,72.260002,73.75,2064322,71.531769
09/06/2017,73.980003,75.5,73.800003,75.410004,1696443,73.141846
12/06/2017,75.050003,75.139999,73.919998,74.269997,1453664,72.036133
13/06/2017,74.330002,74.970001,74.07,74.599998,950069,72.356209
14/06/2017,74.959999,75.849998,74.839996,75.129997,1554647,72.870262
15/06/2017,74.879997,74.940002,73.129997,73.279999,2453122,71.075905
16/06/2017,73.589996,74.93,73.419998,74.93,2946719,72.676285
19/06/2017,75.279999,76.980003,75.279999,76.400002,1754422,74.102066
20/06/2017,76.720001,77.25,75.82,75.949997,1901702,73.665596
21/06/2017,75.510002,75.760002,74.410004,75.25,1616636,72.986656
22/06/2017,74.980003,75.230003,74.400002,75.040001,1168764,72.782974
23/06/2017,75.099998,75.830002,74.910004,75.699997,1390598,73.423119
26/06/2017,75.980003,76.449997,75.730003,75.949997,1341540,73.665596
27/06/2017,75.720001,75.720001,74.300003,74.480003,1823710,72.239815
28/06/2017,74,74.080002,72.519997,73.800003,2237554,71.580276
29/06/2017,73.809998,73.93,71.580002,72.220001,2917366,70.047798
30/06/2017,72.220001,72.940002,72,72,2020251,69.834404
03/07/2017,72.720001,73.32,72.449997,73.099998,1203565,70.901321
04/07/2017,72.660004,73.449997,72.580002,73.099998,928386,70.901321
05/07/2017,72.980003,73.970001,72.919998,73.910004,1634111,71.686958
06/07/2017,74,74.220001,73.709999,74.129997,2021366,71.900337
07/07/2017,74.099998,74.720001,73.980003,74.099998,1455702,71.871246
10/07/2017,74.290001,74.699997,73.739998,74.360001,918705,72.123421
11/07/2017,74.309998,75.010002,74.089996,74.440002,1121368,72.201019
12/07/2017,74.68,74.870003,73.949997,74.639999,1783606,72.395004
13/07/2017,74.669998,75.309998,74.290001,75,1193906,72.744171
14/07/2017,74.860001,74.959999,73.980003,74.559998,1282579,72.317413
17/07/2017,74.559998,74.650002,73.599998,73.639999,1365925,71.425079
18/07/2017,73.389999,73.529999,72.25,72.459999,1872482,70.280571
19/07/2017,72.849998,73.870003,72.120003,73.690002,1678068,71.473579
20/07/2017,74,74.169998,72.169998,72.360001,1974974,70.183586
21/07/2017,71.739998,72.550003,71.059998,71.370003,2615668,69.223358
24/07/2017,71.010002,72.18,70.5,71.629997,1346583,69.475533
25/07/2017,71.529999,73.260002,71.519997,72.629997,1647862,70.445457
26/07/2017,72.349998,74.650002,72.230003,74.650002,2222491,72.404701
27/07/2017,72,72.730003,71.18,72.269997,3596345,70.096283
28/07/2017,71.919998,73.089996,71.790001,72.379997,2280881,70.20298
31/07/2017,72.220001,72.449997,70.5,70.599998,2298622,68.476509
01/08/2017,72,72.279999,70.860001,72.029999,1619840,69.863503
02/08/2017,72.239998,72.389999,70.739998,71.010002,1526417,68.874184
03/08/2017,70.970001,72.010002,70.889999,71.279999,1428208,69.136063
04/08/2017,71.239998,73.559998,70.949997,73.32,1756136,71.114708
07/08/2017,73.599998,73.709999,72.230003,72.43,1207571,70.251472
08/08/2017,72.510002,72.599998,71.5,72.110001,1250049,69.941101
09/08/2017,71.790001,71.800003,70.879997,71.489998,1606046,69.339745
10/08/2017,71.480003,71.650002,70.809998,71,1252798,68.864487
11/08/2017,70.639999,71.080002,70.169998,70.75,1701738,68.622002
14/08/2017,71.089996,71.889999,71,71.720001,931951,69.562828
15/08/2017,72.150002,72.730003,71.669998,72.339996,985503,70.164177
16/08/2017,72.550003,73.980003,72.510002,72.879997,1481599,70.687935
17/08/2017,72.599998,72.910004,71.879997,72.190002,1850067,70.018692
18/08/2017,71.779999,71.779999,70.790001,71.5,1858123,69.349449
21/08/2017,71.32,71.379997,70.389999,70.839996,1230288,68.709297
22/08/2017,71.400002,71.449997,70.839996,71.25,1071112,69.106964
23/08/2017,71.269997,71.459999,70.629997,70.809998,856121,68.680199
24/08/2017,70.830002,70.980003,70.370003,70.370003,1189469,68.253441
25/08/2017,70.5,71.519997,70.370003,70.860001,1122032,68.728699
28/08/2017,70.559998,70.68,69.860001,70.169998,635646,68.059448
29/08/2017,69.559998,69.559998,68.419998,68.720001,1811805,66.653061
30/08/2017,69.25,69.870003,68.870003,69.809998,1060053,67.710274
31/08/2017,70.169998,71.050003,69.980003,70.610001,1604178,68.486214
01/09/2017,72.080002,72.800003,71.239998,71.300003,1721058,69.155464
04/09/2017,70.699997,71.360001,70.57,71.089996,532563,68.951775
05/09/2017,71.18,71.639999,70.970001,71.239998,845190,69.09726
06/09/2017,70.82,71.489998,70.459999,71.410004,1181595,69.262154
07/09/2017,71.510002,71.870003,70.32,70.43,1968192,68.31163
08/09/2017,70.169998,70.510002,69.519997,70.5,1252913,68.379524
11/09/2017,70.900002,71.629997,70.739998,70.82,1315227,68.689903
12/09/2017,70.949997,71.32,70.550003,70.669998,1325716,68.544411
13/09/2017,70.550003,71,70.349998,70.949997,1529955,68.815987
14/09/2017,70.68,71.300003,70.650002,71.080002,1344735,68.942078
15/09/2017,70.870003,72,70.860001,72,5935680,69.834404
18/09/2017,72.389999,73.730003,72.139999,73.599998,1712269,71.386276
19/09/2017,73.5,74.089996,73.139999,74,1900806,71.774254
20/09/2017,73.5,74.589996,73.440002,74.589996,1528932,72.346504
21/09/2017,75,77.980003,75,77.559998,2946892,75.227173
22/09/2017,76.870003,77.959999,76.199997,77.339996,2421931,75.013786
25/09/2017,77.5,78.849998,77.480003,77.839996,1800310,75.498749
26/09/2017,77.5,78.779999,76.889999,78.779999,1960532,76.410477
27/09/2017,78.699997,80.370003,78.639999,80.370003,2242300,77.95266
28/09/2017,80.449997,80.68,79.809998,80,1722169,77.593781
29/09/2017,79.949997,80.410004,79.580002,80.410004,2099116,77.991463
02/10/2017,80.330002,80.75,80.139999,80.599998,1355099,78.175735
03/10/2017,80.709999,81.650002,80.540001,81.639999,1227678,79.184464
04/10/2017,81.559998,82.139999,81.110001,82.139999,1593589,79.669418
05/10/2017,82.199997,82.25,80.849998,81.800003,1802178,79.339653
06/10/2017,81.709999,82.080002,81.199997,81.269997,1912323,78.825584
09/10/2017,79.5,80.370003,78.739998,79.440002,3248461,77.050636
10/10/2017,79.099998,79.290001,78.43,78.839996,2020919,76.468674
11/10/2017,78.400002,78.550003,77.529999,77.989998,2461122,75.644234
12/10/2017,77.860001,78.32,77.720001,78.160004,1544613,75.809135
13/10/2017,77.040001,78.029999,76.93,77.199997,1700450,74.877998
16/10/2017,77,77.349998,76.169998,77.07,1634343,74.751915
17/10/2017,78.650002,81.339996,78.650002,80.790001,3367017,78.360023
18/10/2017,80.720001,81.230003,79.949997,81.139999,1707224,78.699501
19/10/2017,80.879997,81.690002,80.43,80.720001,2118635,78.29213
20/10/2017,81.059998,81.269997,80.220001,80.720001,1511806,78.29213
23/10/2017,80.639999,81.879997,80.330002,81.290001,944252,78.844986
24/10/2017,81.209999,83.760002,81.150002,83.25,2887232,80.746033
25/10/2017,82.839996,84.330002,82.309998,83.470001,2036221,80.959412
26/10/2017,83.889999,85.959999,83.559998,85.809998,2146664,83.229027
27/10/2017,86.470001,88.230003,85.900002,86.559998,3112118,83.956474
30/10/2017,86.029999,86.25,84.43,84.709999,2219520,82.162117
31/10/2017,85.75,89.120003,85.43,87.75,3186345,85.110687
01/11/2017,88.5,88.5,87.029999,87.379997,1663464,84.751808
02/11/2017,86.279999,86.940002,85.779999,86.410004,1704866,83.810989
03/11/2017,86.599998,87.730003,86.599998,87.169998,1498114,84.548126
06/11/2017,86.849998,87.230003,86.529999,86.620003,1130253,84.014671
07/11/2017,86.919998,87.019997,86.220001,86.400002,1243787,83.801292
08/11/2017,86.599998,87.5,84.900002,85.459999,1554544,82.889557
09/11/2017,85.300003,86.529999,83.790001,84.07,1963728,81.541367
10/11/2017,84.099998,84.650002,83.25,83.720001,1564466,81.201897
13/11/2017,83.360001,83.940002,82.260002,83.25,1611483,80.746033
14/11/2017,83.199997,84.339996,82.970001,83.540001,1522192,81.027313
15/11/2017,85.629997,86.889999,84.220001,85.5,3015548,82.92836
16/11/2017,86.160004,86.160004,84.830002,85.489998,1517840,82.918655
17/11/2017,85.449997,86.129997,84.800003,84.879997,1303346,82.327003
20/11/2017,84.709999,85.57,84.349998,85.199997,1115602,82.637375
21/11/2017,85,86.730003,84.800003,86.019997,1400629,83.432716
22/11/2017,85.860001,86.389999,85.269997,85.330002,1315358,82.763474
23/11/2017,85.360001,86.169998,84.93,85.889999,917728,83.306633
24/11/2017,85.730003,86.330002,85.379997,85.800003,951963,83.219337
27/11/2017,85.559998,86.699997,85.25,85.690002,1011712,83.112648
28/11/2017,85.730003,86.830002,85.120003,86.830002,1222274,84.218361
29/11/2017,87.089996,88.419998,87.029999,87.290001,1485386,84.66452
30/11/2017,87.360001,87.68,86.879997,87.290001,2161119,84.66452
01/12/2017,87.300003,87.330002,85.279999,85.309998,2055769,82.744072
04/12/2017,87.089996,88.480003,87.059998,87.870003,1741336,85.227074
05/12/2017,87.660004,88.57,87.059998,88.57,1385214,85.906021
06/12/2017,87.82,89.059998,87.459999,88.860001,1315476,86.187302
07/12/2017,88.989998,89.269997,87.419998,88.019997,1462679,85.372559
08/12/2017,88.699997,88.699997,87.389999,87.769997,1264048,85.130081
11/12/2017,87.669998,87.690002,85.839996,85.93,1591753,83.345428
12/12/2017,86.389999,87.32,85.610001,87.230003,1186451,84.606323
13/12/2017,86.400002,87.050003,86.129997,86.25,1390206,83.6558
14/12/2017,86.480003,86.529999,85.110001,85.339996,1902549,82.773163
15/12/2017,85.290001,85.93,84.519997,85.25,5085521,82.685883
18/12/2017,85.93,86.760002,85.599998,86.529999,1339134,83.927376
19/12/2017,86.529999,86.949997,85.669998,85.669998,1155519,83.093239
20/12/2017,85.519997,86.419998,84.669998,84.800003,1500312,82.24942
21/12/2017,84.529999,85.150002,83.959999,84.919998,1356310,82.365807
22/12/2017,84.68,85.330002,84.550003,84.550003,873485,82.006935
27/12/2017,84.470001,85.459999,84.309998,85.239998,932890,82.676178
28/12/2017,85.230003,85.230003,83.580002,83.900002,1024248,81.37648
29/12/2017,83.900002,84.190002,83,83,1578785,80.503548
02/01/2018,83.029999,83.480003,82.220001,82.75,1372454,80.261078
03/01/2018,83,84.650002,82.860001,84.120003,1623702,81.589874
04/01/2018,84.190002,86.089996,84.190002,85.82,1796349,83.238731
05/01/2018,86.230003,86.230003,84.419998,85.599998,1689901,83.025352
08/01/2018,85.830002,86.620003,85.800003,86.620003,1330866,84.014671
09/01/2018,86.309998,87.25,86.309998,86.879997,1117093,84.266846
10/01/2018,86.849998,90.279999,86.529999,90.269997,2630181,87.554886
11/01/2018,90.410004,91.900002,89.910004,90.019997,2816239,87.312401
12/01/2018,90.410004,90.75,89.900002,90.400002,1301019,87.680984
15/01/2018,90.400002,90.739998,89.620003,90,1374298,87.293007
16/01/2018,89.900002,90.269997,89.650002,89.970001,1621132,87.263916
17/01/2018,89.370003,90.300003,89.25,89.739998,1287333,87.040825
18/01/2018,90.489998,92.559998,90.019997,90.400002,2656032,87.680984
19/01/2018,90.940002,92.879997,90.870003,92.790001,2523329,89.999092
22/01/2018,93,93.519997,92.610001,93.25,1866217,90.445259
23/01/2018,94,94,91.739998,92.099998,1848638,89.329842
24/01/2018,92.059998,92.339996,90.480003,90.5,1770657,87.777969
25/01/2018,90.5,90.790001,87.279999,88,2766900,85.353165
26/01/2018,88.260002,89.760002,88.07,89.559998,1688553,86.866241
29/01/2018,90.5,90.839996,89.639999,90.419998,1589726,87.700378
30/01/2018,90.120003,90.919998,89.330002,89.800003,1353425,87.09903
31/01/2018,90.010002,92.769997,90,92.5,2051737,89.717819
01/02/2018,93.099998,93.199997,90.730003,91.169998,1963564,88.427811
02/02/2018,89.360001,90.279999,87.129997,87.970001,2700960,85.324066
05/02/2018,87.190002,87.190002,85.32,86.599998,2275453,83.99527
06/02/2018,83.519997,87.139999,82.050003,85.010002,4166870,82.453094
07/02/2018,86.059998,88.459999,85.110001,88.400002,2662190,85.741135
08/02/2018,87.769997,88.059998,85.230003,85.510002,2627891,82.938057
09/02/2018,84.910004,85.440002,82.019997,83.540001,3554261,81.027313
12/02/2018,84,84,82.169998,82.519997,2890116,80.037987
13/02/2018,82.519997,84.010002,82.459999,83.150002,2150253,80.64904
14/02/2018,83.919998,84.480003,81.330002,84.169998,2325684,81.638359
15/02/2018,90.5,93.470001,89.779999,92.82,5873239,90.028191
16/02/2018,93.370003,95.599998,93.209999,95.529999,3480413,92.656677
19/02/2018,95.529999,96.25,94.449997,94.889999,1575164,92.035927
20/02/2018,94.510002,97.470001,94.209999,96.989998,2250827,94.072769
21/02/2018,97.470001,97.860001,96.900002,97.660004,2045573,94.722618
22/02/2018,97.199997,98,97.010002,97.699997,1946425,94.761406
23/02/2018,97.940002,98.300003,97.330002,98.300003,1401492,95.343369
26/02/2018,98.5,99.660004,98.290001,98.940002,1886721,95.964119
27/02/2018,99.050003,99.970001,98.349998,98.709999,2326711,95.741035
28/02/2018,98.18,98.980003,97.75,98.339996,1718890,95.382156
01/03/2018,98.169998,98.790001,96.139999,97.099998,1760776,94.179451
02/03/2018,95.800003,95.879997,93.57,93.949997,2660441,91.124199
05/03/2018,93.480003,95.989998,93.339996,95.75,1883059,92.870064
06/03/2018,96.239998,97.389999,95.870003,96.120003,2005926,93.228935
07/03/2018,95.699997,96.540001,95.199997,95.720001,1496982,92.840965
08/03/2018,95.690002,97.470001,95.099998,97.089996,1708289,94.169754
09/03/2018,96.839996,98.540001,96.660004,98.330002,1667528,95.372459
12/03/2018,98.5,98.599998,95.760002,95.870003,1824223,92.98645
13/03/2018,96.279999,97.269997,95.160004,95.660004,1460828,92.782776
14/03/2018,95.489998,96.75,94.879997,95.25,1548763,92.385109
15/03/2018,96,97.230003,95.449997,96.839996,1492138,93.927277
16/03/2018,96.449997,97.379997,95.690002,96,4240400,93.112541
19/03/2018,96,96.139999,93.959999,94.43,1454271,91.58976
20/03/2018,94.739998,97.260002,94.309998,96.43,1527789,93.52961
21/03/2018,96.269997,96.309998,94.75,95.510002,1306085,92.637283
22/03/2018,95,95.459999,92.779999,94.629997,2307587,91.783752
23/03/2018,93.550003,94.300003,91.870003,92.919998,2232114,90.125183
26/03/2018,92.93,93.779999,92.099998,92.879997,2156370,90.08638
27/03/2018,94.639999,95.480003,94,95.099998,1603029,92.239616
28/03/2018,93.889999,94.410004,92.620003,93.980003,2342711,91.153297
29/03/2018,94.480003,95.07,93.620003,93.800003,1787075,90.978714
03/04/2018,92.879997,94.050003,91.550003,93.599998,1394820,90.784729
04/04/2018,93.230003,94.529999,92.129997,92.809998,2566788,90.018486
05/04/2018,94.620003,94.919998,94.220001,94.870003,2241922,92.016533
06/04/2018,94.760002,94.769997,93.93,94.400002,1011322,91.560669
09/04/2018,94.400002,95.279999,94.110001,94.400002,1162527,91.560669
10/04/2018,95.199997,95.419998,93.849998,95.419998,1549328,92.549988
11/04/2018,95.379997,95.589996,92.120003,92.43,1962224,89.649925
12/04/2018,92.57,93.239998,90.230003,92.959999,2055722,90.163979
13/04/2018,93,94.120003,90.949997,91.5,1848098,88.747894
16/04/2018,90.279999,91.669998,90.230003,90.379997,1286645,89.122604
17/04/2018,90.760002,93.309998,90.410004,93.080002,1799910,91.785042
18/04/2018,93.5,94.760002,93.230003,94.599998,1675107,93.28389
19/04/2018,94.980003,95.419998,93.629997,94.239998,1129502,92.928902
20/04/2018,95.029999,95.629997,94.029999,94.169998,2037611,92.859879
23/04/2018,94.290001,96.339996,94.089996,96.160004,1367855,94.822197
24/04/2018,96.290001,97.099998,95.459999,96.709999,1910574,95.36454
25/04/2018,95.779999,96.029999,92.82,94.970001,2341877,93.64875
26/04/2018,95.269997,95.910004,94.489998,95.5,1789280,94.171371
27/04/2018,95.040001,97.949997,93.730003,96.93,2214905,95.581482
30/04/2018,96.849998,98.260002,96.470001,97.400002,2205472,96.044945
02/05/2018,97.989998,98.529999,96.459999,98.07,2075219,96.70562
03/05/2018,98.129997,98.470001,97.540001,98.059998,1373661,96.695755
04/05/2018,98.559998,98.879997,97.839996,98.690002,1300971,97.316994
07/05/2018,98.889999,100.419998,98.489998,100.419998,1173678,99.022926
08/05/2018,100.199997,100.400002,99.419998,100.239998,1126291,98.845428
09/05/2018,99.209999,99.550003,98.699997,99.160004,1420703,97.780457
10/05/2018,99.120003,99.82,99.019997,99.629997,789718,98.243912
11/05/2018,99.699997,99.82,98.93,99.449997,838606,98.066414
14/05/2018,98.699997,98.989998,96.360001,97.080002,1726805,95.729393
15/05/2018,96.739998,97.980003,95.360001,96.25,2059938,94.910942
16/05/2018,96.07,96.68,95.629997,96.389999,1448715,95.048988
17/05/2018,96.440002,97.980003,96.410004,97.980003,1249890,96.616875
18/05/2018,98.400002,98.419998,97.370003,97.839996,2456175,96.478813
21/05/2018,98.529999,100.959999,98.440002,100.82,1330566,99.417358
22/05/2018,101,101.099998,100,100.660004,1362260,99.25959
23/05/2018,100.440002,100.860001,98.57,98.959999,1350053,97.583237
24/05/2018,99.040001,99.489998,97.75,98.349998,930778,96.98172
25/05/2018,99.099998,99.82,97.540001,98.209999,1281193,96.843674
28/05/2018,98.980003,99.540001,97,97.199997,733763,95.847717
29/05/2018,96.440002,98.480003,95.620003,97.32,1550186,95.966049
30/05/2018,97.760002,97.760002,96.120003,96.730003,1276639,95.384262
31/05/2018,97.18,98.239998,97.010002,97.309998,2036282,95.956192
01/06/2018,98.019997,99.669998,97.980003,99.389999,1498403,98.007256
04/06/2018,100,100,98.690002,99.559998,1061667,98.174889
05/06/2018,99.269997,100.32,98.980003,98.980003,1114674,97.602959
06/06/2018,98.739998,100,98.610001,100,1127330,98.608765
07/06/2018,100.339996,101.099998,99.449997,99.650002,1002940,98.263641
08/06/2018,99.400002,101.040001,98.610001,100.900002,1391071,99.496246
11/06/2018,101.360001,101.900002,100.639999,100.900002,1117898,99.496246
12/06/2018,101.519997,101.540001,100,100.480003,923524,99.082092
13/06/2018,100.5,100.959999,99.610001,100.18,1087974,98.786263
14/06/2018,99.489998,104.739998,99.459999,104.559998,2163334,103.105324
15/06/2018,105,106.5,103.599998,103.599998,2914883,102.158684
18/06/2018,103.519997,103.519997,100.339996,101.900002,1274617,100.482338
19/06/2018,100.279999,100.540001,99.080002,100.339996,1695805,98.944031
20/06/2018,100.760002,101.080002,99.82,99.879997,1369803,98.490433
21/06/2018,100.379997,100.599998,98.400002,98.589996,1692520,97.218384
22/06/2018,99.620003,100.779999,99.410004,100.639999,1430276,99.239861
25/06/2018,99.949997,100.279999,96.860001,96.860001,1074718,95.512451
26/06/2018,98.370003,98.82,96.480003,96.480003,1338259,95.137741
27/06/2018,96.410004,99.660004,94.57,99.099998,1779672,97.721291
28/06/2018,98.68,99.550003,97.519997,98.120003,1810824,96.754929
29/06/2018,99.949997,101.160004,99.849998,100.260002,1495038,98.86515
02/07/2018,97.650002,99.110001,97.029999,97.709999,1658934,96.350624
03/07/2018,98.099998,98.599998,97.309998,97.760002,1106359,96.399933
04/07/2018,98.080002,98.190002,97,98,790159,96.636589
05/07/2018,98.25,99,97.650002,97.739998,1337173,96.380211
06/07/2018,97.75,98.940002,97.739998,98.5,1425002,97.129639
09/07/2018,99.050003,99.68,98.830002,99.400002,976457,98.01712
10/07/2018,100.300003,103.339996,100.300003,103.339996,1898106,101.902298
11/07/2018,102.699997,103.860001,102.120003,103.139999,1448989,101.705086
12/07/2018,104,105.139999,103.199997,105.139999,1617009,103.677261
13/07/2018,105.5,107.839996,105.5,107.400002,1710296,105.905815
16/07/2018,107.120003,107.720001,106.800003,106.940002,843357,105.452217
17/07/2018,106.860001,108.199997,106.18,107.660004,944038,106.162201
18/07/2018,107.839996,109.099998,107.139999,107.199997,1338633,105.708595
19/07/2018,107.199997,107.440002,106.040001,107.080002,1202954,105.590271
20/07/2018,107.779999,108.040001,104.620003,105.760002,1932871,104.288635
23/07/2018,105.059998,105.940002,104.760002,105.419998,812845,103.953362
24/07/2018,105.699997,106.580002,105.260002,105.980003,1020922,104.505577
25/07/2018,106.059998,106.68,104.620003,104.900002,1352553,103.440598
26/07/2018,107.800003,111.160004,107.800003,109.620003,2014197,108.094933
27/07/2018,109.019997,109.279999,107.300003,109.199997,1437079,107.680771
30/07/2018,108.959999,108.959999,107.040001,107.080002,872564,105.590271
31/07/2018,107.199997,107.260002,105.760002,106,1113224,104.525291
01/08/2018,106.120003,107.360001,105.919998,106.599998,871755,105.116943
02/08/2018,106.300003,106.779999,105.900002,106.480003,1467538,104.998619
03/08/2018,106.839996,107.980003,106.279999,107.760002,887302,106.260811
06/08/2018,107.959999,109.580002,107.339996,107.82,913835,106.319977
07/08/2018,109.220001,109.959999,108.760002,109,993504,107.483559
08/08/2018,109.32,109.620003,107.779999,107.900002,792973,106.398865
09/08/2018,108.18,108.760002,107.120003,108.660004,626095,107.148293
10/08/2018,107.620003,108.199997,107.040001,107.519997,1240233,106.024147
13/08/2018,107.400002,108.800003,107.379997,108.099998,788303,106.596077
14/08/2018,108.68,109.040001,107.480003,108,667568,106.497467
15/08/2018,108.199997,108.779999,104.959999,105.220001,1494385,103.756149
16/08/2018,105.900002,107.660004,105.620003,107.559998,989496,106.063591
17/08/2018,108,108.68,106.919998,107.720001,641480,106.221367
20/08/2018,107.980003,108.459999,107.540001,107.879997,628975,106.379135
21/08/2018,107.68,108.239998,107.300003,107.459999,729822,105.964981
22/08/2018,107.5,108,107.040001,107.32,1008537,105.826927
23/08/2018,107.580002,108.220001,107.440002,107.739998,611202,106.241081
24/08/2018,107.900002,108,107.059998,107.5,929551,106.004425
27/08/2018,108.199997,108.260002,107.279999,108,1003751,106.497467
28/08/2018,108.099998,109.18,107.879997,108.959999,1141016,107.444115
29/08/2018,109.339996,110.879997,109.199997,110.059998,1146675,108.528809
30/08/2018,110.059998,110.440002,108.519997,108.980003,895351,107.463837
31/08/2018,108.800003,108.800003,106.199997,106.260002,1479511,104.781677
03/09/2018,106.040001,107.699997,105.940002,107.5,595428,106.004425
04/09/2018,107.720001,107.940002,104.099998,105.160004,1204594,103.696983
05/09/2018,105.080002,105.279999,103,103,1386865,101.567032
06/09/2018,103.239998,105.779999,103.239998,104.279999,1308310,102.829224
07/09/2018,104.800003,105.639999,103.860001,104.839996,895199,103.381432
10/09/2018,104.5,105.720001,103.919998,104.800003,766076,103.341995
11/09/2018,105.440002,106.82,104.199997,106.760002,1071759,105.274719
12/09/2018,107.139999,107.599998,105.739998,106.699997,839003,105.215553
13/09/2018,106.239998,108,104.120003,105.639999,1415024,104.170303
14/09/2018,106.599998,106.779999,105.120003,106.199997,673082,104.722511
17/09/2018,106.019997,106.959999,105.720001,106.300003,783738,104.821121
18/09/2018,106.339996,107.360001,104.040001,104.940002,1107930,103.480042
19/09/2018,105,106.68,104.580002,106.360001,759543,104.880287
20/09/2018,106.400002,106.720001,105.239998,106.459999,1186046,104.978897
21/09/2018,106.480003,107.18,105.480003,106.800003,2857242,105.314171
24/09/2018,106.480003,106.760002,105.260002,105.980003,914960,104.505577
25/09/2018,105.699997,106.519997,104.919998,105.080002,1148229,103.618095
26/09/2018,105.400002,108.480003,104.800003,108.480003,1980047,106.970795
27/09/2018,108.040001,108.980003,106.940002,108.900002,991492,107.384949
28/09/2018,108.5,109.160004,106.940002,108.18,1341147,106.674965
01/10/2018,108.68,108.739998,107.099998,107.400002,824742,105.905815
02/10/2018,106.300003,106.400002,105.400002,105.68,1403390,104.209747
03/10/2018,106.239998,107.339996,105.839996,107.059998,1167252,105.570541
04/10/2018,106.739998,106.739998,104.559998,105.260002,1429096,103.795593
05/10/2018,105.599998,106.300003,104,104,1067060,102.553116
08/10/2018,104.339996,105.959999,102.160004,103.620003,1659963,102.178406
09/10/2018,103.760002,104.379997,101.040001,102.5,1306812,101.07399
10/10/2018,102.699997,103.099998,98.900002,98.989998,1831247,97.612816
11/10/2018,97.019997,99.510002,93.589996,97.330002,3507915,95.975914
12/10/2018,99,101.440002,98.010002,100.260002,2510746,98.86515
15/10/2018,99.139999,100.220001,97.809998,97.809998,1822785,96.449234
16/10/2018,97.800003,101.720001,97.550003,101.720001,1877647,100.30484
17/10/2018,102.239998,102.620003,100.18,100.860001,1286634,99.456802
18/10/2018,100.279999,101.519997,98.779999,99.309998,1630849,97.928368
19/10/2018,99.790001,101.440002,97.050003,97.949997,2488856,96.587288
22/10/2018,98.339996,98.879997,96.309998,96.309998,1441080,94.9701
23/10/2018,96.5,96.5,94.099998,94.139999,2542403,92.830292
24/10/2018,95.260002,96.949997,93.510002,95.309998,2651513,93.984016
25/10/2018,95.019997,98.300003,94.75,97.940002,2271247,96.577431
26/10/2018,96.879997,96.879997,91.519997,96.150002,3184210,94.812332
29/10/2018,95.389999,99.889999,94.75,95.830002,1467805,94.49678
30/10/2018,96.480003,97.080002,92.239998,93.900002,2644992,92.593636
31/10/2018,96.25,99.769997,93.019997,97.709999,3915169,96.350624
01/11/2018,97.639999,98.230003,96,96.5,1878563,95.157463
02/11/2018,97.290001,98.769997,95.389999,95.610001,1694118,94.279846
05/11/2018,96.010002,96.400002,94.739998,95.379997,1217718,94.05304
06/11/2018,96,96.989998,95.559998,95.849998,1340977,94.516502
07/11/2018,96.400002,97.129997,95.449997,96.089996,1152082,94.753159
08/11/2018,96.089996,96.839996,95.400002,95.650002,1182886,94.31929
09/11/2018,95.449997,95.510002,94.019997,94.68,1236728,93.362785
12/11/2018,94.900002,95.660004,94.209999,94.389999,973198,93.076813
13/11/2018,94.57,96.849998,94.550003,96.419998,1377906,95.078575
14/11/2018,95.879997,97.190002,94.040001,95.529999,1460615,94.200958
15/11/2018,96.360001,96.489998,93.269997,93.860001,1396280,92.554192
16/11/2018,94.580002,94.800003,91.889999,92.889999,1497327,91.597687
19/11/2018,92.900002,93.959999,92.410004,92.57,1260960,91.282135
20/11/2018,91.559998,92.330002,89.959999,91.07,1772439,89.803001
21/11/2018,91.980003,93.209999,90.730003,93.169998,1473760,91.873787
22/11/2018,92.889999,92.970001,92.099998,92.330002,791079,91.045479
23/11/2018,92.139999,93.639999,92.139999,93.410004,901392,92.110451
26/11/2018,94.199997,95.129997,93.459999,93.580002,1261680,92.278084
27/11/2018,93.830002,94.160004,93.160004,93.699997,1306476,92.396416
28/11/2018,93.959999,94.019997,93.400002,93.5,1231357,92.199196
29/11/2018,94,95.419998,93.970001,94.860001,1819874,93.540276
30/11/2018,95.370003,95.459999,94.449997,94.620003,1370144,93.303619
03/12/2018,97.269997,97.300003,95.059998,95.699997,1246570,94.368591
04/12/2018,95.389999,95.669998,94.260002,94.269997,1354279,92.958481
05/12/2018,93.110001,93.510002,92.029999,92.309998,1192729,91.025749
06/12/2018,90.940002,91.050003,88.150002,88.639999,2054120,87.406815
07/12/2018,90.050003,90.860001,89.07,89.07,1517734,87.830826
10/12/2018,88.610001,89.559998,87.389999,87.489998,1787443,86.272812
11/12/2018,88.080002,89.849998,87.440002,88.599998,1605717,87.367371
12/12/2018,89.18,91.769997,88.610001,91.480003,2067671,90.207306
13/12/2018,91.57,92.300003,89.730003,89.970001,1739620,88.718307
14/12/2018,89.290001,89.790001,88.32,88.669998,2106031,87.436394
17/12/2018,88.43,88.900002,86.959999,87.650002,1316386,86.430588
18/12/2018,87.580002,89.269997,87.059998,88.650002,1654569,87.416672
19/12/2018,88.830002,88.989998,87.040001,87.199997,1731218,85.986839
20/12/2018,85.599998,85.599998,78.830002,83.330002,3558647,82.170685
21/12/2018,82.75,84.209999,82.050003,83.099998,3670837,81.943886
24/12/2018,81.540001,82.580002,81.199997,81.629997,392591,80.494331
27/12/2018,82.919998,83.730003,81.059998,82.099998,1611466,80.957794
28/12/2018,82.980003,84.330002,82.559998,83.760002,1257945,82.594704
31/12/2018,83.830002,84.220001,83.269997,83.959999,426473,82.791924
