,BN.PA.Open,BN.PA.High,BN.PA.Low,BN.PA.Close,BN.PA.Volume,BN.PA.Adjusted
2012-12-28,49.689999,49.900002,49.360001,49.360001,863338,40.969456
2013-01-02,50.189999,50.66,50.139999,50.650002,1673754,42.040173
2013-01-03,50.5,50.5,49.825001,50.119999,1309227,41.600269
2013-01-04,50.099998,50.130001,49.869999,50,1177188,41.50066
2013-01-07,49.904999,49.985001,49.48,49.59,1339844,41.160358
2013-01-08,49.349998,49.93,49.349998,49.724998,1172185,41.272408
2013-01-09,49.919998,49.919998,49.279999,49.610001,1305774,41.17696
2013-01-10,49.740002,49.959999,49.575001,49.919998,1258239,41.434265
2013-01-11,49.759998,49.869999,49.365002,49.599998,1144799,41.168655
2013-01-14,49.669998,49.674999,49.209999,49.220001,1127432,40.853256
2013-01-15,49.23,49.98,49.23,49.834999,1714516,41.363708
2013-01-16,49.759998,50.23,49.720001,49.950001,1209617,41.459164
2013-01-17,49.924999,50.349998,49.764999,50.049999,1379024,41.542168
2013-01-18,50.049999,50.279999,49.66,49.810001,1462035,41.342964
2013-01-21,49.900002,50.509998,49.900002,50.34,801500,41.782871
2013-01-22,50.27,50.75,50.240002,50.529999,981526,41.940571
2013-01-23,50.799999,51.330002,50.759998,51.130001,1406479,42.43858
2013-01-24,51.279999,51.799999,51.150002,51.799999,1379797,42.994682
2013-01-25,51.75,52.169998,51.73,51.82,1221614,43.011288
2013-01-28,51.689999,51.689999,51.009998,51.540001,1200143,42.778881
2013-01-29,51.450001,52,51.450001,52,887043,43.16069
2013-01-30,51.939999,52.099998,51.650002,52.080002,1303951,43.227093
2013-01-31,51.75,52.07,50.860001,51.040001,2516180,42.36388
2013-02-01,51.18,51.68,51.119999,51.23,1542450,42.52158
2013-02-04,51.34,51.560001,50.299999,50.299999,1849305,41.749668
2013-02-05,50.099998,50.669998,49.875,49.959999,1858860,41.467457
2013-02-06,49.889999,50.400002,49.654999,49.895,2516975,41.413513
2013-02-07,50,51.080002,49.98,50.209999,2480845,41.674965
2013-02-08,50.419998,51.060001,50.400002,50.990002,1648475,42.322384
2013-02-11,50.84,51.279999,50.639999,50.900002,1010042,42.247669
2013-02-12,50.23,50.389999,49.810001,50.349998,1966420,41.791168
2013-02-13,50.41,50.650002,50.200001,50.360001,1449658,41.799465
2013-02-14,49.985001,50.68,49.285,50.369999,2657742,41.807766
2013-02-15,50.259998,50.84,49.970001,50.130001,1719036,41.608566
2013-02-18,49.93,50.299999,49.654999,50.189999,1326064,41.658367
2013-02-19,52,53.41,51.759998,53.150002,4497048,44.115211
2013-02-20,53,53.5,52.860001,53.060001,2018731,44.040504
2013-02-21,52.810001,53,52.279999,52.400002,2085701,43.492695
2013-02-22,52.330002,53.490002,52.130001,53.490002,1697522,44.397411
2013-02-25,53.470001,54.310001,53.330002,53.720001,2092361,44.588318
2013-02-26,52.18,53.009998,52.110001,52.18,2236945,43.310097
2013-02-27,52.41,53.040001,52.139999,52.950001,1445327,43.949203
2013-02-28,52.91,53.349998,52.34,53.189999,1692035,44.148407
2013-03-01,53.189999,53.450001,52.459999,53.110001,1193489,44.082005
2013-03-04,53.110001,53.77,52.91,53.459999,1175715,44.372509
2013-03-05,53.869999,54.799999,53.810001,54.799999,2446521,45.484726
2013-03-06,54.759998,55,54.099998,54.099998,1846164,44.903717
2013-03-07,54.209999,55.389999,54.209999,55.34,1791289,45.932938
2013-03-08,55.470001,55.779999,54.98,55.779999,1635108,46.298138
2013-03-11,55.700001,55.700001,55.189999,55.400002,1388712,45.982731
2013-03-12,55.119999,55.709999,55.099998,55.509998,1299951,46.074039
2013-03-13,55.529999,55.700001,54.970001,55.200001,1607476,45.81673
2013-03-14,55.299999,55.66,55.150002,55.66,1738133,46.198544
2013-03-15,55.610001,55.610001,55,55.09,2940564,45.725437
2013-03-18,54.25,55.34,53.73,55.049999,1891690,45.692234
2013-03-19,54.790001,55.240002,54.650002,54.740002,2086807,45.434929
2013-03-20,54.990002,55.490002,54.580002,54.810001,2078445,45.493027
2013-03-21,54.880001,54.91,54.27,54.389999,1368659,45.144421
2013-03-22,54.220001,55,53.93,54.450001,1587159,45.194221
2013-03-25,54.650002,55.220001,53.91,53.970001,1552812,44.795818
2013-03-26,53.799999,54.740002,53.549999,54.43,1421072,45.17762
2013-03-27,54.639999,54.740002,53.220001,53.810001,1752047,44.66301
2013-03-28,53.82,54.759998,53.82,54.279999,1559022,45.05312
2013-04-02,54.25,55.150002,54.189999,55.09,1765685,45.725437
2013-04-03,54.889999,55.400002,54.700001,54.810001,1324334,45.493027
2013-04-04,55.060001,55.299999,54.540001,54.709999,1330867,45.410027
2013-04-05,54.630001,54.860001,53.5,54.18,1845372,44.970123
2013-04-08,54.169998,54.98,54.02,54.27,1279211,45.044819
2013-04-09,54.5,54.68,53.200001,53.549999,2153705,44.447212
2013-04-10,53.509998,53.790001,52.98,53.669998,2881229,44.546814
2013-04-11,53.549999,54.41,53.490002,54.080002,1617040,44.887119
2013-04-12,54,54.540001,53.889999,54.27,1776590,45.044819
2013-04-15,54.099998,54.52,53.639999,54.459999,1783798,45.202518
2013-04-16,56.299999,56.669998,55.68,55.68,5580351,46.215141
2013-04-17,56.25,56.549999,54.799999,55.119999,4528827,45.750332
2013-04-18,55.240002,56.75,55.189999,56.599998,4114419,46.978752
2013-04-19,56.689999,58.720001,56.27,58.720001,3842711,48.73838
2013-04-22,58.599998,59.07,58,58.630001,2346189,48.663681
2013-04-23,58.5,59.75,58.450001,59.57,2949276,49.44389
2013-04-24,59.5,59.52,58.880001,59.25,2702498,49.178288
2013-04-25,59.060001,59.299999,57.869999,58.389999,2287375,48.464481
2013-04-26,58.080002,58.389999,57.5,57.619999,1548623,47.825363
2013-04-29,57.98,58.990002,57.740002,58.900002,1453075,48.887783
2013-04-30,58.91,59.18,57.849998,58.009998,1920894,48.149067
2013-05-02,57.48,58.209999,56.830002,57.43,2541939,48.88969
2013-05-03,57.529999,57.580002,56.880001,57.540001,1920916,48.983337
2013-05-06,57.5,57.82,57.299999,57.470001,663060,48.923744
2013-05-07,57.459999,58,57.060001,57.790001,1286729,49.196159
2013-05-08,57.740002,58.759998,57.52,58.639999,1222105,49.919758
2013-05-09,58.34,58.459999,57.919998,58.02,814806,49.391956
2013-05-10,58.23,58.709999,58.060001,58.52,964889,49.817604
2013-05-13,58.599998,59.25,58.540001,58.82,1122544,50.07299
2013-05-14,59.259998,59.549999,58.400002,58.950001,1110930,50.183659
2013-05-15,59,59.169998,58.529999,58.880001,797632,50.124065
2013-05-16,59.02,59.259998,58.57,58.869999,1122778,50.115559
2013-05-17,58.669998,58.700001,57.82,58.110001,2969419,49.468571
2013-05-20,58.169998,59.169998,57.880001,59.169998,974879,50.370941
2013-05-21,59,59.200001,58.380001,58.830002,1320508,50.081501
2013-05-22,58.779999,59.200001,58.380001,58.970001,928590,50.200684
2013-05-23,58.009998,58.490002,57.669998,58.299999,1702674,49.630318
2013-05-24,58.610001,58.900002,57.669998,58.02,1114005,49.391956
2013-05-27,58.779999,59.119999,58.490002,58.650002,712409,49.928276
2013-05-28,59,60,58.82,59.560001,1786104,50.702946
2013-05-29,59.099998,59.400002,58.23,58.400002,1302677,49.715443
2013-05-30,58.040001,58.560001,57.599998,57.599998,1593200,49.034416
2013-05-31,57.799999,57.799999,56.5,56.740002,2196067,48.302303
2013-06-03,56.5,57.130001,55.330002,56.049999,1727357,47.714909
2013-06-04,56.310001,57.169998,56.25,56.689999,1257784,48.259735
2013-06-05,56.279999,56.669998,55.360001,55.360001,1548965,47.127522
2013-06-06,56.5,57.48,56.450001,56.5,2454186,48.097996
2013-06-07,56.66,57.66,56.099998,57.34,1844242,48.813072
2013-06-10,56.919998,57.639999,56.5,57.439999,1391363,48.898205
2013-06-11,57.459999,57.459999,55.939999,56.700001,1737609,48.26825
2013-06-12,56.82,57.759998,56.68,57.23,1324689,48.71944
2013-06-13,56.689999,57.25,56.369999,57.139999,1468863,48.642818
2013-06-14,57.25,57.259998,56.369999,56.66,1127160,48.2342
2013-06-17,56.790001,58.360001,56.790001,58.220001,1746479,49.562218
2013-06-18,57.639999,57.93,57.34,57.599998,1456904,49.034416
2013-06-19,57.860001,58.02,56.700001,57.889999,1398386,49.281288
2013-06-20,56.740002,56.900002,54.98,55.119999,2279436,46.923206
2013-06-21,56.639999,57.869999,56.209999,56.23,4702589,47.868145
2013-06-24,56.139999,56.599998,54.709999,55.09,2528653,46.897675
2013-06-25,55.400002,55.43,54.630001,55.09,1840631,46.897675
2013-06-26,55.099998,56.200001,54.860001,56.040001,1643761,47.706394
2013-06-27,55.959999,57.380001,55.82,57.130001,1693341,48.634304
2013-06-28,57.240002,57.98,56.799999,57.66,2042395,49.085491
2013-07-01,57.68,58.310001,57.419998,57.470001,1353176,48.923744
2013-07-02,56.610001,56.889999,56.150002,56.59,1729225,48.17461
2013-07-03,56.459999,56.5,54.5,55,3058906,46.82106
2013-07-04,55.43,56.830002,55.040001,56.419998,2465851,48.029888
2013-07-05,56.349998,56.75,55.5,55.5,1588617,47.2467
2013-07-08,55.700001,56.470001,55.560001,56.110001,1589333,47.765991
2013-07-09,56.209999,56.639999,55.939999,56.349998,1426513,47.970299
2013-07-10,56.41,57.25,56.34,56.990002,1448760,48.515129
2013-07-11,57.66,57.93,56.82,57.18,1859116,48.676872
2013-07-12,57.669998,57.75,56.919998,57,910653,48.523636
2013-07-15,57.25,57.419998,56.889999,57.360001,946228,48.830109
2013-07-16,57.310001,57.41,56.68,56.779999,934368,48.336357
2013-07-17,56.900002,57.470001,56.52,57.400002,1104999,48.864155
2013-07-18,57.220001,57.869999,56.849998,57.849998,1002270,49.247234
2013-07-19,57.880001,57.93,57.080002,57.389999,1297779,48.85564
2013-07-22,57.5,57.869999,57.290001,57.639999,967700,49.068466
2013-07-23,57.52,57.900002,57.349998,57.400002,937588,48.864155
2013-07-24,57.669998,58.709999,57.5,58.41,1787756,49.723961
2013-07-25,58.5,58.82,57.34,57.68,1716604,49.102516
2013-07-26,58.049999,58.560001,57.389999,57.459999,1501818,48.915234
2013-07-29,59,59.75,58.619999,59.27,2996314,50.456066
2013-07-30,59.799999,59.98,59.25,59.650002,1410902,50.779564
2013-07-31,59.419998,59.610001,59.02,59.400002,1629085,50.566738
2013-08-01,59.529999,60.27,59.529999,60.07,1197578,51.137108
2013-08-02,60.119999,60.450001,59.91,60.389999,1195901,51.409515
2013-08-05,59.439999,60.009998,59.290001,59.419998,1524013,50.583763
2013-08-06,59.32,60.07,59.23,59.630001,1156924,50.762531
2013-08-07,59.450001,59.709999,59.139999,59.450001,1092829,50.609303
2013-08-08,59.450001,59.450001,58.860001,59.07,1019207,50.285812
2013-08-09,59.200001,59.419998,58.790001,59.259998,918575,50.447559
2013-08-12,59.150002,59.209999,58.560001,59.119999,649053,50.328373
2013-08-13,59.439999,59.779999,59.200001,59.68,756867,50.805099
2013-08-14,59.75,59.990002,59.18,59.200001,1116462,50.396481
2013-08-15,59.02,59.189999,58.369999,58.970001,773267,50.200684
2013-08-16,59.110001,59.599998,58.830002,59.27,1190195,50.456066
2013-08-19,59.439999,59.450001,58.59,58.91,697169,50.149605
2013-08-20,58.799999,58.799999,57.860001,58.150002,1182529,49.502625
2013-08-21,58.23,58.41,57.959999,58.139999,762410,49.49411
2013-08-22,58.119999,58.689999,58.119999,58.389999,1036123,49.706936
2013-08-23,58.349998,58.48,57.799999,58.48,682881,49.783546
2013-08-26,58.48,58.610001,57.939999,58.490002,345691,49.792061
2013-08-27,58.34,58.48,57.290001,57.41,1617781,48.872669
2013-08-28,57.48,57.5,56.75,57.049999,1222150,48.5662
2013-08-29,57.040001,57.450001,56.720001,57.259998,748922,48.744972
2013-08-30,56,56.900002,55.84,56.34,1894230,47.961784
2013-09-02,56.889999,57.099998,56.52,56.75,1060948,48.310814
2013-09-03,56.509998,56.830002,56.09,56.200001,1408579,47.842606
2013-09-04,56,56.200001,55.220001,56.02,1734957,47.689377
2013-09-05,56,56.27,55.450001,55.709999,1606402,47.425472
2013-09-06,55.77,56.34,55.400002,56.200001,1458284,47.842606
2013-09-09,55.68,55.700001,54.91,55.290001,1639412,47.067932
2013-09-10,55.810001,56.630001,55.549999,56.349998,1787511,47.970299
2013-09-11,56.099998,56.119999,55.619999,55.959999,1415259,47.638294
2013-09-12,55.91,56.470001,55.799999,56.080002,1158491,47.740452
2013-09-13,56.310001,56.580002,55.990002,56.049999,1587151,47.714909
2013-09-16,56.25,56.68,55.549999,56.259998,1726615,47.893681
2013-09-17,56,56.790001,56,56.41,1044493,48.021374
2013-09-18,56.59,57.740002,56.459999,57.049999,2013175,48.5662
2013-09-19,57.790001,57.950001,57.330002,57.720001,2228476,49.13657
2013-09-20,57.619999,57.759998,57.009998,57.759998,4552079,49.17062
2013-09-23,57.810001,57.98,57.16,57.400002,1950951,48.864155
2013-09-24,57.32,57.720001,57.169998,57.41,1275585,48.872669
2013-09-25,57.459999,57.529999,56.490002,56.75,1188864,48.310814
2013-09-26,56.799999,57,55.889999,56.18,1501752,47.825581
2013-09-27,56.029999,56.34,55.139999,55.439999,1662114,47.195625
2013-09-30,55.080002,55.639999,55.009998,55.639999,1562356,47.365879
2013-10-01,55.099998,56.049999,54.959999,55.810001,1891887,47.510601
2013-10-02,55.709999,55.709999,54.720001,54.98,1558716,46.804024
2013-10-03,55.119999,55.32,54.779999,54.810001,1037339,46.659313
2013-10-04,54.889999,55.66,54.82,55.470001,1503310,47.221161
2013-10-07,55.110001,55.119999,54.630001,54.810001,1193479,46.659313
2013-10-08,54.689999,54.91,53.91,54,1718933,45.969765
2013-10-09,53.98,54,52.82,53,2020831,45.118473
2013-10-10,53.279999,53.759998,52.849998,53.41,2222822,45.467499
2013-10-11,53.740002,53.740002,52.810001,53.049999,1600128,45.16103
2013-10-14,52.900002,53.68,52.549999,53.48,1862202,45.527088
2013-10-15,53.540001,53.610001,52.700001,53.040001,2284713,45.152523
2013-10-16,50.32,51.849998,50.299999,51.830002,4744194,44.122459
2013-10-17,51.220001,52.66,51.16,52.549999,2366807,44.735386
2013-10-18,53,53.639999,52.700001,53.57,1994121,45.603703
2013-10-21,53.5,53.540001,52.98,53.400002,1597098,45.458988
2013-10-22,53.330002,54.299999,53.209999,54.209999,2001254,46.148537
2013-10-23,54,54.540001,53.900002,54.540001,1737901,46.429459
2013-10-24,54.740002,54.98,54.529999,54.830002,1607561,46.676334
2013-10-25,54.93,55.48,54.830002,55.299999,1772824,47.076439
2013-10-28,55.529999,55.650002,55.080002,55.540001,1028153,47.28075
2013-10-29,55.610001,56.130001,55.470001,55.75,1339646,47.459522
2013-10-30,55.68,55.73,54.029999,54.23,2584245,46.165558
2013-10-31,53.860001,54.869999,53.799999,54.619999,1526472,46.497559
2013-11-01,54.830002,54.869999,54.18,54.310001,751331,46.233665
2013-11-04,54,54.330002,53.799999,53.860001,1251187,45.850582
2013-11-05,54.040001,54.040001,53,53.419998,1454612,45.476013
2013-11-06,53.529999,54.080002,53.419998,53.790001,1342215,45.790993
2013-11-07,53.700001,54.400002,53.459999,53.599998,1397166,45.629246
2013-11-08,53.400002,53.91,53.189999,53.720001,1272533,45.731403
2013-11-11,53.75,54.32,53.709999,54.119999,805071,46.071915
2013-11-12,54,54.400002,53.91,53.959999,927389,45.935711
2013-11-13,53.98,54.369999,53.619999,54.029999,991055,45.9953
2013-11-14,54.720001,54.869999,54.220001,54.549999,1147788,46.437973
2013-11-15,54.419998,55.16,53.959999,55.029999,2587905,46.846592
2013-11-18,55.200001,55.98,54.900002,55.700001,1697558,47.416958
2013-11-19,55.639999,55.68,55.23,55.52,1067137,47.263729
2013-11-20,55.509998,55.830002,55.119999,55.32,1227232,47.093468
2013-11-21,55.490002,55.490002,54.459999,54.66,1622013,46.53162
2013-11-22,54.889999,55.110001,54.41,54.860001,949664,46.701874
2013-11-25,55.189999,55.200001,54.759998,54.889999,1072228,46.727409
2013-11-26,54.790001,54.849998,53.740002,53.779999,1993533,45.782478
2013-11-27,53.939999,54.060001,53.189999,53.639999,1805144,45.6633
2013-11-28,53.509998,54.07,53.509998,53.68,806945,45.697346
2013-11-29,53.52,53.889999,53.419998,53.48,1320373,45.527088
2013-12-02,53.669998,53.919998,53.07,53.380001,1118992,45.441959
2013-12-03,53.27,53.43,52.380001,52.400002,1872672,44.607697
2013-12-04,52.939999,53.209999,52.110001,52.34,1812703,44.556618
2013-12-05,52.400002,52.950001,52.310001,52.310001,1689739,44.531078
2013-12-06,52.450001,52.700001,51.939999,52.32,1522763,44.539593
2013-12-09,51.900002,52.290001,51.23,52.23,2023429,44.462978
2013-12-10,52.110001,52.57,51.759998,51.759998,1649729,44.062866
2013-12-11,51.799999,52.16,51.43,51.490002,1209604,43.833023
2013-12-12,51.25,51.77,51.130001,51.450001,1609314,43.798965
2013-12-13,51.27,51.389999,50.98,51.07,1442199,43.475475
2013-12-16,51.080002,51.599998,51.040001,51.599998,1470131,43.926655
2013-12-17,51.549999,51.57,50.57,50.57,2437770,43.049835
2013-12-18,51.02,51.02,50.549999,50.669998,1645123,43.13496
2013-12-19,51.080002,51.32,50.720001,51.32,2074396,43.688301
2013-12-20,51.59,52.09,50.959999,51.040001,3283592,43.44994
2013-12-23,51.330002,51.41,50.689999,51.07,1084811,43.475475
2013-12-24,50.950001,51.380001,50.950001,51.200001,304587,43.586147
2013-12-27,51.509998,52.029999,51.509998,51.93,1384240,44.207588
2013-12-30,52.09,52.48,51.93,52.259998,1260898,44.48851
2013-12-31,52.490002,52.5,52.139999,52.32,225991,44.539593
2014-01-02,53,53,51.459999,51.459999,1590708,43.807484
2014-01-03,51.73,51.77,51.25,51.68,1098725,43.994766
2014-01-06,51.43,51.93,51.049999,51.18,1148669,43.569118
2014-01-07,51.389999,51.959999,51.299999,51.82,1632488,44.113945
2014-01-08,51.77,51.799999,51.080002,51.169998,2068028,43.560608
2014-01-09,51,51.220001,50.57,50.799999,1961210,43.245628
2014-01-10,51,51.32,50.779999,51.27,1642492,43.645741
2014-01-13,51.27,51.5,51.080002,51.32,1291426,43.688301
2014-01-14,50.549999,51.610001,50.549999,51.610001,1845648,43.935177
2014-01-15,50.860001,51.720001,50.599998,51.720001,2294224,44.028816
2014-01-16,51.59,51.700001,50.93,51.119999,1647292,43.51804
2014-01-17,51.25,51.419998,50.450001,50.689999,1954525,43.151985
2014-01-20,50.540001,51.07,50.450001,51.060001,1204244,43.466969
2014-01-21,51.119999,52.32,51.119999,52.110001,1938321,44.360821
2014-01-22,52.150002,53.220001,52.150002,52.98,1852000,45.101444
2014-01-23,52.880001,53.310001,51.939999,52.220001,1771453,44.454464
2014-01-24,52.220001,52.509998,50.740002,50.810001,2769348,43.254143
2014-01-27,51,51.299999,50.68,50.860001,1924750,43.296707
2014-01-28,51.139999,51.139999,50.099998,50.259998,2043535,42.785931
2014-01-29,50.490002,50.720001,49.029999,49.66,3149553,42.275158
2014-01-30,49.555,49.564999,48.884998,49.435001,1843759,42.083618
2014-01-31,49.355,49.73,48.330002,49.005001,3094367,41.71756
2014-02-03,49.389999,49.860001,49.07,49.325001,2539395,41.989971
2014-02-04,49.125,49.325001,48.619999,48.700001,1847611,41.457916
2014-02-05,48.575001,49.119999,48.5,48.825001,1637548,41.564323
2014-02-06,48.785,49.849998,48.580002,49.825001,2479914,42.415615
2014-02-07,49.790001,49.799999,49.244999,49.599998,2338973,42.224075
2014-02-10,49.529999,50.07,49.529999,50.029999,1458580,42.590126
2014-02-11,50.029999,50.470001,50.029999,50.299999,1692025,42.819981
2014-02-12,50.380001,50.48,50.009998,50.040001,1573229,42.598648
2014-02-13,50.599998,50.900002,50.220001,50.439999,1786236,42.939163
2014-02-14,50.380001,50.459999,50.009998,50.360001,1131428,42.871063
2014-02-17,50.560001,50.599998,50.279999,50.470001,763040,42.964699
2014-02-18,50.400002,50.48,49.834999,50.380001,1231470,42.888088
2014-02-19,50.049999,51.299999,50.029999,50.959999,2102962,43.381836
2014-02-20,51.5,52.459999,50.59,51.700001,3491452,44.011795
2014-02-21,51.68,51.869999,50.75,50.950001,2745403,43.373318
2014-02-24,50.68,50.959999,50.639999,50.939999,1710945,43.364807
2014-02-25,50.740002,51.459999,50.639999,51.380001,1672720,43.739376
2014-02-26,51.400002,51.580002,50.950001,51.43,1355745,43.78194
2014-02-27,51.470001,51.759998,51,51.32,1465959,43.688301
2014-02-28,51.470001,51.470001,50.720001,51.18,1505359,43.569118
2014-03-03,50.610001,50.720001,49.514999,49.889999,2475739,42.470947
2014-03-04,50.66,51.27,50.220001,51.25,1968435,43.628708
2014-03-05,51.02,51.110001,50.549999,50.709999,1770963,43.16901
2014-03-06,50.799999,50.970001,50.540001,50.709999,1437909,43.16901
2014-03-07,50.77,50.98,50.150002,50.529999,1881175,43.015778
2014-03-10,50.43,50.759998,50.209999,50.400002,1063973,42.905113
2014-03-11,50.610001,50.650002,50.009998,50.330002,1034504,42.84552
2014-03-12,50.060001,50.16,49.310001,49.575001,1604555,42.202797
2014-03-13,49.720001,50.139999,49.485001,49.485001,1620306,42.126183
2014-03-14,49.119999,50.23,49.064999,49.380001,2467806,42.036797
2014-03-17,49.18,49.814999,49.040001,49.75,1567755,42.351776
2014-03-18,49.5,50.169998,49.389999,49.880001,1560447,42.46244
2014-03-19,49.705002,50.23,49.595001,49.959999,1571105,42.530544
2014-03-20,49.5,49.689999,49.125,49.435001,2389170,42.083618
2014-03-21,49.419998,49.965,49.34,49.419998,3244898,42.070847
2014-03-24,49.375,49.990002,49.220001,49.785,2184174,42.381565
2014-03-25,49.884998,51.720001,49.884998,51.599998,2743306,43.926655
2014-03-26,51.619999,52.779999,51.509998,52.27,2610171,44.497028
2014-03-27,52.049999,52.310001,51.75,51.91,2261815,44.190563
2014-03-28,51,52.150002,50.869999,52.150002,2617927,44.394875
2014-03-31,52.09,52.200001,51.23,51.330002,1729747,43.696815
2014-04-01,51.150002,51.25,50.759998,51.060001,1527093,43.466969
2014-04-02,50.93,51.459999,50.610001,51.25,1336378,43.628708
2014-04-03,51.150002,51.66,50.919998,51.310001,1063060,43.679787
2014-04-04,51.799999,51.799999,51.049999,51.59,1493857,43.918152
2014-04-07,51.299999,51.990002,51.27,51.73,1683441,44.037327
2014-04-08,51.860001,53.110001,51.82,52.959999,2617573,45.084415
2014-04-09,53.150002,53.5,52.619999,52.939999,1930800,45.06739
2014-04-10,52.860001,53.200001,52.549999,52.650002,1184878,44.820518
2014-04-11,52.400002,53.25,52.400002,52.689999,1938523,44.854568
2014-04-14,52.470001,53.869999,52.470001,53.470001,2075057,45.518574
2014-04-15,53.360001,54.610001,53.150002,53.27,2409229,45.34832
2014-04-16,53.299999,53.73,52,53.279999,2643884,45.356831
2014-04-17,53.040001,53.07,52.02,52.709999,2620381,44.871597
2014-04-22,52.049999,52.630001,52.049999,52.52,2368545,44.70985
2014-04-23,52.52,52.52,52.07,52.220001,1585516,44.454464
2014-04-24,52.25,52.470001,51.619999,52.200001,1558542,44.437443
2014-04-25,51.830002,52.259998,51.630001,52.080002,1332056,44.335278
2014-04-28,52.099998,52.709999,52.040001,52.599998,1328442,44.77795
2014-04-29,52.599998,53.080002,52.380001,53.080002,1495239,45.186577
2014-04-30,52.91,53.189999,52.75,53.16,1588109,45.254681
2014-05-01,53.16,53.16,53.16,53.16,0,45.254681
2014-05-02,53.5,53.52,52.220001,52.349998,1738481,44.565132
2014-05-05,52.32,52.549999,51.740002,52.48,1103156,44.6758
2014-05-06,52.540001,52.990002,52.060001,52.25,1494276,44.480003
2014-05-07,50.799999,51.189999,50.52,51.080002,2509801,44.725174
2014-05-08,51.389999,51.959999,51.34,51.880001,2189550,45.42564
2014-05-09,51.77,52.459999,51.720001,52.279999,1493050,45.775879
2014-05-12,52.380001,53.02,52.330002,52.560001,1938519,46.021046
2014-05-13,53.049999,54.299999,52.900002,54.299999,3298736,47.544571
2014-05-14,54.619999,54.75,54.23,54.68,2108252,47.877289
2014-05-15,54.5,55.169998,54.25,54.740002,2252526,47.929829
2014-05-16,54.82,55.599998,54.52,55.049999,2134674,48.201263
2014-05-19,55.07,55.529999,54.68,55.220001,1409341,48.350113
2014-05-20,55.169998,55.23,53.919998,54.310001,1994081,47.553329
2014-05-21,53.93,54.400002,53.66,54.400002,1477298,47.63213
2014-05-22,54.5,54.639999,53.98,54.18,1461121,47.439499
2014-05-23,53.98,54.16,53.52,53.93,1168045,47.2206
2014-05-26,54.009998,54.200001,53.709999,54.200001,758731,47.457012
2014-05-27,54.09,54.299999,53.689999,54,1149608,47.281891
2014-05-28,54.220001,54.220001,53.5,54.099998,1174782,47.36945
2014-05-29,54.040001,54.849998,54.040001,54.75,1027363,47.938583
2014-05-30,54.919998,54.959999,54.41,54.630001,1543470,47.833515
2014-06-02,54.57,54.869999,54.34,54.610001,888753,47.816006
2014-06-03,54.060001,54.560001,53.990002,54.490002,1267870,47.710938
2014-06-04,54.48,54.889999,54.130001,54.330002,1034500,47.570835
2014-06-05,54.279999,55.110001,54.080002,54.639999,1463055,47.842274
2014-06-06,54.529999,54.639999,53.560001,54.189999,2005903,47.44825
2014-06-09,54.389999,54.560001,53.77,54.560001,834911,47.772224
2014-06-10,54.720001,54.939999,54.310001,54.939999,1112965,48.104946
2014-06-11,54.700001,55.07,54.389999,54.509998,1614193,47.728443
2014-06-12,54.009998,54.849998,53.950001,53.950001,1552821,47.238113
2014-06-13,53.939999,54.080002,53.169998,53.169998,2089830,46.555149
2014-06-16,52.959999,53.209999,52.529999,52.93,1900638,46.345009
2014-06-17,52.939999,53.529999,52.740002,53.400002,1231099,46.756538
2014-06-18,53.349998,54.360001,53.18,53.509998,1858165,46.852848
2014-06-19,54,54.330002,53.84,53.990002,1869061,47.273136
2014-06-20,54.099998,54.259998,53.82,54.02,4259991,47.299404
2014-06-23,53.900002,54.07,53.400002,53.630001,1071866,46.957928
2014-06-24,53.630001,54.32,53.560001,54.209999,1172792,47.465767
2014-06-25,54.040001,54.549999,53.560001,53.560001,1412420,46.896633
2014-06-26,54.389999,55.720001,54.209999,54.68,3198755,47.877289
2014-06-27,54.869999,54.990002,54.389999,54.5,1602419,47.719688
2014-06-30,54.73,54.740002,54.119999,54.240002,1317401,47.492035
2014-07-01,55.200001,55.549999,54.869999,55.09,2473493,48.23629
2014-07-02,54.869999,55.369999,54.66,54.880001,1425031,48.052414
2014-07-03,54.799999,55.75,54.639999,55.720001,1545614,48.78791
2014-07-04,55.540001,55.810001,55.299999,55.450001,859817,48.551502
2014-07-07,55.259998,55.439999,54.799999,54.880001,1276050,48.052414
2014-07-08,54.959999,55.16,54.470001,54.470001,1172273,47.69342
2014-07-09,54.700001,55.099998,54.5,54.900002,1072420,48.069927
2014-07-10,54.900002,55.139999,53.810001,53.900002,1738689,47.194332
2014-07-11,54.110001,54.619999,53.959999,54.580002,1456941,47.789738
2014-07-14,54.700001,54.919998,54.450001,54.709999,1105696,47.903564
2014-07-15,55.900002,56.439999,55.200001,55.200001,2502272,48.3326
2014-07-16,55.330002,56.880001,55.330002,56.860001,3054567,49.786079
2014-07-17,56.5,57.32,56.040001,56.189999,2216138,49.199432
2014-07-18,55.77,56.330002,55.700001,56.200001,1668429,49.208191
2014-07-21,56.310001,56.619999,55.740002,55.880001,1401335,48.928001
2014-07-22,56.25,56.950001,55.849998,56.950001,1405282,49.864883
2014-07-23,57,57.439999,56.299999,56.599998,1982820,49.558426
2014-07-24,56.5,56.709999,55.75,55.98,1992527,49.01556
2014-07-25,55.560001,56.98,54.860001,55.060001,2527218,48.210018
2014-07-28,56.5,56.5,55.049999,55.529999,1796851,48.621544
2014-07-29,55.700001,56.110001,55.139999,55.73,1147762,48.796665
2014-07-30,55.700001,55.720001,54.98,55.029999,1438192,48.18375
2014-07-31,54.919998,55.16,53.970001,54.09,2558391,47.360695
2014-08-01,54.040001,54.360001,53.310001,53.990002,2263949,47.273136
2014-08-04,54.27,54.290001,53.77,53.93,1812732,47.2206
2014-08-05,54.040001,54.490002,53.860001,54.27,1290460,47.518303
2014-08-06,53.970001,54.560001,53.77,54.16,1585989,47.421989
2014-08-07,54.360001,54.5,53.66,53.740002,2540472,47.054237
2014-08-08,53.240002,53.560001,52.700001,53.139999,2175478,46.528881
2014-08-11,53.369999,53.439999,53.07,53.310001,1316578,46.677738
2014-08-12,53.16,53.299999,52.84,53.07,1425613,46.467598
2014-08-13,53.43,53.490002,52.91,53.009998,1552245,46.415058
2014-08-14,52.939999,53.57,52.759998,53.240002,1184639,46.616444
2014-08-15,53.5,53.93,52.700001,52.91,1823458,46.327499
2014-08-18,53.400002,53.630001,53.110001,53.299999,905374,46.66898
2014-08-19,53.330002,53.380001,52.860001,53.18,1095107,46.563904
2014-08-20,53.25,53.299999,52.830002,52.990002,693348,46.397545
2014-08-21,53.07,53.82,52.990002,53.41,1279583,46.765293
2014-08-22,53.32,53.330002,52.560001,52.720001,1061299,46.161137
2014-08-25,53.189999,53.880001,53.189999,53.849998,1221624,47.150551
2014-08-26,53.709999,54.25,53.349998,54.150002,1263223,47.413231
2014-08-27,54,54.139999,53.73,53.869999,789960,47.168064
2014-08-28,53.599998,53.880001,53.150002,53.34,1252058,46.704006
2014-08-29,53.57,53.619999,52.720001,53.139999,1880030,46.528881
2014-09-01,53.299999,53.57,53.150002,53.549999,909162,46.887878
2014-09-02,53.639999,54.049999,53.580002,53.73,1054980,47.045483
2014-09-03,54.32,54.990002,54.119999,54.209999,2242896,47.465767
2014-09-04,54,55.459999,53.799999,55.310001,2800622,48.428917
2014-09-05,55.450001,55.459999,54.75,54.950001,1294585,48.113705
2014-09-08,54.810001,54.880001,54.369999,54.759998,838106,47.947342
2014-09-09,54.700001,54.830002,54.34,54.5,980257,47.719688
2014-09-10,54.290001,54.509998,54.049999,54.369999,996334,47.605865
2014-09-11,54.59,54.599998,53.959999,54.490002,1064124,47.710938
2014-09-12,54.68,54.700001,53.950001,54.169998,895255,47.43074
2014-09-15,54,54.5,53.709999,53.990002,1371869,47.273136
2014-09-16,54.040001,54.150002,53.400002,53.630001,1609668,46.957928
2014-09-17,53.990002,54.459999,53.299999,53.470001,1824233,46.817825
2014-09-18,53.32,53.689999,52.919998,53.669998,1471482,46.992947
2014-09-19,54.209999,54.209999,53.43,53.619999,2804826,46.949162
2014-09-22,53.009998,53.470001,52.84,53.419998,1582730,46.774048
2014-09-23,53.580002,53.639999,52.73,52.77,1852637,46.204918
2014-09-24,52.720001,53.610001,52.560001,53.52,1492061,46.861607
2014-09-25,52.889999,53.029999,52.029999,52.029999,3917937,45.556976
2014-09-26,52.029999,52.599998,51.57,52.279999,1306676,45.775879
2014-09-29,52.25,52.509998,51.880001,52.200001,1386232,45.705833
2014-09-30,52.490002,53.240002,52.240002,53,1963969,46.406303
2014-10-01,53.07,53.330002,52.040001,52.209999,1802664,45.714584
2014-10-02,52.060001,52.23,51.59,51.59,3156260,45.171719
2014-10-03,51.790001,52.360001,50.75,52,2582068,45.530712
2014-10-06,52.509998,52.599998,51.669998,51.82,1765008,45.373104
2014-10-07,51.82,51.860001,51.040001,51.040001,1725115,44.690144
2014-10-08,50.970001,51.459999,50.84,51.16,1687161,44.795216
2014-10-09,51.669998,51.669998,50.900002,51.029999,1769572,44.681385
2014-10-10,50.950001,51.389999,50.5,50.790001,1743175,44.471249
2014-10-13,50.349998,50.779999,50.119999,50.700001,1972677,44.392445
2014-10-14,50.349998,50.580002,49.955002,50.490002,2460597,44.208572
2014-10-15,53.400002,53.5,50.220001,50.310001,5504816,44.050964
2014-10-16,50.73,52.200001,49.834999,50.470001,4957353,44.191055
2014-10-17,50.470001,50.93,50.130001,50.91,4044140,44.576317
2014-10-20,50.25,50.639999,49.880001,50.110001,2920063,43.875843
2014-10-21,49.904999,50.93,49.900002,50.93,1810789,44.593834
2014-10-22,51.080002,51.119999,50.34,50.599998,1711922,44.304886
2014-10-23,50.599998,51.130001,49.875,51.029999,1810206,44.681385
2014-10-24,50.77,50.93,50.509998,50.599998,1269482,44.304886
2014-10-27,51.209999,51.349998,50.549999,50.75,1534320,44.436226
2014-10-28,51.400002,51.830002,51.330002,51.59,1650417,45.171719
2014-10-29,51.919998,52.41,51.869999,52.209999,1507956,45.714584
2014-10-30,52.709999,52.799999,51.799999,52.700001,2252034,46.143627
2014-10-31,53.860001,54.459999,53.459999,54.220001,3230024,47.474525
2014-11-03,54.189999,54.389999,53.450001,53.459999,1587156,46.809071
2014-11-04,53.549999,53.939999,53.16,53.209999,1850902,46.590176
2014-11-05,53.689999,54.400002,53.599998,54.310001,1802268,47.553329
2014-11-06,54.240002,55.27,53.990002,54.599998,1957564,47.807243
2014-11-07,54.84,54.84,53.299999,53.5,2275376,46.844097
2014-11-10,53.540001,54.029999,53.43,54,1309400,47.281891
2014-11-11,54.25,54.709999,54.139999,54.41,1237215,47.640881
2014-11-12,54.220001,54.220001,53.52,53.73,1886336,47.045483
2014-11-13,53.990002,54.369999,53.59,54.09,1585518,47.360695
2014-11-14,54.470001,54.470001,53.75,54.330002,1282240,47.570835
2014-11-17,54.07,54.419998,53.630001,54.330002,1199346,47.570835
2014-11-18,54.5,54.779999,54.25,54.639999,1038866,47.842274
2014-11-19,54.650002,54.919998,54.490002,54.68,913719,47.877289
2014-11-20,54.869999,54.939999,54.450001,54.779999,1312963,47.964855
2014-11-21,55,56.189999,54.740002,56,2457603,49.033073
2014-11-24,56.139999,56.560001,55.970001,56.110001,1411889,49.129391
2014-11-25,56.110001,56.490002,55.869999,56.130001,1495458,49.1469
2014-11-26,56.130001,56.689999,55.57,55.610001,1761236,48.691593
2014-11-27,55.66,56.299999,55.369999,56.169998,1035465,49.181919
2014-11-28,56.360001,56.799999,56.029999,56.75,1143291,49.689766
2014-12-01,56.369999,56.91,56.290001,56.450001,1057110,49.427094
2014-12-02,56.73,56.889999,56.310001,56.59,1134997,49.549675
2014-12-03,56.189999,56.34,56.009998,56.18,1358938,49.190681
2014-12-04,56.240002,56.900002,55.459999,55.650002,2008053,48.72662
2014-12-05,56,57,56,57,1915020,49.908661
2014-12-08,56.68,56.959999,56.200001,56.599998,1076761,49.558426
2014-12-09,56.259998,56.459999,55.619999,55.849998,2270025,48.901737
2014-12-10,55.939999,56.419998,55.759998,55.860001,1458659,48.910492
2014-12-11,55.610001,55.810001,55.09,55.41,1740162,48.516472
2014-12-12,55,55.150002,53.77,53.84,2460670,47.1418
2014-12-15,53.5,54.299999,52.779999,52.830002,2165345,46.257454
2014-12-16,53.07,53.34,51.5,53.25,3411999,46.625198
2014-12-17,52.830002,53.27,52.330002,52.889999,2120525,46.309986
2014-12-18,53.59,54.029999,53.009998,54.02,2622312,47.299404
2014-12-19,54.25,54.68,53.34,54.119999,3125830,47.386959
2014-12-22,53.98,54.639999,53.950001,54.369999,1071574,47.605865
2014-12-23,54.490002,54.759998,54.139999,54.52,1310296,47.737202
2014-12-24,54.5,54.889999,54.259998,54.32,202732,47.56208
2014-12-29,54.099998,54.869999,53.880001,54.869999,1066493,48.043652
2014-12-30,54.779999,54.799999,54,54,878946,47.281891
2014-12-31,54.049999,54.470001,53.889999,54.450001,239094,47.675907
2015-01-02,54.830002,54.889999,53.599998,53.860001,1014791,47.159309
2015-01-05,53.400002,54.299999,52.419998,52.48,2020889,45.950996
2015-01-06,53.5,53.900002,52.32,52.32,1921918,45.810898
2015-01-07,52.650002,53.349998,52.25,52.93,1440317,46.345009
2015-01-08,53.490002,54.529999,53,54.459999,2169914,47.684662
2015-01-09,54.25,54.450001,52.849998,53.220001,2005852,46.598934
2015-01-12,53.34,54.439999,53.34,54.209999,1804654,47.465767
2015-01-13,53.720001,54.779999,53.509998,54.470001,2302025,47.69342
2015-01-14,54.09,54.810001,53.360001,53.610001,2240773,46.940411
2015-01-15,54.02,54.799999,51.880001,54.75,2974605,47.938583
2015-01-16,54.400002,55.970001,54.400002,55.619999,2580130,48.700348
2015-01-19,55.68,56.080002,55.52,55.720001,1574928,48.78791
2015-01-20,55.599998,56.380001,55.07,56.380001,2143949,49.365799
2015-01-21,56.740002,56.990002,56.07,56.84,2522703,49.76857
2015-01-22,56.77,57.810001,56.299999,57.720001,2901805,50.539093
2015-01-23,58.25,60.240002,58.02,60,3596146,52.535439
2015-01-26,59.869999,60.490002,59.759998,60.16,2400156,52.675529
2015-01-27,60,60.470001,59.52,60.07,2473344,52.596733
2015-01-28,60.459999,60.529999,59.580002,59.880001,1889949,52.430367
2015-01-29,59.759998,60.330002,59.650002,60.16,2243867,52.675529
2015-01-30,60.48,60.5,59.18,59.57,2858751,52.158932
2015-02-02,59.740002,59.900002,59.049999,59.34,1795431,51.957542
2015-02-03,59.540001,59.599998,59.09,59.32,2570403,51.940033
2015-02-04,59.080002,59.299999,58.779999,59,1815074,51.659847
2015-02-05,58.740002,59.25,58.580002,59.119999,1487622,51.764912
2015-02-06,59.259998,59.27,58.650002,58.889999,1289218,51.56353
2015-02-09,58.299999,58.66,57.700001,58.5,1937754,51.22205
2015-02-10,58.830002,59.209999,58.419998,58.669998,1755446,51.370895
2015-02-11,58.52,58.830002,58.299999,58.669998,1538203,51.370895
2015-02-12,58.439999,58.599998,57.220001,58.139999,2538812,50.906837
2015-02-13,58.5,58.540001,57.669998,57.919998,2395509,50.714207
2015-02-16,57.639999,57.75,56.970001,57.200001,1850498,50.083778
2015-02-17,56.91,57.889999,56.82,57.849998,1852985,50.652916
2015-02-18,58.580002,58.580002,57.939999,58.220001,1867536,50.976887
2015-02-19,58.02,59.150002,58.02,59.150002,1721452,51.791183
2015-02-20,58.560001,60.07,57.59,60,4978998,52.535439
2015-02-23,59.990002,60,59.439999,59.73,2378115,52.299026
2015-02-24,59.889999,60.700001,59.860001,60.490002,2640719,52.964474
2015-02-25,60.400002,60.84,60.18,60.470001,2128972,52.946964
2015-02-26,60.400002,61.98,60.09,61.849998,2199492,54.155277
2015-02-27,61.580002,62.380001,61.5,62.330002,2307937,54.575565
2015-03-02,62.080002,62.290001,61.52,61.799999,1411829,54.1115
2015-03-03,61.799999,62.380001,61.400002,61.5,1427175,53.84882
2015-03-04,61.59,61.779999,60.93,61.369999,2945791,53.734997
2015-03-05,61.5,62.549999,61.43,62.400002,1697729,54.636856
2015-03-06,62.259998,62.619999,62.049999,62.419998,1657253,54.654362
2015-03-09,62,62.169998,61.619999,61.790001,1207807,54.102745
2015-03-10,61.610001,61.669998,60.799999,60.849998,1418426,53.279686
2015-03-11,61.200001,62.310001,61.09,61.970001,1927080,54.260349
2015-03-12,61.91,62.02,61.52,61.630001,933032,53.962646
2015-03-13,61.549999,62.200001,61.360001,62.189999,1201660,54.45298
2015-03-16,62.099998,62.970001,62.060001,62.66,1721347,54.864506
2015-03-17,62.419998,62.759998,61.970001,62.240002,1455325,54.496761
2015-03-18,62.080002,63.02,61.970001,62.880001,1475810,55.05714
2015-03-19,62.75,63.18,62.290001,62.630001,1778393,54.838238
2015-03-20,62.5,63.09,62.380001,62.75,2449197,54.94331
2015-03-23,62.650002,62.709999,62.029999,62.66,1107754,54.864506
2015-03-24,62.580002,63.25,62.450001,62.98,1571081,55.144695
2015-03-25,62.799999,63,62.060001,62.16,1400138,54.426712
2015-03-26,62.110001,62.23,61.060001,62.23,1975432,54.487999
2015-03-27,62.59,63.189999,62.150002,62.919998,1728211,55.092155
2015-03-30,62.919998,63.279999,62.560001,62.689999,1900503,54.890774
2015-03-31,63.220001,63.389999,62.290001,62.619999,2095773,54.829483
2015-04-01,62.299999,63.330002,61.849998,62.84,1582834,55.02211
2015-04-02,63.32,63.400002,62.77,63.400002,1100853,55.512444
2015-04-07,63.869999,64.489998,63.560001,64.18,1587198,56.195404
2015-04-08,64,64.300003,63.630001,64.300003,1472219,56.300476
2015-04-09,64.089996,64.959999,64.010002,64.959999,1687729,56.878368
2015-04-10,64.690002,64.970001,64.599998,64.949997,1637232,56.86961
2015-04-13,64.730003,65.239998,64.529999,65.110001,1515854,57.009705
2015-04-14,65.360001,65.360001,64.459999,64.82,1655164,56.755783
2015-04-15,64.5,66.480003,63.84,66.309998,3596151,58.06041
2015-04-16,66.300003,66.940002,66.050003,66.800003,2779117,58.48946
2015-04-17,66.610001,67,65.919998,66.080002,3206908,57.859032
2015-04-20,65.959999,66.339996,65.790001,66.089996,1753311,57.867775
2015-04-21,65.910004,66.489998,65.540001,66.220001,2076911,57.981613
2015-04-22,66.239998,66.800003,65.970001,66.800003,2419957,58.48946
2015-04-23,67.059998,67.18,65.82,66.790001,2117185,58.480694
2015-04-24,67.260002,67.379997,66.440002,66.980003,1647816,58.647057
2015-04-27,67.010002,67.739998,66.150002,67.480003,1836093,59.084858
2015-04-28,66.959999,67.019997,65.800003,66.370003,1556813,58.112949
2015-04-29,66.260002,66.580002,64.379997,64.379997,2350470,56.370522
2015-04-30,64.129997,64.730003,63.73,64.510002,2266949,56.484352
2015-05-04,64.529999,65.470001,64.199997,64.970001,1158698,56.887115
2015-05-05,65.300003,65.580002,63.669998,63.68,1755124,55.75761
2015-05-06,63.880001,64.669998,63.259998,63.93,1845506,55.976509
2015-05-07,61.77,62.450001,61.029999,62.139999,2705118,55.716488
2015-05-08,62.900002,64.080002,62.52,63.889999,1816415,57.285583
2015-05-11,63.82,63.82,62.700001,62.91,1522835,56.406891
2015-05-12,62.560001,62.560001,61.560001,62.169998,2219612,55.743382
2015-05-13,62.369999,62.779999,61.720001,62.009998,1697838,55.599922
2015-05-14,61.849998,63.060001,61.240002,62.810001,1226687,56.31723
2015-05-15,62.93,63.389999,62.02,62.509998,1847098,56.048237
2015-05-18,62.43,62.759998,61.630001,62.759998,999614,56.272392
2015-05-19,63.009998,64.220001,63.009998,63.580002,1779541,57.007633
2015-05-20,63.470001,63.860001,63.099998,63.599998,1303673,57.025562
2015-05-21,63.549999,63.549999,62.939999,63.279999,1265796,56.738636
2015-05-22,63.200001,63.880001,62.970001,63.610001,1065345,57.034531
2015-05-25,63.860001,63.860001,63.220001,63.619999,156129,57.043491
2015-05-26,64,64.209999,62.959999,63.52,1832923,56.953831
2015-05-27,63.700001,64.489998,63.380001,64.32,1667428,57.671135
2015-05-28,63.950001,64.529999,63.650002,64.169998,1374711,57.53664
2015-05-29,64.139999,64.349998,62.529999,62.529999,2590146,56.06617
2015-06-01,62.490002,63.509998,62.400002,63.220001,1421772,56.684849
2015-06-02,63.599998,63.599998,62.279999,62.580002,1711338,56.111008
2015-06-03,62.77,64.080002,62.34,63.049999,1770883,56.532417
2015-06-04,62.68,63.060001,61.369999,62.380001,1976812,55.931679
2015-06-05,62.07,62.139999,61.09,61.169998,1866543,54.846752
2015-06-08,61.259998,61.549999,60.59,60.790001,1445778,54.506042
2015-06-09,60.720001,61.220001,60.07,60.470001,2457893,54.219116
2015-06-10,60.200001,61.650002,59.84,61.32,2071982,54.981251
2015-06-11,61.310001,62.43,60.939999,61.580002,1848330,55.214378
2015-06-12,61.549999,61.549999,60.009998,60.68,1735627,54.40741
2015-06-15,60.16,60.77,59.889999,60.34,1613466,54.102554
2015-06-16,59.959999,61.110001,59.810001,60.84,1472192,54.550869
2015-06-17,61.09,61.169998,59.689999,60.009998,1425428,53.806667
2015-06-18,59.720001,59.799999,58.830002,59.52,2646622,53.367321
2015-06-19,59.619999,59.98,59.049999,59.110001,3246997,52.999706
2015-06-22,60.43,60.830002,59.549999,60.610001,2489828,54.344646
2015-06-23,61.110001,61.580002,60.66,60.959999,1881579,54.658463
2015-06-24,61.110001,61.23,60.209999,60.470001,1755751,54.219116
2015-06-25,59.82,61.139999,59.799999,60.57,1662966,54.308777
2015-06-26,60.34,61.369999,60.099998,60.66,1541205,54.389477
2015-06-29,58.759998,59.98,58.32,59.07,2675389,52.963837
2015-06-30,58.91,59.459999,57.990002,57.990002,3251912,51.99548
2015-07-01,58.52,59.599998,57.98,59.200001,2527041,53.080399
2015-07-02,59.5,59.709999,58.91,59.139999,1685827,53.026604
2015-07-03,59.099998,59.310001,58.330002,58.700001,1063018,52.632084
2015-07-06,57.639999,58.700001,57.330002,58.09,1817849,52.08514
2015-07-07,58.060001,58.400002,57.459999,57.5,2150542,51.556133
2015-07-08,57.740002,58.310001,57.669998,57.93,1790470,51.941685
2015-07-09,58.200001,59.639999,58.040001,59.400002,1710105,53.259727
2015-07-10,60.709999,61.18,60.41,60.939999,2053356,54.640533
2015-07-13,61.900002,62.200001,61.389999,61.630001,1776840,55.259205
2015-07-14,61.5,62.209999,61.5,62.150002,1103492,55.725456
2015-07-15,61.5,61.880001,61,61.73,2107229,55.348869
2015-07-16,62,63.16,61.880001,62.689999,1547308,56.209633
2015-07-17,62.610001,62.689999,62.060001,62.529999,1261020,56.06617
2015-07-20,62.419998,63.200001,62.419998,62.880001,883378,56.379993
2015-07-21,63.23,63.330002,62.240002,62.389999,1125569,55.940643
2015-07-22,62.23,62.93,62.220001,62.52,1023961,56.057205
2015-07-23,62.77,63.150002,61.860001,62.16,1669208,55.734421
2015-07-24,61.939999,62.48,61.029999,61.84,1839028,55.447495
2015-07-27,61.369999,61.560001,60.299999,60.369999,1495619,54.129456
2015-07-28,60.709999,61.130001,60.259998,60.849998,1263911,54.559834
2015-07-29,61,61.450001,60.779999,61.360001,1354755,55.017117
2015-07-30,61.509998,61.57,60.990002,61.57,1250403,55.20541
2015-07-31,61.580002,61.709999,60.970001,61.689999,1571016,55.313
2015-08-03,61.689999,62.93,61.599998,62.93,1338872,56.424828
2015-08-04,62.91,63.200001,62.549999,62.939999,1188719,56.433788
2015-08-05,62.900002,63.330002,62.75,63.16,1889186,56.631046
2015-08-06,62.959999,63.490002,62.790001,63.27,812705,56.729679
2015-08-07,63.310001,63.310001,62.439999,62.549999,946429,56.084103
2015-08-10,62.75,62.900002,62.139999,62.779999,727064,56.290325
2015-08-11,62.459999,62.619999,61.619999,61.880001,1451033,55.483364
2015-08-12,61.34,61.34,59.630001,59.900002,2266956,53.708038
2015-08-13,60.549999,60.900002,60.299999,60.450001,1573239,54.201183
2015-08-14,60.52,60.799999,59.959999,60.32,1025934,54.084621
2015-08-17,60.75,61.049999,59.549999,60.330002,912954,54.093586
2015-08-18,60.169998,60.48,59.990002,60.130001,668487,53.914265
2015-08-19,59.75,59.900002,59.07,59.099998,961952,52.990734
2015-08-20,59,59.130001,57.990002,58.119999,1550840,52.112038
2015-08-21,57.580002,58.09,56.599998,56.599998,2262933,50.749165
2015-08-24,54.98,55.790001,51.73,53.540001,4869806,48.005482
2015-08-25,54.23,55.77,53.889999,54.93,3350283,49.251797
2015-08-26,54.02,54.860001,53.169998,54.150002,2918988,48.552425
2015-08-27,55.220001,55.740002,54.759998,55.360001,2328661,49.637348
2015-08-28,55.470001,55.580002,54.700001,55.25,1704602,49.538712
2015-08-31,54.959999,55.389999,54.639999,55.389999,1094890,49.664246
2015-09-01,54.41,54.619999,53.529999,54.360001,2039663,48.740719
2015-09-02,54.669998,54.810001,53.91,54.16,1871647,48.561394
2015-09-03,54.619999,55.43,54.459999,55.02,1458748,49.332493
2015-09-04,54.27,54.419998,53.400002,53.52,2200354,47.987549
2015-09-07,54.09,54.360001,53.400002,53.540001,1070670,48.005482
2015-09-08,53.779999,54.459999,53.66,53.66,1408976,48.113075
2015-09-09,54.84,55.380001,54.509998,54.580002,1955715,48.937977
2015-09-10,54.189999,54.540001,53.77,53.91,1563039,48.337231
2015-09-11,54.049999,54.110001,53.139999,53.32,1122590,47.80822
2015-09-14,53.389999,54.049999,53.099998,53.099998,982284,47.610966
2015-09-15,53.490002,54.029999,52.880001,53.869999,1679245,48.301369
2015-09-16,54.360001,55.310001,54.07,55.009998,1613589,49.323521
2015-09-17,55.25,55.650002,55,55.48,1615187,49.744942
2015-09-18,55.119999,55.380001,54.119999,54.630001,3923985,48.982807
2015-09-21,54.75,56.27,54.650002,56.09,2233107,50.291885
2015-09-22,55.849998,56.060001,54.330002,54.529999,1904385,48.893139
2015-09-23,54.970001,55.990002,54.610001,55.130001,2371774,49.431122
2015-09-24,55.009998,55.23,53.439999,53.790001,2120245,48.229641
2015-09-25,54.419998,55.77,54.299999,55.380001,1718665,49.655281
2015-09-28,55.139999,55.389999,54.360001,54.509998,1491867,48.87521
2015-09-29,53.84,54.84,53.68,54.18,2029342,48.579327
2015-09-30,55.040001,56.52,55,56.419998,2346403,50.587772
2015-10-01,56.959999,57.169998,55.779999,55.889999,1549323,50.112556
2015-10-02,56.279999,56.669998,55.150002,56.119999,1834714,50.318779
2015-10-05,57.200001,58.439999,57.009998,58.330002,2110354,52.300331
2015-10-06,58.110001,58.880001,57.900002,58.560001,1268536,52.506557
2015-10-07,58.98,58.98,57.259998,57.389999,2476849,51.4575
2015-10-08,57.459999,57.959999,57.139999,57.82,1182954,51.843048
2015-10-09,58.27,58.27,57.75,57.950001,998315,51.959614
2015-10-12,57.950001,58.650002,57.720001,58.59,1083928,52.533455
2015-10-13,58.599998,58.700001,57.509998,57.759998,1675129,51.789253
2015-10-14,57.540001,57.880001,57.209999,57.599998,1371817,51.645794
2015-10-15,58.32,58.93,58.009998,58.75,1593023,52.676914
2015-10-16,58.700001,58.740002,58.029999,58.27,2205387,52.246532
2015-10-19,59.450001,59.959999,58.790001,59.41,2565239,53.268688
2015-10-20,59.32,59.529999,58.66,59,1630035,52.901073
2015-10-21,59.099998,60.099998,58.639999,60.02,1911490,53.815636
2015-10-22,59.759998,62.299999,59.560001,61.950001,2868586,55.546127
2015-10-23,62.380001,63.580002,62.369999,63.150002,2492373,56.622086
2015-10-26,62.799999,63.380001,62.529999,63.169998,1338678,56.640015
2015-10-27,63.200001,63.299999,62.639999,62.810001,1517875,56.31723
2015-10-28,63.119999,63.549999,62.889999,63.240002,1367580,56.702778
2015-10-29,63.580002,65.160004,63.139999,64.199997,2935539,57.563534
2015-10-30,64.260002,64.349998,62.849998,63.41,1812660,56.855202
2015-11-02,62.900002,63.610001,62.740002,63,1286611,56.487587
2015-11-03,64.25,64.620003,63.57,63.73,1758967,57.142128
2015-11-04,63.849998,64.540001,63.77,64.120003,1051237,57.491814
2015-11-05,64.339996,65.239998,64.190002,64.809998,1115754,58.110485
2015-11-06,65,65.120003,63.959999,64.290001,1746962,57.644241
2015-11-09,64.290001,64.370003,63.310001,63.459999,1140474,56.900036
2015-11-10,63.849998,64.120003,63.130001,63.549999,1139369,56.980728
2015-11-11,63.689999,64.760002,63.689999,64.610001,1068558,57.931156
2015-11-12,64.300003,64.970001,63.75,63.75,1284600,57.160061
2015-11-13,63.43,63.5,62.330002,63.009998,1855532,56.496552
2015-11-16,62.73,63.349998,62.279999,63.240002,1207234,56.702778
2015-11-17,63.77,64.980003,63.700001,64.68,1651530,57.993919
2015-11-18,64.18,64.440002,63.59,63.75,1604124,57.160061
2015-11-19,64.459999,64.790001,64.080002,64.449997,1832686,57.787697
2015-11-20,64.720001,65.089996,64.099998,64.989998,1666533,58.271873
2015-11-23,65,65.010002,64.230003,64.620003,937856,57.940128
2015-11-24,64.510002,64.519997,63.220001,64.040001,1434318,57.420082
2015-11-25,63.810001,65.709999,63.720001,65.32,2101921,58.567764
2015-11-26,65.139999,65.879997,64.980003,65.230003,911816,58.487072
2015-11-27,64.800003,65.529999,64.550003,65.019997,740936,58.298771
2015-11-30,64.910004,66.349998,64.709999,66.330002,2763565,59.473354
2015-12-01,66.199997,66.279999,65.190002,65.449997,1555593,58.684326
2015-12-02,65.410004,66.32,65.290001,65.879997,1101570,59.069878
2015-12-03,65.660004,66.5,62.189999,62.509998,4151555,56.048237
2015-12-04,62.34,62.990002,61.869999,62.75,2628481,56.263428
2015-12-07,63.220001,64.32,63.220001,63.709999,1328756,57.124191
2015-12-08,63.650002,64.290001,63.259998,63.689999,2597408,57.106258
2015-12-09,63.98,64.07,62.75,62.919998,1697163,56.415852
2015-12-10,62.5,62.84,62.009998,62.369999,1191449,55.92271
2015-12-11,62.299999,62.52,61.18,61.389999,1660250,55.044014
2015-12-14,61.5,62.77,60.93,60.950001,1741381,54.649502
2015-12-15,61.470001,62.349998,61.27,62.119999,1774195,55.698551
2015-12-16,62.23,62.790001,61.830002,62.34,1492007,55.895813
2015-12-17,63.650002,63.900002,63.09,63.119999,1939558,56.595181
2015-12-18,62.599998,62.939999,61.630001,61.93,3031804,55.528194
2015-12-21,61.93,62.709999,61.200001,61.200001,1393191,54.873653
2015-12-22,61.470001,61.48,60.349998,60.939999,983074,54.640533
2015-12-23,61.639999,62.619999,61.560001,62.380001,1032532,55.931679
2015-12-24,62.68,62.68,62.119999,62.470001,102969,56.012371
2015-12-28,62.630001,62.669998,61.919998,62.27,538962,55.833046
2015-12-29,62.830002,63.27,62.650002,63.139999,813471,56.613113
2015-12-30,63.09,63.41,62.720001,63.040001,671629,56.523449
2016-01-04,61.34,61.639999,60.25,60.810001,1726371,54.523968
2016-01-05,61.580002,61.59,60.369999,61.189999,1805845,54.864689
2016-01-06,61.799999,61.82,60.25,60.700001,1347397,54.425343
2016-01-07,59.150002,59.900002,58.700001,59.75,1866401,53.57354
2016-01-08,59.650002,60.459999,59.450001,59.73,2046098,53.555611
2016-01-11,59.73,60.029999,58.700001,58.740002,1529267,52.66795
2016-01-12,59.200001,60.740002,58.650002,60.27,2019422,54.039791
2016-01-13,60.740002,61.130001,60.389999,60.959999,1753625,54.658463
2016-01-14,60.290001,60.369999,59.009998,59.57,2157712,53.412151
2016-01-15,59.27,59.540001,58.43,58.959999,3134445,52.865208
2016-01-18,58.790001,59.5,58.52,58.68,1052292,52.614155
2016-01-19,59.610001,60.099998,59.349998,59.709999,1144606,53.537682
2016-01-20,58.549999,58.950001,57.490002,58.169998,2420492,52.156872
2016-01-21,57.919998,59.060001,57.639999,58.439999,2727070,52.39896
2016-01-22,59.189999,59.970001,58.900002,59.610001,1905180,53.448013
2016-01-25,60,60.490002,59.75,60.18,1268978,53.959095
2016-01-26,59.580002,60.57,59.18,60.389999,1095002,54.147385
2016-01-27,60.16,61.439999,60,61.439999,1342728,55.088844
2016-01-28,61.139999,61.450001,60.709999,61.279999,2309924,54.945385
2016-01-29,62.150002,63.450001,61.900002,63.450001,2258984,56.891071
2016-02-01,63.709999,63.73,62.970001,63.349998,1315834,56.801403
2016-02-02,63.25,63.599998,62.799999,63.220001,1649826,56.684849
2016-02-03,63.299999,63.299999,61.810001,62.169998,1941246,55.743382
2016-02-04,62.66,62.75,61.330002,61.75,2058286,55.366798
2016-02-05,61.509998,62.09,60.52,60.759998,2209153,54.479137
2016-02-08,60.720001,60.77,59.68,60.25,2563466,54.021858
2016-02-09,60.349998,60.639999,59.16,59.580002,2967167,53.42112
2016-02-10,60.049999,60.52,59.330002,59.330002,2142851,53.19696
2016-02-11,58.630001,58.720001,57.59,58.139999,2322043,52.129974
2016-02-12,58.439999,59.07,58.119999,58.599998,2196874,52.542416
2016-02-15,59.290001,60.57,58.970001,60.029999,1190988,53.8246
2016-02-16,60.32,60.75,59.599998,59.959999,1186611,53.761833
2016-02-17,59.93,60.919998,59.849998,60.75,1471684,54.470173
2016-02-18,60.689999,60.91,60.240002,60.439999,1597496,54.192219
2016-02-19,60.439999,60.73,59.889999,60.349998,1637044,54.111519
2016-02-22,60.75,61.189999,60.59,60.91,1734396,54.613632
2016-02-23,62.630001,63.950001,61.599998,63.369999,3027779,56.81934
2016-02-24,64,64,62,62.639999,2656234,56.164799
2016-02-25,63.889999,64.300003,63.119999,64.07,2091874,57.446976
2016-02-26,64.519997,64.900002,63.490002,63.540001,1762230,56.971767
2016-02-29,63.169998,64.32,62.779999,64.230003,1791154,57.590446
2016-03-01,63.970001,64.68,63.509998,64.529999,1465320,57.859428
2016-03-02,64.709999,64.75,62.84,63.330002,1928593,56.783474
2016-03-03,63.18,63.349998,62.599998,63.040001,1426182,56.523449
2016-03-04,63.349998,64.169998,63.049999,63.759998,1455889,57.169022
2016-03-07,63.400002,63.939999,63.279999,63.68,1022802,57.097294
2016-03-08,63.200001,63.34,62.299999,63.27,1277365,56.729679
2016-03-09,63.419998,64.089996,63.07,63.619999,1205111,57.043491
2016-03-10,63.57,65.779999,62.23,62.23,3084513,55.79718
2016-03-11,63.290001,64.239998,62.98,63.869999,1962012,57.267654
2016-03-14,64.18,64.410004,63.75,63.880001,1032409,57.276623
2016-03-15,63.509998,63.880001,63.23,63.66,1669082,57.079365
2016-03-16,63.990002,64.150002,62.810001,63,1728532,56.487587
2016-03-17,63.34,63.630001,61.880001,62.779999,1573717,56.290325
2016-03-18,62.900002,63.119999,62.41,62.860001,3173465,56.362061
2016-03-21,62.43,63,62.169998,62.75,1064260,56.263428
2016-03-22,62.240002,62.439999,61.5,62.41,1291134,55.958572
2016-03-23,62.799999,63.459999,62.779999,63.099998,1228790,56.577248
2016-03-24,62.57,62.669998,61.830002,62.009998,1395243,55.599922
2016-03-29,62.029999,62.73,62.029999,62.529999,1011791,56.06617
2016-03-30,62.759998,63.669998,62.709999,63.549999,1236447,56.980728
2016-03-31,63.23,63.23,62.459999,62.509998,1577526,56.048237
2016-04-01,61.779999,61.790001,60.240002,61.32,1980978,54.981251
2016-04-04,61.220001,62.119999,60.790001,61.740002,1140447,55.357834
2016-04-05,61.349998,61.470001,60.98,61.23,1352598,54.900555
2016-04-06,61.41,61.580002,61.029999,61.580002,1133872,55.214378
2016-04-07,61.5,62.049999,60.889999,61.16,1353251,54.837791
2016-04-08,61.349998,61.540001,60.75,61.259998,1407062,54.927448
2016-04-11,61.150002,61.400002,60.419998,60.93,1531972,54.631565
2016-04-12,60.93,61.009998,60.080002,60.950001,1440203,54.649502
2016-04-13,61.650002,62.150002,61.540001,61.93,1799038,55.528194
2016-04-14,61.93,62.77,61.700001,62.669998,1583881,56.1917
2016-04-15,62.450001,62.619999,61.790001,62.16,2072142,55.734421
2016-04-18,61.5,62.57,61.389999,62.32,1402972,55.877876
2016-04-19,62.880001,64.970001,62.419998,64.519997,2456589,57.85046
2016-04-20,64.199997,64.879997,63.889999,64.629997,1580834,57.949089
2016-04-21,64.809998,64.839996,62.889999,63.869999,2058197,57.267654
2016-04-22,63.779999,64.099998,62.91,63.130001,1298155,56.604145
2016-04-25,63,63.220001,62.470001,62.950001,1248616,56.442753
2016-04-26,63.189999,63.52,62.02,62.48,1295979,56.021339
2016-04-27,62.669998,63.009998,62.080002,62.900002,1312143,56.397923
2016-04-28,62.509998,62.630001,61.450001,62.630001,1418717,56.155834
2016-04-29,62.139999,62.139999,61.169998,61.169998,1848227,54.846752
2016-05-02,61.66,61.93,61.32,61.639999,778966,55.268173
2016-05-03,61.459999,61.650002,60.669998,60.970001,1166903,54.667431
2016-05-04,60.849998,61.43,60.34,60.490002,1484607,54.237049
2016-05-05,59.439999,59.91,59.18,59.560001,1092702,54.854111
2016-05-06,59.27,59.82,58.580002,59.799999,1822268,55.075146
2016-05-09,60.279999,61.380001,60.09,61.049999,1617939,56.226383
2016-05-10,61.59,61.889999,60.720001,61.009998,1256869,56.189545
2016-05-11,60.810001,60.959999,60.330002,60.599998,949100,55.811939
2016-05-12,60.549999,61.150002,60.099998,60.389999,1031161,55.61853
2016-05-13,59.990002,60.810001,59.75,60.639999,1168390,55.848778
2016-05-16,60.279999,60.639999,59.82,60.610001,472866,55.821152
2016-05-17,60.860001,61.200001,59.509998,59.91,1470073,55.176456
2016-05-18,59.52,60.040001,59.349998,59.98,1394016,55.240929
2016-05-19,59.689999,59.860001,59.07,59.5,1077640,54.798855
2016-05-20,60.060001,60.59,59.900002,60.349998,2128033,55.581692
2016-05-23,60.220001,60.560001,59.630001,60.310001,1055257,55.544857
2016-05-24,60.110001,61.990002,59.939999,61.75,1359221,56.871075
2016-05-25,62.139999,62.720001,61.919998,62.299999,1370481,57.377621
2016-05-26,62.290001,63.099998,62.189999,62.919998,1264771,57.948631
2016-05-27,62.900002,63.25,62.59,63.130001,1048088,58.14204
2016-05-30,63.150002,63.669998,62.860001,63.560001,673447,58.538071
2016-05-31,63.450001,63.599998,62.889999,63.080002,1434444,58.095997
2016-06-01,62.91,63.459999,62.740002,62.880001,957385,57.911797
2016-06-02,62.73,63.080002,62.490002,62.91,878163,57.939426
2016-06-03,62.990002,63.360001,62.27,62.869999,1050767,57.902584
2016-06-06,62.869999,63.25,62.790001,62.82,700055,57.856537
2016-06-07,63,63.400002,62.84,63.330002,1012070,58.326241
2016-06-08,63.09,63.389999,62.950001,63.130001,853089,58.14204
2016-06-09,63.07,63.169998,62.540001,62.790001,768976,57.828911
2016-06-10,62.689999,62.720001,61.32,61.43,1390028,56.576363
2016-06-13,60.799999,61.330002,60.470001,60.470001,1314460,55.692211
2016-06-14,60.900002,61.290001,59.939999,60,2926789,55.259346
2016-06-15,60.25,61.150002,60.18,60.5,2391401,55.719841
2016-06-16,60.02,60.52,59.599998,60.299999,1729709,55.535641
2016-06-17,60.52,60.77,59.639999,59.900002,2658624,55.167248
2016-06-20,61.220001,62.040001,60.939999,61.82,1319556,56.935547
2016-06-21,61.82,63.009998,61.639999,62.810001,1225588,57.847328
2016-06-22,63.299999,63.380001,62.75,62.779999,905549,57.819695
2016-06-23,62.939999,64.389999,62.810001,63.880001,1685620,58.832787
2016-06-24,59.049999,61.98,58.900002,60.830002,5232700,56.023769
2016-06-27,60,61.959999,59.98,60.459999,2857900,55.683002
2016-06-28,61.950001,62.099998,60.740002,60.91,2096573,56.097446
2016-06-29,61.150002,61.639999,61.049999,61.360001,2608508,56.51189
2016-06-30,61.16,63.450001,61.009998,63.41,2571744,58.399918
2016-07-01,63.549999,64.389999,63.049999,64.199997,1781449,59.127495
2016-07-04,64.459999,64.660004,63.84,63.93,716237,58.878834
2016-07-05,63.34,63.91,63.09,63.830002,1501349,58.786736
2016-07-06,63.299999,63.990002,63.009998,63.310001,2274704,58.307819
2016-07-07,66.470001,67.889999,64.129997,64.5,5068860,59.403797
2016-07-08,64.550003,64.879997,63.900002,64.040001,3402476,58.980145
2016-07-11,64.779999,65.050003,64.300003,64.360001,2823505,59.27486
2016-07-12,64.669998,65.18,64.339996,64.809998,1886710,59.689304
2016-07-13,64.459999,64.889999,64.279999,64.720001,1427145,59.606419
2016-07-14,65.349998,66.18,65.120003,65.970001,2304957,60.757652
2016-07-15,65.769997,66,65.330002,65.739998,1333955,60.545822
2016-07-18,65.620003,65.900002,65.040001,65.279999,1232767,60.122166
2016-07-19,64.93,65.120003,64.620003,64.709999,1006661,59.597206
2016-07-20,64.839996,65.779999,64.459999,65.349998,1473944,60.186638
2016-07-21,65.190002,65.279999,64.449997,65.209999,1481396,60.057697
2016-07-22,64.900002,65.400002,64.489998,65.400002,1196177,60.232689
2016-07-25,65.559998,65.989998,65.540001,65.790001,1487296,60.591873
2016-07-26,65.639999,66.199997,65.620003,65.959999,1119155,60.74844
2016-07-27,65.959999,66.110001,65.5,65.699997,1374220,60.50898
2016-07-28,65.5,68.290001,65.5,67.93,2883463,62.562794
2016-07-29,69,69.269997,68.150002,68.879997,2960172,63.437729
2016-08-01,69.449997,69.5,68.059998,68.550003,1596054,63.133808
2016-08-02,68.209999,68.440002,67.690002,67.790001,1422755,62.433853
2016-08-03,67.809998,68.25,67.43,67.809998,1699263,62.452267
2016-08-04,68.010002,68.32,67.389999,68.220001,1241442,62.82988
2016-08-05,68.5,69.889999,68.25,69.639999,1895582,64.13768
2016-08-08,69.790001,69.790001,67.940002,68.150002,1823139,62.765404
2016-08-09,68.099998,68.93,67.980003,68.82,1270321,63.382469
2016-08-10,68.5,68.959999,68.5,68.75,693147,63.318001
2016-08-11,69.279999,69.849998,69.050003,69.849998,1189147,64.331093
2016-08-12,69.5,69.919998,69.300003,69.900002,998738,64.377136
2016-08-15,69.949997,70.449997,69.699997,69.75,1148372,64.238998
2016-08-16,69.550003,69.82,69.190002,69.25,1078848,63.778496
2016-08-17,69.43,69.580002,68.349998,68.529999,1405504,63.115379
2016-08-18,68.739998,68.870003,68.339996,68.529999,935654,63.115379
2016-08-19,68.660004,68.75,68,68.620003,1461284,63.198273
2016-08-22,68.449997,68.940002,67.849998,68.269997,1007156,62.875923
2016-08-23,68.68,68.860001,68.349998,68.459999,1119583,63.050911
2016-08-24,68.089996,68.709999,67.900002,68.220001,1002607,62.82988
2016-08-25,67.879997,68.5,67.5,68.139999,826505,62.756195
2016-08-26,68.199997,68.849998,67.879997,68.309998,862504,62.912769
2016-08-29,68.019997,68.68,67.82,68.639999,746960,63.21669
2016-08-30,68.860001,69.440002,68.779999,68.980003,1087426,63.529835
2016-08-31,68.82,69.040001,67.879997,68.110001,1635368,62.728565
2016-09-01,68.470001,68.839996,67.660004,67.93,1403409,62.562794
2016-09-02,68.190002,70.529999,68.050003,70.25,1994601,64.699486
2016-09-05,70.339996,70.5,69.949997,70.050003,846417,64.515297
2016-09-06,69.5,69.589996,69.139999,69.260002,1459450,63.787708
2016-09-07,69.660004,70.07,69.360001,69.779999,1304984,64.266617
2016-09-08,69.529999,69.580002,68.010002,68.25,1894923,62.857502
2016-09-09,67.75,67.800003,66.230003,66.580002,2209686,61.319454
2016-09-12,65.550003,66.269997,65.32,66.239998,1507602,61.006313
2016-09-13,66.879997,66.900002,64.860001,64.910004,2334544,59.781406
2016-09-14,65.400002,65.519997,64.660004,64.739998,2196650,59.624832
2016-09-15,64.529999,64.870003,64.150002,64.669998,1610669,59.560364
2016-09-16,64.599998,64.790001,63.900002,63.919998,3732965,58.869621
2016-09-19,64.510002,64.790001,64.25,64.699997,1464670,59.58799
2016-09-20,64.730003,66.089996,64.589996,65.019997,1800162,59.882706
2016-09-21,65.839996,66.360001,65.290001,65.290001,1695155,60.131382
2016-09-22,65.650002,67.080002,65.440002,66.550003,1565037,61.291828
2016-09-23,66.370003,66.739998,65.889999,66.080002,1434245,60.858963
2016-09-26,65.599998,65.830002,65.300003,65.550003,1151904,60.370834
2016-09-27,65.970001,66.269997,65.599998,65.980003,1058974,60.766869
2016-09-28,65.989998,66.620003,65.720001,65.940002,1035359,60.730022
2016-09-29,66.209999,66.550003,65.709999,65.839996,815692,60.63792
2016-09-30,65.220001,66.080002,64.629997,66.050003,1898801,60.831337
2016-10-03,66,67.18,66,67.160004,1771110,61.85363
2016-10-04,66.959999,67.809998,66.949997,67.379997,1672094,62.056248
2016-10-05,66.690002,66.959999,66.370003,66.449997,1444011,61.199722
2016-10-06,66.669998,66.68,65.529999,65.75,1257389,60.555035
2016-10-07,65.68,65.739998,64.550003,64.550003,1737955,59.449848
2016-10-10,64.760002,65.279999,64.489998,65.150002,1061392,60.002441
2016-10-11,64.860001,65.57,64.699997,64.870003,1044568,59.744568
2016-10-12,65.099998,65.099998,64.099998,64.099998,1222033,59.035397
2016-10-13,63.849998,63.849998,63.240002,63.59,1747259,58.565697
2016-10-14,63.610001,64.699997,63.59,64.199997,1686174,59.127495
2016-10-17,63.970001,64,63.330002,63.810001,1685530,58.768314
2016-10-18,62.900002,64.959999,62.349998,63.689999,3677923,58.657795
2016-10-19,63.810001,63.810001,63.150002,63.380001,1637477,58.372288
2016-10-20,63.25,63.75,63.110001,63.59,1616852,58.565697
2016-10-21,63.91,64.099998,63.41,63.470001,1390397,58.455177
2016-10-24,63.84,63.939999,62.689999,62.77,1474570,57.810486
2016-10-25,62.610001,63.389999,62.610001,62.939999,1622417,57.967052
2016-10-26,62.93,63.080002,62.259998,62.5,1362273,57.561821
2016-10-27,62.5,63.610001,62.470001,63.5,1761914,58.482807
2016-10-28,62.849998,63.740002,62.59,63.509998,1425157,58.49202
2016-10-31,63.389999,63.400002,62.970001,63.080002,1410829,58.095997
2016-11-01,63.290001,63.720001,62.450001,62.560001,1136950,57.617077
2016-11-02,62.41,62.970001,61.849998,61.939999,1491632,57.046062
2016-11-03,61.490002,62.23,61.290001,61.529999,1656644,56.668457
2016-11-04,61.380001,61.52,61.080002,61.220001,1183494,56.382954
2016-11-07,62,62.119999,61.169998,61.490002,1331428,56.631622
2016-11-08,61.380001,61.889999,61.189999,61.259998,1816572,56.419788
2016-11-09,60.200001,60.93,59.599998,60.740002,2966811,55.94088
2016-11-10,60.700001,60.700001,57.66,58,5113951,53.41737
2016-11-11,58.25,59.200001,57.77,58.75,2933728,54.108109
2016-11-14,59.360001,59.889999,58.080002,58.200001,2639761,53.601566
2016-11-15,58.419998,59.080002,58.299999,59.07,2023699,54.402824
2016-11-16,59.200001,59.25,58.060001,58.599998,1776054,53.969955
2016-11-17,58.619999,59.220001,58.48,58.700001,1323551,54.062061
2016-11-18,58.75,59.209999,58.619999,58.82,1476637,54.172581
2016-11-21,59.09,59.130001,58.5,58.91,1144011,54.255466
2016-11-22,59.220001,59.299999,58.689999,58.889999,1236682,54.237049
2016-11-23,58.889999,59.029999,58.57,58.599998,1704709,53.969955
2016-11-24,58.860001,59.009998,58.189999,58.959999,1208987,54.301517
2016-11-25,59.25,60.209999,59.049999,60.040001,1719177,55.296185
2016-11-28,60.209999,60.43,59.639999,59.720001,1332216,55.001469
2016-11-29,59.720001,60.18,59.400002,59.880001,1177578,55.14883
2016-11-30,59.970001,60.389999,59.360001,59.360001,2131579,54.66991
2016-12-01,59.200001,59.279999,58.25,58.5,2099229,53.877861
2016-12-02,58.25,58.639999,57.990002,58.389999,1789296,53.776554
2016-12-05,58.330002,59.5,58.32,58.610001,1645271,53.979172
2016-12-06,58.740002,59.09,58.310001,58.75,1459174,54.108109
2016-12-07,59,59.130001,58.369999,58.900002,1471991,54.246262
2016-12-08,59.189999,60.150002,59,59.990002,2500910,55.250134
2016-12-09,60.130001,61.740002,60.049999,61.32,2508521,56.475052
2016-12-12,61.389999,61.43,60.860001,61.02,1355852,56.198753
2016-12-13,61,61.990002,61,61.830002,1548546,56.944756
2016-12-14,61.66,61.779999,61.040001,61.580002,1344920,56.714512
2016-12-15,61.310001,61.970001,60.669998,61.310001,2338928,56.465843
2016-12-16,61.18,61.77,61.119999,61.240002,3916524,56.401375
2016-12-19,59.5,60.509998,59.349998,60.400002,2980454,55.627743
2016-12-20,60.169998,60.169998,59.25,59.709999,2206812,54.99226
2016-12-21,59.43,59.82,59,59,1849217,54.338356
2016-12-22,59,59.389999,58.700001,59.080002,1365387,54.412037
2016-12-23,58.919998,59.279999,58.830002,58.869999,1060633,54.218632
2016-12-27,59.009998,59.43,58.919998,59.310001,889600,54.623863
2016-12-28,59.25,59.330002,59.009998,59.25,851699,54.568607
2016-12-29,59.009998,59.689999,59.009998,59.529999,612206,54.826481
2016-12-30,59.689999,60.23,59.450001,60.200001,1249040,55.443542
2017-01-02,60.099998,60.560001,59.900002,60.240002,503232,55.480385
2017-01-03,60.5,60.52,59.68,60.040001,1389880,55.296185
2017-01-04,60.169998,60.57,59.779999,60.560001,1451620,55.775105
2017-01-05,60.259998,61.150002,60.259998,61.150002,1288330,56.318481
2017-01-06,61.32,61.41,60.790001,61.060001,1174159,56.235596
2017-01-09,61.220001,61.509998,60.939999,61.490002,1287298,56.631622
2017-01-10,61.610001,61.75,60.939999,61.200001,1673467,56.364532
2017-01-11,61.09,61.25,60.389999,60.799999,1907975,55.99614
2017-01-12,60.57,60.950001,60.380001,60.790001,1411605,55.986931
2017-01-13,61,61.029999,60.27,60.529999,2089018,55.747471
2017-01-16,60.360001,60.650002,59.91,60.310001,1421323,55.544857
2017-01-17,60.23,60.290001,59.580002,59.939999,1481750,55.204082
2017-01-18,60.150002,60.490002,59.900002,59.959999,1150713,55.222504
2017-01-19,59.900002,60.049999,59.41,59.689999,1665454,54.973839
2017-01-20,59.369999,59.68,59.189999,59.25,2556278,54.568607
2017-01-23,59.02,59.48,58.869999,59.049999,1395309,54.384407
2017-01-24,59.34,59.34,58.849998,58.93,1784260,54.273888
2017-01-25,59.389999,59.41,58.779999,58.950001,1787011,54.292309
2017-01-26,58.75,58.990002,58.5,58.91,1509639,54.255466
2017-01-27,59.099998,59.099998,58.400002,58.599998,1579045,53.969955
2017-01-30,58.5,58.57,58.02,58.290001,1465293,53.68446
2017-01-31,58.580002,58.59,57.990002,57.990002,2022269,53.408161
2017-02-01,58.369999,58.880001,58.060001,58.459999,1717878,53.841022
2017-02-02,58.549999,58.790001,58.259998,58.360001,1388057,53.74892
2017-02-03,58.619999,59.310001,58.599998,59.099998,1653766,54.430454
2017-02-06,59.029999,59.419998,58.84,58.98,1210873,54.319935
2017-02-07,58.779999,59.73,58.779999,59.240002,1150971,54.559395
2017-02-08,59.360001,60.849998,58.93,60.650002,2337998,55.857994
2017-02-09,60.529999,60.779999,60.169998,60.450001,1428047,55.67379
2017-02-10,60.380001,60.68,59.84,60.049999,1723334,55.305393
2017-02-13,59.98,60.93,59.98,60.650002,1129873,55.857994
2017-02-14,60.540001,60.889999,59.639999,60.029999,1887516,55.286976
2017-02-15,60,60.580002,59.330002,59.939999,2231457,55.204082
2017-02-16,60.16,60.16,58.549999,59.150002,2785502,54.476505
2017-02-17,59.5,61.77,59,61,4469639,56.180336
2017-02-20,61.299999,61.389999,60.540001,60.950001,1909194,56.134289
2017-02-21,60.959999,61.040001,60.540001,60.889999,1876631,56.079029
2017-02-22,60.779999,62.700001,60.75,62.330002,2646263,57.405254
2017-02-23,62.389999,62.950001,62.09,62.790001,2085755,57.828911
2017-02-24,62.959999,63.040001,62.310001,62.650002,1485428,57.699966
2017-02-27,62.900002,63,62.16,62.709999,1348577,57.755222
2017-02-28,62.900002,63.060001,62.040001,62.560001,1754585,57.617077
2017-03-01,62.900002,63.049999,62.57,62.860001,1734390,57.893375
2017-03-02,62.73,62.790001,62.200001,62.73,1303529,57.773647
2017-03-03,62.75,62.75,62.09,62.529999,1373990,57.589447
2017-03-06,62.259998,62.540001,62.009998,62.5,1189860,57.561821
2017-03-07,62.049999,62.52,61.84,61.869999,1576451,56.981594
2017-03-08,61.849998,61.959999,61.139999,61.830002,1527970,56.944756
2017-03-09,61.900002,62.57,61.66,62.450001,1411898,57.515774
2017-03-10,62.77,62.970001,62.02,62.84,1516310,57.874954
2017-03-13,63,63.060001,62.470001,62.98,1177591,58.003895
2017-03-14,62.790001,62.900002,62.540001,62.66,930123,57.709175
2017-03-15,62.759998,62.779999,62.299999,62.619999,997388,57.672337
2017-03-16,63.209999,63.389999,62.59,62.790001,1852390,57.828911
2017-03-17,62.900002,63.209999,62.23,63.209999,2470651,58.215721
2017-03-20,63.139999,64.32,63.049999,64,1774601,58.943306
2017-03-21,64.18,64.459999,63.57,63.790001,1866100,58.749897
2017-03-22,63.82,64.160004,63.549999,63.970001,1639796,58.915676
2017-03-23,64.029999,64.099998,63.459999,63.970001,1444241,58.915676
2017-03-24,63.860001,63.860001,63.349998,63.610001,1169752,58.584118
2017-03-27,63.41,64.239998,62.93,64.199997,1585232,59.127495
2017-03-28,63.580002,63.810001,63.07,63.310001,1794172,58.307819
2017-03-29,63.07,63.389999,62.77,63.310001,1438444,58.307819
2017-03-30,63.040001,63.580002,62.939999,63.549999,1489278,58.528854
2017-03-31,63.299999,63.759998,63.02,63.759998,2019023,58.722263
2017-04-03,63.91,64.019997,63.439999,63.5,1642270,58.482807
2017-04-04,62.830002,64.139999,62.830002,63.919998,1634219,58.869621
2017-04-05,63.799999,64.18,63.509998,63.599998,1179713,58.574905
2017-04-06,63.200001,63.990002,63.200001,63.75,1489443,58.713058
2017-04-07,63.150002,64.169998,63.110001,64.169998,1290676,59.099869
2017-04-10,64.080002,64.199997,63.650002,64.080002,928292,59.016983
2017-04-11,63.77,64.07,63.630001,64,1198916,58.943306
2017-04-12,63.849998,64.489998,63.77,64.239998,1219063,59.164341
2017-04-13,64.019997,64.309998,63.93,64.269997,1726221,59.191967
2017-04-18,64.400002,64.459999,63.830002,63.860001,1695744,58.814362
2017-04-19,63.669998,63.849998,63.07,63.349998,1693980,58.344658
2017-04-20,62.740002,64.059998,62.700001,63.709999,1877648,58.676216
2017-04-21,62.799999,62.950001,61.869999,62.150002,4537934,57.239475
2017-04-24,63.860001,64.040001,62.91,63.650002,3688643,58.620956
2017-04-25,63.779999,64.019997,63.580002,63.77,1850770,58.731472
2017-04-26,63.450001,63.84,63.200001,63.560001,1926560,58.538071
2017-04-27,63.470001,64.139999,63.27,63.900002,1757306,58.851208
2017-04-28,63.82,64.209999,63.560001,64.18,2053421,59.109081
2017-05-02,64.400002,64.489998,63.799999,64.370003,1570186,59.284069
2017-05-03,64.449997,64.449997,63.869999,64.190002,1487128,59.118294
2017-05-04,64.519997,65.629997,64.370003,65.5,2424412,60.324787
2017-05-05,63.889999,65.18,63.73,65.010002,2510171,61.46888
2017-05-08,65.239998,65.269997,64.849998,65.199997,1811540,61.648525
2017-05-09,65.419998,66.32,65.230003,66.129997,2345868,62.527863
2017-05-10,66.099998,66.529999,65.809998,66.230003,1736672,62.622421
2017-05-11,66.410004,67.110001,66.199997,66.730003,2176077,63.095192
2017-05-12,66.699997,67.199997,66.379997,67.120003,1743996,63.463943
2017-05-15,67.120003,67.239998,66.68,67.089996,1295521,63.435574
2017-05-16,67.169998,67.75,67.010002,67.550003,1744865,63.870525
2017-05-17,67.650002,67.669998,66.540001,66.870003,1903745,63.227566
2017-05-18,66.989998,67.07,64.739998,65,3268525,61.459423
2017-05-19,65,66.269997,64.919998,65.849998,2537842,62.263119
2017-05-22,65.889999,66.190002,65.379997,66.190002,1279538,62.584606
2017-05-23,65.870003,67,65.779999,66.849998,1681911,63.208649
2017-05-24,66.18,66.730003,66.18,66.650002,1244283,63.019547
2017-05-25,67,67.349998,66.620003,67.019997,1124865,63.369385
2017-05-26,66.82,66.93,66.410004,66.550003,1356222,62.924995
2017-05-29,66.400002,66.709999,66.379997,66.650002,695136,63.019547
2017-05-30,66.230003,66.519997,65.919998,66.230003,1339594,62.622421
2017-05-31,66.400002,67.029999,66.080002,66.080002,2185897,62.480595
2017-06-01,66.25,67.239998,66.199997,66.870003,1412234,63.227566
2017-06-02,67.389999,67.529999,67.129997,67.32,1183628,63.653053
2017-06-05,67.129997,67.43,67.099998,67.139999,702670,63.482857
2017-06-06,66.809998,67.18,66.540001,66.800003,1279022,63.161381
2017-06-07,66.580002,67.800003,66.410004,67.230003,1700079,63.567955
2017-06-08,66.830002,67.300003,66.489998,66.639999,1658669,63.010086
2017-06-09,66.699997,67.540001,66.470001,66.910004,1394358,63.265381
2017-06-12,66.650002,66.790001,65.980003,66.309998,1455229,62.698063
2017-06-13,66.5,66.699997,66.169998,66.699997,1459551,63.066822
2017-06-14,66.589996,67.559998,66.519997,66.599998,1697310,62.972271
2017-06-15,66.470001,66.830002,66.18,66.690002,1688036,63.057369
2017-06-16,66.839996,67.75,66.830002,67.43,2761887,63.757057
2017-06-19,67.800003,68.559998,67.57,67.57,2005619,63.889431
2017-06-20,67.949997,69.360001,67.75,68.540001,2012825,64.806595
2017-06-21,68.349998,68.349998,67.529999,68.309998,1874620,64.589127
2017-06-22,68.330002,68.410004,67.57,67.650002,1602268,63.965076
2017-06-23,67.410004,67.540001,66.669998,67.480003,1411167,63.80434
2017-06-26,68.080002,69.519997,68.080002,69.440002,3134850,65.657578
2017-06-27,69.449997,69.449997,67.93,67.93,2201505,64.229828
2017-06-28,67.93,68.529999,67.349998,67.589996,2001084,63.90834
2017-06-29,67.82,67.970001,66.32,66.379997,2544311,62.764248
2017-06-30,66.279999,67.080002,65.809998,65.809998,2282862,62.225296
2017-07-03,66,66.849998,65.970001,66.68,1408040,63.047909
2017-07-04,66.300003,66.769997,66.050003,66.410004,1054662,62.792622
2017-07-05,66.300003,66.790001,66,66.43,1619754,62.811531
2017-07-06,66.330002,66.489998,64.82,65.43,2370138,61.865997
2017-07-07,65.400002,65.699997,65.209999,65.580002,1063270,62.007832
2017-07-10,65.839996,65.93,64.970001,65.75,1077824,62.168568
2017-07-11,65.68,65.809998,64.599998,64.599998,1498580,61.081207
2017-07-12,64.739998,66.040001,64.650002,65.68,1708071,62.102383
2017-07-13,65.790001,66.349998,65.410004,66.080002,1289311,62.480595
2017-07-14,66.239998,66.360001,65.629997,65.940002,991014,62.348221
2017-07-17,66.010002,66.110001,65.699997,65.830002,808010,62.244213
2017-07-18,65.889999,66.059998,65.18,65.300003,1296129,61.743084
2017-07-19,65.660004,66.040001,65.529999,65.970001,1030134,62.376587
2017-07-20,66.290001,66.43,65.540001,65.93,1274599,62.338764
2017-07-21,65.669998,65.959999,64.470001,64.650002,2863847,61.128487
2017-07-24,64.800003,64.830002,63.84,64.050003,1598445,60.561169
2017-07-25,64.25,64.809998,64.239998,64.349998,1676292,60.844826
2017-07-26,64.419998,64.980003,64.269997,64.400002,1340392,60.892105
2017-07-27,64.199997,66.120003,63.91,64.75,2474089,61.223038
2017-07-28,63.900002,64.050003,62.860001,63.650002,2483369,60.182957
2017-07-31,63.349998,63.720001,63.02,63.09,1557499,59.653458
2017-08-01,63.970001,63.970001,62.52,63.130001,2045832,59.69128
2017-08-02,63.150002,63.630001,63,63.450001,1698954,59.993851
2017-08-03,63.509998,64.760002,63.279999,64.68,2086837,61.156849
2017-08-04,64.510002,67.169998,64.440002,67.050003,2792796,63.397755
2017-08-07,67.050003,67.580002,66.919998,67.559998,2501037,63.879978
2017-08-08,67.559998,67.559998,66.870003,67.199997,1761416,63.539581
2017-08-09,66.849998,67.050003,66.260002,66.629997,1924613,63.000633
2017-08-10,66.550003,66.550003,65.339996,65.489998,1705488,61.922729
2017-08-11,65.449997,65.800003,64.57,64.919998,1669339,61.383778
2017-08-14,66.870003,66.900002,65.529999,66.419998,2087970,62.802071
2017-08-15,67.800003,68.400002,67.110001,67.110001,2106554,63.454491
2017-08-16,67.489998,67.650002,67.110001,67.110001,1420625,63.454491
2017-08-17,66.839996,67.260002,66.57,66.57,1319062,62.943897
2017-08-18,66.019997,66.190002,65.5,66.190002,1713210,62.584606
2017-08-21,66.050003,66.610001,65.900002,66.5,1338350,62.877712
2017-08-22,66.870003,67,66.459999,66.830002,886066,63.189743
2017-08-23,66.5,67.129997,66.470001,66.769997,1262117,63.133007
2017-08-24,66.910004,67.169998,66.489998,66.5,861044,62.877712
2017-08-25,66.389999,66.830002,66.07,66.699997,1402872,63.066822
2017-08-28,66.370003,66.480003,65.949997,66.190002,763441,62.584606
2017-08-29,65.629997,66.25,65.279999,66.099998,1204028,62.4995
2017-08-30,66.290001,66.379997,66.010002,66.199997,789729,62.594051
2017-08-31,65.75,66.379997,65.550003,66.150002,1879538,62.546783
2017-09-01,66,66.639999,65.779999,65.82,1445088,62.234756
2017-09-04,65.339996,65.910004,65.339996,65.519997,639246,61.951092
2017-09-05,65.75,66.360001,65.739998,66.120003,1270318,62.518421
2017-09-06,65.800003,67.349998,65.510002,66.879997,2243948,63.237011
2017-09-07,67.199997,67.309998,66.809998,66.809998,1815966,63.170822
2017-09-08,66.629997,67.529999,66.580002,67.449997,1120493,63.775967
2017-09-11,67.699997,68.470001,67.699997,68.400002,1463768,64.674225
2017-09-12,68.419998,68.580002,67.879997,68.050003,1284074,64.343285
2017-09-13,68.050003,68.059998,67.599998,67.919998,1370953,64.220367
2017-09-14,67.779999,68.269997,67.650002,68,1319253,64.296013
2017-09-15,67.980003,68.269997,66.959999,67.220001,5521434,63.558495
2017-09-18,67.459999,67.650002,66.980003,67.080002,989843,63.426128
2017-09-19,66.629997,66.940002,66.129997,66.610001,1337483,62.981724
2017-09-20,66.389999,67,66.389999,66.43,1933722,62.811531
2017-09-21,66.449997,66.57,65.980003,66.419998,1229031,62.802071
2017-09-22,66.480003,67.010002,66.269997,66.699997,1403460,63.066822
2017-09-25,66.559998,66.910004,66.529999,66.669998,1093789,63.038456
2017-09-26,66.800003,66.800003,66.379997,66.489998,1327277,62.868259
2017-09-27,66.769997,66.769997,65.769997,65.779999,1762157,62.196934
2017-09-28,65.699997,65.809998,65.330002,65.800003,1348109,62.215847
2017-09-29,65.709999,66.370003,65.660004,66.370003,1818297,62.754795
2017-10-02,66.300003,66.730003,66,66.730003,1158308,63.095192
2017-10-03,66.919998,67.209999,66.650002,66.940002,883709,63.293755
2017-10-04,67.07,68.25,66.940002,68.129997,2000858,64.41893
2017-10-05,68.160004,68.730003,68.010002,68.5,1348566,64.768776
2017-10-06,68.610001,68.629997,68.129997,68.32,1018830,64.598579
2017-10-09,68.550003,69.230003,68.519997,69.110001,1085824,65.345543
2017-10-10,68.889999,69.099998,68.669998,68.830002,994677,65.080795
2017-10-11,69.199997,69.290001,68.639999,69.099998,1144679,65.336098
2017-10-12,69.279999,69.290001,68.879997,69.239998,758502,65.46846
2017-10-13,69.300003,69.449997,68.889999,68.889999,1371314,65.137535
2017-10-16,68.839996,69.379997,68.839996,69.349998,1258425,65.572472
2017-10-17,70.800003,71,69.440002,70.699997,2884509,66.848938
2017-10-18,70.870003,72,70.669998,71.059998,2456980,67.189323
2017-10-19,71,71.099998,70.199997,70.5,1633606,66.659836
2017-10-20,70.5,70.599998,69.949997,70.290001,1870263,66.461273
2017-10-23,70.510002,70.82,70.230003,70.32,990232,66.489639
2017-10-24,70.099998,70.620003,69.559998,69.599998,1243062,65.808853
2017-10-25,69.519997,69.889999,68.510002,68.660004,1628836,64.920059
2017-10-26,68.839996,69.720001,68.790001,69.639999,1738960,65.84668
2017-10-27,70,71.040001,69.959999,70,1808579,66.187065
2017-10-30,69.910004,69.989998,69.330002,69.459999,1267814,65.676483
2017-10-31,69.900002,70.190002,69.510002,70.139999,1370429,66.319443
2017-11-01,70.510002,70.769997,70.260002,70.260002,1315008,66.432915
2017-11-02,70.260002,70.739998,69.699997,69.980003,1280151,66.168159
2017-11-03,70.099998,70.550003,69.639999,70.529999,1242528,66.688202
2017-11-06,70.5,70.82,70.330002,70.400002,1094076,66.565285
2017-11-07,70.5,70.5,69.510002,69.620003,1382455,65.827766
2017-11-08,69.620003,70.029999,69.260002,69.440002,1396505,65.657578
2017-11-09,69.510002,69.860001,69.139999,69.470001,1450018,65.685944
2017-11-10,69.57,69.75,68.849998,68.959999,1324294,65.20372
2017-11-13,69.18,69.669998,68.660004,69.230003,1480594,65.459015
2017-11-14,69.589996,69.589996,68.550003,68.790001,1242176,65.042984
2017-11-15,68.5,69.970001,68.5,68.68,2096019,64.938972
2017-11-16,68.879997,69.43,68.720001,69.230003,1073705,65.459015
2017-11-17,69.370003,69.540001,68.68,68.919998,1404691,65.165894
2017-11-20,68.830002,69.43,68.75,69.110001,1058845,65.345543
2017-11-21,69.129997,69.540001,68.790001,69.25,1308013,65.477921
2017-11-22,69.230003,70.43,69.220001,69.489998,1370913,65.704849
2017-11-23,69.220001,70.389999,69.220001,70.25,1316542,66.423454
2017-11-24,71,71.540001,70.68,70.790001,1983813,66.934036
2017-11-27,70.860001,71.379997,70.43,70.489998,1025849,66.650375
2017-11-28,70.739998,71.660004,70.349998,71.379997,1233334,67.491898
2017-11-29,71.699997,71.730003,71.18,71.43,1130361,67.539169
2017-11-30,71.269997,71.690002,70.919998,70.919998,2142966,67.056953
2017-12-01,70.970001,71,69.690002,69.790001,1991507,65.988503
2017-12-04,70.099998,70.150002,69.279999,69.620003,1717735,65.827766
2017-12-05,69.489998,70.349998,69.489998,70.120003,1345597,66.300537
2017-12-06,69.879997,71.309998,69.739998,70.809998,1619461,66.95295
2017-12-07,70.709999,71.199997,70.610001,70.830002,1277204,66.971863
2017-12-08,70.839996,70.959999,70.169998,70.940002,1746756,67.075867
2017-12-11,70.839996,70.970001,70.459999,70.830002,1181254,66.971863
2017-12-12,70.830002,71.580002,70.410004,71.540001,1455467,67.643181
2017-12-13,71.25,71.650002,70.900002,71.110001,1062008,67.23661
2017-12-14,71.169998,71.389999,70.650002,70.730003,1345142,66.877312
2017-12-15,70.620003,71.290001,70.300003,71.199997,3059853,67.321701
2017-12-18,71.529999,72.129997,71.370003,71.82,1715887,67.907928
2017-12-19,71.650002,71.970001,70.860001,70.919998,998457,67.056953
2017-12-20,70.809998,70.980003,69.959999,70.169998,1350092,66.347801
2017-12-21,70.099998,70.75,69.730003,70.610001,1030777,66.76384
2017-12-22,70.519997,70.989998,70.449997,70.599998,708869,66.754387
2017-12-27,70.110001,70.910004,70.110001,70.75,719626,66.89621
2017-12-28,70.519997,70.730003,70.080002,70.139999,804235,66.319443
2017-12-29,70.019997,70.540001,69.900002,69.949997,1041534,66.139793
2018-01-02,69.830002,70.139999,68.769997,68.970001,1495846,65.213173
2018-01-03,68.970001,69.440002,68.269997,69.43,1423283,65.648117
2018-01-04,69.790001,70.589996,69.510002,70.459999,1439421,66.622009
2018-01-05,70.410004,71.779999,70.349998,71.75,1579299,67.841743
2018-01-08,71.489998,71.769997,71.010002,71.269997,1185901,67.387886
2018-01-09,71.099998,71.370003,71.019997,71.169998,1108316,67.293335
2018-01-10,70.900002,71,68.849998,69.040001,2722519,65.279358
2018-01-11,69.510002,70.080002,69.18,69.440002,1670419,65.657578
2018-01-12,69.57,69.699997,69.190002,69.589996,1038899,65.799393
2018-01-15,69.599998,69.660004,69.169998,69.169998,1087250,65.402275
2018-01-16,69.400002,69.449997,68.559998,68.75,1607117,65.005157
2018-01-17,68.75,69.360001,68.610001,69.120003,1522721,65.355003
2018-01-18,69.190002,69.5,69.010002,69.419998,1529157,65.638657
2018-01-19,69.620003,70.550003,69.489998,70.389999,1884594,66.555824
2018-01-22,70.32,70.809998,69.900002,70.589996,1212476,66.744926
2018-01-23,71,71.129997,70.629997,71,1155448,67.132599
2018-01-24,70.989998,71.059998,70.220001,70.220001,1108054,66.395088
2018-01-25,70.190002,70.540001,69.150002,69.5,1555255,65.714302
2018-01-26,69.5,70.18,69.5,69.860001,1094126,66.054695
2018-01-29,69.800003,69.889999,69.160004,69.160004,1052216,65.39283
2018-01-30,69,69.370003,68.669998,68.970001,1536814,65.213173
2018-01-31,69.339996,69.599998,68.860001,69.459999,1708700,65.676483
2018-02-01,69.730003,70.410004,69.25,69.339996,1955013,65.563019
2018-02-02,68.910004,69.099998,68.300003,68.5,1763233,64.768776
2018-02-05,68.129997,68.400002,67.07,67.239998,2074609,63.577408
2018-02-06,65.730003,66.949997,64.730003,65.629997,3806605,62.055103
2018-02-07,66.5,67.160004,65.550003,67.160004,2616636,63.501766
2018-02-08,66.480003,66.779999,64.900002,65.120003,2518077,61.572887
2018-02-09,64.690002,65.269997,63.650002,63.790001,3077936,60.315331
2018-02-12,64.360001,65.080002,63.849998,64.360001,2221932,60.854282
2018-02-13,64.43,64.989998,63.75,63.880001,1591607,60.400429
2018-02-14,64.349998,65.160004,63.43,64.260002,2229770,60.759731
2018-02-15,64,64.339996,63.23,64.120003,2458798,60.627357
2018-02-16,65,65.949997,64.349998,65.489998,2924587,61.922729
2018-02-19,65.360001,65.489998,64.400002,64.470001,1426815,60.958294
2018-02-20,64.209999,64.769997,64.209999,64.510002,1958983,60.996113
2018-02-21,64.220001,64.790001,64.010002,64.709999,1268195,61.185219
2018-02-22,64.199997,65.610001,63.810001,65.290001,1863160,61.733627
2018-02-23,65.379997,65.839996,64.860001,65.82,1483490,62.234756
2018-02-26,66.43,67.730003,66.209999,67.309998,2243395,63.643593
2018-02-27,67.309998,67.57,66.589996,66.599998,1479525,62.972271
2018-02-28,66.339996,66.739998,65.75,65.75,1883471,62.168568
2018-03-01,65.559998,65.93,64.800003,65.239998,1777490,61.686348
2018-03-02,64.989998,65.300003,63.509998,63.77,2353702,60.296417
2018-03-05,63.889999,64.889999,63.740002,64.860001,1670043,61.327049
2018-03-06,65.169998,65.199997,64.379997,64.580002,1068579,61.062302
2018-03-07,64.5,65.269997,64.050003,65.230003,1406035,61.676895
2018-03-08,65.260002,66.730003,65.260002,66.57,1629616,62.943897
2018-03-09,66.470001,67.709999,66.349998,67.5,2007612,63.823242
2018-03-12,67.980003,68.110001,67.339996,67.739998,1149239,64.050171
2018-03-13,67.580002,67.870003,66.839996,67.139999,1555285,63.482857
2018-03-14,67.050003,67.5,66.5,66.800003,1179928,63.161381
2018-03-15,67.059998,67.370003,66.519997,67.360001,1422054,63.690868
2018-03-16,67.129997,67.610001,67.050003,67.279999,3180625,63.615231
2018-03-19,66.800003,66.989998,66.129997,66.239998,1301316,62.631874
2018-03-20,66.43,66.790001,66.110001,66.68,1006755,63.047909
2018-03-21,66.800003,66.940002,65.290001,65.739998,1338675,62.159111
2018-03-22,65.25,65.57,64.360001,65.050003,1792647,61.506702
2018-03-23,64.139999,64.980003,63.650002,64.160004,2174609,60.66518
2018-03-26,64.309998,64.550003,63.599998,63.959999,1575804,60.476067
2018-03-27,64.940002,64.949997,63.66,64.050003,1484740,60.561169
2018-03-28,63.509998,65.360001,63.439999,65.360001,2051386,61.799812
2018-03-29,65.459999,66.32,65.190002,65.730003,2114781,62.149662
2018-04-03,65.400002,65.529999,64.769997,64.769997,1600222,61.241947
2018-04-04,64.709999,64.75,64.029999,64.610001,1692845,61.090664
2018-04-05,65.309998,66.220001,65.18,65.980003,1910761,62.386047
2018-04-06,65,65.860001,64.75,65.459999,1633757,61.894363
2018-04-09,65.379997,65.790001,65.230003,65.580002,1009664,62.007832
2018-04-10,65.599998,65.650002,64.68,64.989998,1602115,61.449963
2018-04-11,64.650002,64.980003,64.370003,64.800003,1027155,61.270317
2018-04-12,64.720001,65.029999,64.529999,64.910004,1371522,61.374329
2018-04-13,64.839996,65.419998,64.629997,65.260002,1373751,61.705257
2018-04-16,65.260002,65.449997,65.019997,65.290001,1071421,61.733627
2018-04-17,65.209999,66.269997,65.209999,66.059998,2065930,62.461678
2018-04-18,67.5,68.589996,67.080002,67.080002,3701190,63.426128
2018-04-19,67.5,67.739998,66.010002,66.459999,1987712,62.839897
2018-04-20,66.129997,66.529999,65.889999,66.379997,2286718,62.764248
2018-04-23,65.959999,66.050003,65.099998,65.919998,1771481,62.329304
2018-04-24,65.919998,66.400002,65.559998,65.919998,1365792,62.329304
2018-04-25,65.300003,66.25,65.080002,66.209999,1431241,62.603512
2018-04-26,66,67.199997,65.959999,66.870003,1582061,63.227566
2018-04-27,67.129997,67.519997,66.699997,67,1375313,63.350479
2018-04-30,66.800003,67.220001,66.610001,67.089996,1698039,63.435574
2018-05-02,66.910004,67.059998,66.470001,66.639999,1843280,63.010086
2018-05-03,66.699997,67.059998,66.32,66.779999,1396169,63.14246
2018-05-04,65.07,65.330002,64.849998,65.080002,1934105,63.337109
2018-05-07,65.300003,65.32,65,65.190002,850888,63.444164
2018-05-08,65.220001,65.599998,64.910004,65.370003,1282388,63.619343
2018-05-09,65.580002,65.580002,64.529999,64.720001,1576146,62.986748
2018-05-10,64.620003,65.309998,64.57,65.220001,889242,63.473358
2018-05-11,65.300003,65.300003,64.730003,64.730003,941183,62.996483
2018-05-14,64.779999,64.879997,64.470001,64.779999,1021288,63.045139
2018-05-15,64.669998,64.919998,64.410004,64.860001,1794521,63.122997
2018-05-16,64.730003,64.870003,64.480003,64.610001,1144640,62.879696
2018-05-17,64.650002,65.239998,64.32,65.199997,1545229,63.453892
2018-05-18,65.059998,65.589996,64.709999,64.879997,3350018,63.14246
2018-05-21,65.300003,66.739998,65.230003,65.910004,1536773,64.144882
2018-05-22,66,66.129997,65.279999,65.629997,1341849,63.872375
2018-05-23,65.629997,66.010002,65.440002,65.589996,1837902,63.833447
2018-05-24,65.660004,66.559998,65.459999,66.400002,1875445,64.621758
2018-05-25,66.660004,67.480003,66.459999,67.190002,1713630,65.390602
2018-05-28,67.290001,67.639999,67.139999,67.480003,1119447,65.672836
2018-05-29,67.18,67.349998,66.610001,66.839996,2023664,65.049973
2018-05-30,67,67,66.540001,66.739998,1515441,64.952652
2018-05-31,66.910004,67.059998,65.239998,65.389999,2427696,63.638805
2018-06-01,65.639999,66.120003,65.379997,65.940002,1838926,64.17408
2018-06-04,66.220001,66.580002,64.919998,65.18,1989629,63.434429
2018-06-05,65.150002,65.93,64.769997,64.769997,1482780,63.035404
2018-06-06,64.75,64.830002,63.439999,63.860001,1853549,62.14978
2018-06-07,64.230003,64.230003,63.34,63.709999,1219930,62.003796
2018-06-08,63.509998,64.309998,63.25,64.309998,1440174,62.587727
2018-06-11,64.5,65.07,64.370003,64.910004,1643855,63.171661
2018-06-12,65.169998,65.660004,65.029999,65.43,1463014,63.677734
2018-06-13,65.580002,65.860001,65.400002,65.43,1274859,63.677734
2018-06-14,65.089996,65.489998,64.349998,64.989998,2373164,63.249516
2018-06-15,65.239998,65.730003,64.839996,64.910004,3248912,63.171661
2018-06-18,64.730003,64.870003,63.959999,64.190002,1420649,62.470943
2018-06-19,63.759998,64.300003,63.459999,63.959999,1918631,62.247101
2018-06-20,64.269997,64.470001,63.619999,63.77,1690994,62.062191
2018-06-21,63.93,64.709999,63.5,63.66,1622032,61.955135
2018-06-22,64.110001,64.760002,63.75,64.75,1575483,63.015945
2018-06-25,64.260002,64.400002,63.34,63.34,1318223,61.643703
2018-06-26,63.869999,63.880001,63.049999,63.049999,1462749,61.361469
2018-06-27,63.029999,63.73,62.5,63.259998,1674610,61.565845
2018-06-28,63.009998,63.509998,62.619999,63.02,1681730,61.332275
2018-06-29,63.490002,63.560001,62.869999,62.869999,2330524,61.186291
2018-07-02,62.32,63.82,62.240002,63.650002,1779249,61.945404
2018-07-03,63.740002,64.349998,63.560001,64.099998,1202686,62.38335
2018-07-04,64.75,65.199997,64.300003,64.830002,1173237,63.093803
2018-07-05,65.110001,65.790001,64.849998,65.550003,2054951,63.794521
2018-07-06,65.870003,66.07,65.529999,65.760002,1255677,63.998898
2018-07-09,66,66.040001,64.25,64.440002,2026759,62.714249
2018-07-10,64.589996,64.620003,64.080002,64.440002,1583774,62.714249
2018-07-11,64,64.330002,63.57,63.630001,1535824,61.925941
2018-07-12,63.860001,64.790001,63.830002,64.790001,1677384,63.054874
2018-07-13,65.010002,65.410004,64.989998,65.18,1265967,63.434429
2018-07-16,65.410004,65.519997,64.699997,65.199997,1065443,63.453892
2018-07-17,65,65.230003,64.519997,65.080002,1151615,63.337109
2018-07-18,65.010002,65.830002,65.010002,65.580002,1394893,63.823719
2018-07-19,65.410004,65.989998,65.190002,65.82,1366962,64.057289
2018-07-20,65.709999,66.559998,65.620003,66.339996,2139646,64.563362
2018-07-23,66.239998,66.330002,65.75,65.839996,1226022,64.076752
2018-07-24,65.959999,66,65.440002,65.550003,997513,63.794521
2018-07-25,65.669998,65.739998,64.989998,65.300003,1167857,63.551216
2018-07-26,65.440002,65.669998,65.139999,65.639999,1444657,63.882111
2018-07-27,66.709999,67.690002,66.629997,67.589996,2157521,65.779884
2018-07-30,67.260002,67.410004,66.879997,67.190002,1501402,65.390602
2018-07-31,67.75,67.900002,67.199997,67.209999,1917867,65.410065
2018-08-01,67.260002,67.279999,66.610001,67.279999,1499557,65.478188
2018-08-02,67.309998,68.599998,67.150002,68.139999,2064031,66.315155
2018-08-03,68.349998,68.370003,67.949997,68.199997,1281667,66.37355
2018-08-06,68.230003,68.449997,67.919998,68.029999,1081055,66.208099
2018-08-07,67.839996,68.459999,67.830002,68.139999,941753,66.315155
2018-08-08,68.129997,68.580002,68.099998,68.580002,1148074,66.743378
2018-08-09,68.290001,68.459999,67.839996,68.220001,756198,66.393013
2018-08-10,67.699997,68.07,67.260002,67.519997,1568221,65.711761
2018-08-13,67.519997,67.919998,67.239998,67.599998,1438437,65.789619
2018-08-14,68.040001,68.620003,67.910004,68.050003,1322214,66.22757
2018-08-15,68.300003,68.370003,66.809998,66.970001,1482796,65.176491
2018-08-16,67.580002,67.779999,67.059998,67.669998,1058023,65.857742
2018-08-17,67.699997,68.019997,67.269997,67.690002,1067366,65.877213
2018-08-20,67.870003,68.389999,67.690002,68.040001,786599,66.217834
2018-08-21,68.279999,68.769997,68.120003,68.449997,1173829,66.616852
2018-08-22,68.449997,69.07,68.300003,68.300003,1458296,66.470879
2018-08-23,68.349998,68.589996,68.230003,68.349998,822086,66.519531
2018-08-24,68.349998,68.5,68.059998,68.400002,991940,66.568199
2018-08-27,68.339996,68.900002,68.169998,68.839996,957569,66.996407
2018-08-28,69.199997,69.199997,68.709999,68.889999,1160107,67.045074
2018-08-29,69.010002,69.110001,68.739998,69.050003,851101,67.20079
2018-08-30,69,69.139999,68.360001,68.5,1307824,66.66552
2018-08-31,68.419998,68.449997,67.730003,67.82,2176102,66.003723
2018-09-03,67.830002,68.029999,67.720001,67.870003,741808,66.052391
2018-09-04,68.07,68.07,66.209999,66.620003,1586399,64.835869
2018-09-05,66.239998,66.300003,65.120003,65.449997,2102455,63.697193
2018-09-06,65.220001,65.75,64.919998,65.419998,1296448,63.667999
2018-09-07,65.589996,65.800003,65.080002,65.190002,1868758,63.444164
2018-09-10,65.029999,65.57,64.849998,65.279999,1768958,63.53175
2018-09-11,65.389999,65.540001,64.650002,64.830002,2166415,63.093803
2018-09-12,64.779999,65.089996,64.730003,64.830002,2001497,63.093803
2018-09-13,64.870003,65.669998,64.669998,65.290001,1521158,63.541485
2018-09-14,65.300003,65.57,65.160004,65.400002,1136816,63.648537
2018-09-17,65.290001,65.459999,64.790001,64.790001,1327563,63.054874
2018-09-18,64.970001,65.169998,64.75,64.879997,1603286,63.14246
2018-09-19,64.769997,64.889999,64.25,64.32,1622092,62.597458
2018-09-20,64.360001,66.169998,64.360001,65.989998,2196080,64.222733
2018-09-21,66.489998,66.75,66.059998,66.75,3515703,64.962379
2018-09-24,66.260002,66.400002,65.370003,65.779999,1582794,64.018356
2018-09-25,65.580002,66.309998,65.480003,66.25,1222261,64.475777
2018-09-26,66.290001,67,66.169998,66.919998,1784858,65.127831
2018-09-27,66.870003,67.230003,66.519997,67.129997,1285526,65.332207
2018-09-28,67.010002,67.18,66.279999,66.699997,1796371,64.913719
2018-10-01,66.730003,68.279999,66.610001,68.110001,2218052,66.285965
2018-10-02,67.830002,67.830002,66.980003,67.629997,1692586,65.81881
2018-10-03,67.699997,68.400002,67.510002,67.720001,1294485,65.90641
2018-10-04,67.300003,67.300003,66.160004,66.25,2203295,64.475777
2018-10-05,66.309998,66.68,65.480003,65.480003,1708920,63.726398
2018-10-08,65.279999,65.760002,65.25,65.449997,1084508,63.697193
2018-10-09,65.779999,65.949997,65.25,65.639999,1358306,63.882111
2018-10-10,65.830002,65.910004,65.239998,65.330002,1421370,63.580414
2018-10-11,64.879997,65.040001,63.919998,63.93,2637952,62.217903
2018-10-12,64.25,64.480003,63.869999,63.869999,1775907,62.159512
2018-10-15,63.720001,64.480003,63.490002,64.379997,1489293,62.655849
2018-10-16,64.5,65.040001,64.169998,65.040001,1593084,63.29818
2018-10-17,63.779999,64,61.16,62.220001,4418650,60.553699
2018-10-18,61.900002,63.330002,61.869999,62.82,2226251,61.13763
2018-10-19,62.900002,64.18,62.73,63.799999,2942890,62.091385
2018-10-22,64.230003,64.230003,62.799999,63.139999,1715181,61.449062
2018-10-23,62.299999,63.549999,62.23,62.869999,1796210,61.186291
2018-10-24,62.75,63.82,62.52,63.110001,1695087,61.419865
2018-10-25,63.009998,63.490002,62.740002,63.34,1840932,61.643703
2018-10-26,62.990002,63.07,61.810001,62.599998,2394003,60.923523
2018-10-29,62.419998,62.900002,61.720001,61.740002,1741185,60.086555
2018-10-30,61.93,62.5,61.779999,62.279999,2160356,60.612091
2018-10-31,62.560001,63.080002,62.150002,62.580002,2110320,60.90406
2018-11-01,62.330002,63.560001,62.330002,62.779999,1342129,61.098701
2018-11-02,63.290001,63.52,62.580002,62.939999,1406577,61.254417
2018-11-05,63,63.580002,62.950001,63.330002,901065,61.633976
2018-11-06,63.34,63.349998,62.630001,62.919998,1145078,61.234951
2018-11-07,62.990002,63.630001,62.740002,63.02,1057102,61.332275
2018-11-08,63.040001,63.619999,62.91,63.349998,1005274,61.653435
2018-11-09,64.269997,65.610001,63.599998,65.610001,2901646,63.852913
2018-11-12,66,66.400002,65.449997,65.980003,2228227,64.213005
2018-11-13,66.440002,66.730003,66.040001,66.529999,2144453,64.748276
2018-11-14,66.339996,66.339996,65.260002,65.260002,1952415,63.512287
2018-11-15,65.620003,65.830002,64.68,65.199997,1785886,63.453892
2018-11-16,65.290001,65.629997,64.230003,65.099998,1998296,63.356571
2018-11-19,65.080002,65.589996,64.559998,64.709999,1322564,62.977016
2018-11-20,64.510002,65.230003,64.459999,64.980003,1779424,63.239788
2018-11-21,65.110001,65.589996,64.93,65.419998,1823626,63.667999
2018-11-22,65.239998,65.540001,65.010002,65.279999,1000675,63.53175
2018-11-23,65.300003,66.050003,64.830002,65.870003,1266728,64.105949
2018-11-26,66.190002,66.580002,65.559998,65.82,1182464,64.057289
2018-11-27,66,66.720001,65.989998,66.410004,1586386,64.631493
2018-11-28,65.18,65.43,64.639999,65.419998,2227525,63.667999
2018-11-29,65.75,66.43,65.449997,65.540001,1350361,63.78479
2018-11-30,65.650002,66.440002,65.529999,66.059998,2004713,64.290855
2018-12-03,66.690002,66.690002,65.07,65.419998,1853694,63.667999
2018-12-04,65.110001,65.959999,65.110001,65.529999,1257407,63.775055
2018-12-05,65.360001,65.419998,64.370003,64.589996,1517939,62.860226
2018-12-06,64.050003,65.040001,63.02,63.43,2648248,61.731297
2018-12-07,63.779999,64.599998,63.610001,63.799999,1471758,62.091385
2018-12-10,63.810001,64.080002,62.669998,62.970001,1761133,61.283615
2018-12-11,63.220001,63.470001,62.810001,62.810001,2044040,61.127899
2018-12-12,63.34,64.440002,63.189999,64.129997,2233377,62.412544
2018-12-13,64.449997,64.5,63.759998,64.32,1350327,62.597458
2018-12-14,64.209999,64.470001,63.720001,64.080002,1500913,62.363888
2018-12-17,63.75,64.059998,62.990002,63.23,1232512,61.536652
2018-12-18,63.310001,63.52,62.459999,62.689999,1661003,61.011112
2018-12-19,62.889999,63.02,62.43,62.82,1694844,61.13763
2018-12-20,62.27,62.5,61.720001,62.259998,2020619,60.592628
2018-12-21,62.200001,62.400002,61.240002,62.23,3931021,60.563431
2018-12-24,61.68,61.84,61.029999,61.619999,472704,59.969769
2018-12-27,61.75,61.889999,59.720001,60.279999,1947443,58.665653
2018-12-28,60.200001,61.040001,60.200001,60.669998,1736288,59.045208
2018-12-31,60.52,61.509998,60.52,61.509998,392518,59.862713
