,BNP.PA.Open,BNP.PA.High,BNP.PA.Low,BNP.PA.Close,BNP.PA.Volume,BNP.PA.Adjusted
2012-12-28,43.709999,43.709999,42.224998,42.334999,2604935,31.265284
2013-01-02,43.93,44.564999,43.419998,44.459999,3604846,32.834641
2013-01-03,44.240002,44.544998,44.014999,44.459999,1719620,32.834641
2013-01-04,44.360001,44.720001,43.955002,44.384998,1969483,32.779255
2013-01-07,45.25,46.064999,45.119999,45.209999,4186011,33.388531
2013-01-08,45.154999,46.555,45.064999,45.695,4068024,33.746712
2013-01-09,45.915001,46.334999,44.830002,45.639999,4651803,33.7061
2013-01-10,45.700001,46.439999,44.82,45.575001,4345922,33.658096
2013-01-11,45.715,45.98,44.865002,45.869999,4009052,33.875957
2013-01-14,46.064999,46.349998,45.505001,45.634998,3295970,33.702404
2013-01-15,45.200001,45.32,44.154999,44.23,5905055,32.664787
2013-01-16,44.235001,44.314999,43.23,44.209999,4863845,32.650013
2013-01-17,44.25,45.625,44.224998,45.625,4222018,33.695023
2013-01-18,46.080002,46.619999,45.57,46.235001,4478755,34.145519
2013-01-21,46.360001,46.5,45.900002,46.450001,1442582,34.304306
2013-01-22,46.5,46.630001,45.775002,46.294998,3001194,34.189831
2013-01-23,45.939999,46.195,45.115002,45.115002,3860879,33.318375
2013-01-24,45.150002,46.330002,44.77,46.055,3120269,34.012585
2013-01-25,45.974998,46.869999,45.849998,46.665001,3538570,34.463081
2013-01-28,46.799999,47.865002,46.669998,47.665001,3392320,35.201603
2013-01-29,47.709999,47.915001,46.639999,47.244999,3596990,34.891422
2013-01-30,47.404999,47.465,45.790001,46.205002,4236583,34.123363
2013-01-31,46.16,46.75,45.450001,46.209999,3898523,34.127056
2013-02-01,46.465,47.25,46.34,46.755001,4388677,34.529552
2013-02-04,46.889999,47.060001,44.695,44.695,5484208,33.008194
2013-02-05,44.415001,45.970001,44.299999,45.525002,3976399,33.621166
2013-02-06,45.59,45.654999,43.68,44.365002,4596368,32.764481
2013-02-07,44.595001,45.200001,43.52,43.564999,3735901,32.173668
2013-02-08,43.799999,44.915001,43.720001,44.595001,3663641,32.934345
2013-02-11,44.5,45.200001,44.235001,44.75,2576821,33.048813
2013-02-12,44.584999,46.130001,44.400002,46.035,4091394,33.997818
2013-02-13,46.029999,46.119999,45.279999,45.845001,3818510,33.857494
2013-02-14,46.299999,47.5,46.200001,46.75,7947608,34.525856
2013-02-15,46.560001,47.215,46.005001,46.005001,4966090,33.975658
2013-02-18,45.974998,46,45.139999,45.380001,3166507,33.514084
2013-02-19,45.200001,45.799999,45.174999,45.625,2878682,33.695023
2013-02-20,45.5,45.875,44.325001,44.525002,3699626,32.882652
2013-02-21,44.099998,44.150002,42.419998,42.5,5926415,31.387148
2013-02-22,42.799999,43.889999,42.759998,43.630001,4350851,32.221672
2013-02-25,43.895,45.650002,43.384998,43.689999,6306810,32.26598
2013-02-26,41.169998,42.700001,40.349998,41.669998,9597217,30.77417
2013-02-27,42.154999,43.380001,41.41,43.154999,6243792,31.870876
2013-02-28,43.509998,43.700001,42.369999,43.105,4455634,31.833946
2013-03-01,42.810001,42.945,41.415001,42.369999,5418369,31.29113
2013-03-04,41.939999,42.744999,41.634998,42.5,3162771,31.387148
2013-03-05,43.099998,44.025002,42.985001,43.735001,5156454,32.299221
2013-03-06,43.535,44.169998,42.939999,43.02,3810954,31.771175
2013-03-07,43,43.57,42.700001,42.855,3478058,31.649319
2013-03-08,43.415001,44.849998,43.27,44.610001,5465620,32.945423
2013-03-11,44.384998,44.785,44.110001,44.395,2553034,32.78664
2013-03-12,44.195,44.799999,44.049999,44.16,2756053,32.613091
2013-03-13,43.919998,44.185001,43.560001,43.720001,3358928,32.288139
2013-03-14,44.200001,44.939999,44.099998,44.259998,4649118,32.686939
2013-03-15,44.334999,44.674999,43.880001,43.990002,6097027,32.487541
2013-03-18,42.5,42.91,41.950001,42.75,5978402,31.571772
2013-03-19,42.755001,42.755001,40.735001,40.955002,6753241,30.246128
2013-03-20,41.349998,42.419998,41.064999,42.240002,6615129,31.195129
2013-03-21,42.16,42.48,41.610001,42.02,3621540,31.032658
2013-03-22,41.755001,42.215,41.005001,41.174999,5023927,30.408602
2013-03-25,42.720001,42.75,39.5,39.924999,8242131,29.485449
2013-03-26,40,40.950001,39.700001,40.365002,6334417,29.810398
2013-03-27,40.375,40.59,38.650002,39.669998,8796747,29.297129
2013-03-28,39.685001,40.695,39.369999,40.040001,4790046,29.570385
2013-04-02,40.200001,41.18,39.639999,40.924999,5077551,30.22397
2013-04-03,40.639999,41.009998,39.884998,40.095001,4054540,29.611
2013-04-04,40.474998,41.355,39.540001,39.830002,5128772,29.415295
2013-04-05,39.990002,40.200001,38.514999,39.264999,5417445,28.998028
2013-04-08,39.5,39.919998,39.110001,39.16,3129826,28.920486
2013-04-09,39.509998,39.904999,39.154999,39.365002,3733712,29.071878
2013-04-10,39.639999,41.799999,39.5,41.465,6544709,30.622776
2013-04-11,41.584999,42.419998,41.299999,41.974998,5388852,30.99942
2013-04-12,41.825001,41.860001,40.59,40.724998,6182611,30.076265
2013-04-15,40.900002,41.174999,39.884998,40.330002,3958824,29.784552
2013-04-16,39.974998,40.900002,39.715,40.119999,3538698,29.629459
2013-04-17,40.400002,40.669998,38.009998,38.294998,7264982,28.281662
2013-04-18,38.5,39.450001,37.470001,38.290001,7728861,28.277969
2013-04-19,38.955002,39.450001,38.560001,38.965,5446174,28.776468
2013-04-22,39.555,40.02,38.779999,38.959999,4409094,28.772778
2013-04-23,39,41.25,39,41.060001,7476587,30.323673
2013-04-24,41.195,41.970001,40.259998,41.790001,6611233,30.862795
2013-04-25,41.945,42.169998,41.185001,41.799999,3581832,30.870176
2013-04-26,41.759998,41.950001,41.279999,41.580002,3638095,30.707705
2013-04-29,41.720001,42.48,41.595001,42.349998,4147788,31.276361
2013-04-30,42.695,43.060001,42.310001,42.310001,5113900,31.246822
2013-05-02,42.150002,43.669998,41.849998,42.869999,6603008,31.660397
2013-05-03,43.73,44,42.689999,43.889999,6269094,32.413689
2013-05-06,43.68,44,43.535,43.895,1990650,32.417377
2013-05-07,44,45.299999,43.945,44.950001,5293725,33.196522
2013-05-08,45.095001,45.5,44.299999,44.650002,3537855,32.974964
2013-05-09,44.555,45.025002,44.240002,44.540001,2186750,32.893726
2013-05-10,44.505001,45.18,44.125,44.669998,3483652,32.989731
2013-05-13,44.84,44.904999,43.82,44.154999,3585556,32.609394
2013-05-14,44.52,45.075001,44.009998,45.044998,3649856,33.266678
2013-05-15,44.700001,45.790001,44.389999,45.75,4687555,33.787331
2013-05-16,45.494999,46.18,45.310001,45.849998,3848669,33.861187
2013-05-17,45.84,47.049999,45.599998,46.490002,7931358,34.333843
2013-05-20,46.674999,47.25,46.200001,46.705002,3140982,34.492626
2013-05-21,45.900002,45.970001,44.665001,45.485001,4628443,34.706268
2013-05-22,45.419998,46.369999,44.919998,46.049999,4250572,35.137379
2013-05-23,44.59,45.205002,44.200001,44.779999,5796041,34.168335
2013-05-24,45.02,45.23,43.77,44.220001,4362249,33.741039
2013-05-27,44.445,45.18,44.445,45.105,1623707,34.416321
2013-05-28,45.465,46.799999,45.384998,46.040001,4787419,35.129749
2013-05-29,45.950001,46.095001,45.259998,45.27,4043610,34.542221
2013-05-30,45.330002,46.220001,45.330002,45.630001,3905461,34.81691
2013-05-31,45.869999,45.970001,45.325001,45.325001,4449267,34.584187
2013-06-03,45.139999,46.189999,44.630001,45.299999,3914157,34.565109
2013-06-04,45.889999,46.139999,45.084999,45.235001,2847372,34.515514
2013-06-05,45,45.695,44.59,44.66,3628927,34.076771
2013-06-06,44.400002,45.080002,43.549999,43.705002,4104747,33.348087
2013-06-07,43.709999,44.830002,43.575001,44.439999,4367765,33.908909
2013-06-10,44.645,44.919998,43.57,43.900002,3137021,33.49688
2013-06-11,43.68,43.845001,42.450001,43.084999,4203005,32.875008
2013-06-12,43.095001,43.605,42.400002,42.555,3121221,32.470608
2013-06-13,41.990002,43.395,41.349998,43.25,5660045,33.000908
2013-06-14,44,44.075001,43.145,43.279999,3051839,33.0238
2013-06-17,43.400002,44.02,42.865002,43.75,2914637,33.38242
2013-06-18,43.555,44.584999,43.27,44.130001,3069512,33.672371
2013-06-19,44.200001,44.209999,43.400002,43.665001,3330389,33.317562
2013-06-20,42.799999,43.060001,41.529999,41.794998,7059362,31.890701
2013-06-21,41.775002,42.419998,40.68,40.720001,8218995,31.07045
2013-06-24,40.299999,40.875,39.334999,40.145,7172969,30.631712
2013-06-25,40.945,41.369999,40,41.305,6341466,31.516825
2013-06-26,41.34,42.849998,41,42.43,5348679,32.375225
2013-06-27,42.509998,43.080002,41.84,42.544998,4513086,32.462971
2013-06-28,42.785,43.009998,41.5,41.974998,4507485,32.028049
2013-07-01,42.895,43,41.5,42.41,4034304,32.359962
2013-07-02,42.924999,42.924999,42.105,42.314999,3233046,32.287476
2013-07-03,41.584999,41.799999,40.509998,41.330002,5720019,31.535894
2013-07-04,41.785,43.505001,41.435001,43.310001,5638770,33.046688
2013-07-05,43.549999,44.299999,42.955002,42.955002,5107314,32.775818
2013-07-08,43.330002,44.540001,43.110001,44.130001,3573496,33.672371
2013-07-09,44.455002,44.75,43.549999,43.904999,3880411,33.50069
2013-07-10,43.785,44.349998,43.310001,44.099998,3359511,33.649479
2013-07-11,44.869999,45.07,43.91,44.125,3535639,33.668556
2013-07-12,44.395,44.720001,43.599998,44.009998,2842530,33.580807
2013-07-15,44.25,44.895,44.110001,44.43,2407076,33.901276
2013-07-16,44.525002,44.639999,43.669998,43.785,2245863,33.409126
2013-07-17,43.994999,44.5,43.389999,44.115002,2808556,33.660923
2013-07-18,43.884998,45.189999,43.724998,44.900002,3503588,34.259903
2013-07-19,44.875,45.349998,44.720001,45,3433105,34.336205
2013-07-22,45,45.990002,44.884998,45.75,3339398,34.90847
2013-07-23,46,46.299999,45.654999,45.654999,3631006,34.835987
2013-07-24,45.875,47.5,45.849998,47.279999,6055790,36.075905
2013-07-25,47.355,47.84,46.959999,47.755001,4424253,36.438343
2013-07-26,48,48.625,47.845001,48.145,4488491,36.73592
2013-07-29,48.095001,48.5,47.865002,48.215,3342818,36.789333
2013-07-30,48.360001,48.470001,47.490002,47.849998,3530769,36.51083
2013-07-31,48.25,48.805,47.235001,48.634998,6727661,37.109802
2013-08-01,49,50.299999,48.814999,49.75,6079169,37.960575
2013-08-02,49.860001,49.959999,49.044998,49.255001,3928025,37.582882
2013-08-05,49.355,49.695,49.185001,49.400002,2258686,37.69352
2013-08-06,49.419998,49.855,48.610001,49.09,3366649,37.456982
2013-08-07,48.740002,49.845001,48.43,49.59,3427901,37.838497
2013-08-08,49.685001,50.279999,49.43,49.939999,3735299,38.105556
2013-08-09,50,50.200001,49.529999,49.764999,2952881,37.972023
2013-08-12,50,50.150002,49.474998,49.950001,2351173,38.113186
2013-08-13,49.985001,50.200001,49.450001,50.150002,2949105,38.265789
2013-08-14,50.220001,50.290001,49.615002,50.220001,3335246,38.319202
2013-08-15,50.110001,50.669998,49.235001,49.865002,2877943,38.048332
2013-08-16,49.884998,51.040001,49.700001,50.91,3764781,38.845695
2013-08-19,50.77,50.889999,49.560001,49.775002,3720117,37.97966
2013-08-20,49.400002,49.490002,48.185001,49.035,4558817,37.415012
2013-08-21,49.220001,49.474998,48.735001,48.799999,2432973,37.235706
2013-08-22,49.025002,50.310001,48.974998,49.865002,3456944,38.048332
2013-08-23,49.974998,50.48,49.294998,50.25,2660013,38.342094
2013-08-26,50.139999,50.16,49.375,49.514999,1720582,37.781269
2013-08-27,49.240002,49.650002,47.529999,47.764999,5119061,36.445969
2013-08-28,47.639999,48.48,47.349998,48.32,4643968,36.869453
2013-08-29,48.610001,48.790001,47.900002,48.389999,3055691,36.922863
2013-08-30,48.264999,48.465,47.415001,47.415001,3752322,36.178917
2013-09-02,48.16,49.215,48,48.950001,3279694,37.350159
2013-09-03,49.505001,49.505001,47.91,48.27,3672126,36.831299
2013-09-04,48.450001,48.669998,47.419998,48.485001,3424323,36.995354
2013-09-05,48.650002,49.16,48.369999,48.805,3350368,37.239517
2013-09-06,48.695,49.895,48.630001,49.740002,4462074,37.95295
2013-09-09,49.650002,49.895,49.185001,49.514999,2333728,37.781269
2013-09-10,49.994999,50.950001,49.785,50.740002,4316712,38.715981
2013-09-11,50.66,50.82,50.240002,50.75,2724074,38.723606
2013-09-12,50.75,51.139999,50.23,50.490002,3010803,38.525219
2013-09-13,50.189999,50.25,49.334999,50.060001,3494784,38.197117
2013-09-16,50.799999,50.799999,50.259998,50.59,2637207,38.601524
2013-09-17,50.400002,50.57,49.935001,50.419998,2283361,38.471806
2013-09-18,50.02,50.68,49.634998,50.529999,3506121,38.55574
2013-09-19,51.5,51.560001,50.720001,50.950001,4092500,38.876213
2013-09-20,50.73,51.07,50.52,50.759998,5620347,38.731236
2013-09-23,50.889999,51.299999,50.689999,50.830002,3803639,38.784653
2013-09-24,50.939999,51.23,50.650002,51.09,3231881,38.983036
2013-09-25,50.849998,51.450001,50.759998,51.380001,2881740,39.204319
2013-09-26,51.419998,51.5,50.41,50.84,3320469,38.792282
2013-09-27,50.84,51.080002,50.48,50.889999,2953878,38.830433
2013-09-30,49.880001,50.200001,49.529999,50,4248670,38.151337
2013-10-01,50.169998,50.860001,50.049999,50.849998,2975895,38.799911
2013-10-02,50.610001,51.389999,50.400002,51.119999,3523779,39.005924
2013-10-03,51.139999,51.290001,50.369999,50.580002,2157635,38.593895
2013-10-04,50.560001,51.349998,50.560001,51.119999,2834608,39.005924
2013-10-07,50.950001,51.16,50.490002,51.060001,2388794,38.960144
2013-10-08,50.950001,51.150002,50.549999,50.549999,2628293,38.570999
2013-10-09,50.700001,51.990002,50.610001,51.5,3702281,39.295876
2013-10-10,51.990002,53.5,51.830002,53.389999,5270694,40.737999
2013-10-11,53.73,53.880001,53.049999,53.400002,2451196,40.745628
2013-10-14,52.98,53.700001,52.540001,53.700001,2217112,40.974537
2013-10-15,54,54.330002,53.650002,54.169998,3331359,41.333157
2013-10-16,54.009998,54.560001,53.790001,54.299999,3496535,41.432354
2013-10-17,54.07,54.400002,53.450001,54.25,3315322,41.394203
2013-10-18,54.5,54.700001,54.23,54.299999,4315370,41.432354
2013-10-21,54.189999,54.25,53.509998,53.77,3113742,41.02795
2013-10-22,53.529999,54.41,53.529999,54.18,2630049,41.34079
2013-10-23,53.700001,53.700001,52.849998,53,3404791,40.440414
2013-10-24,54,54.279999,53.689999,54.189999,3371425,41.348423
2013-10-25,53.52,53.779999,52.959999,53.349998,2944838,40.707478
2013-10-28,53.540001,53.740002,52.099998,52.709999,2712494,40.219143
2013-10-29,52,53.560001,51.689999,53.509998,3033306,40.829559
2013-10-30,53.599998,54,52.389999,52.77,2779920,40.264923
2013-10-31,53.799999,54.799999,53.549999,54.540001,6195461,41.615475
2013-11-01,54.599998,55.139999,54,54.150002,3010124,41.317898
2013-11-04,54.650002,54.900002,53.799999,53.98,2510617,41.188183
2013-11-05,54.02,54.18,52.77,53.23,3788858,40.615917
2013-11-06,53.650002,53.869999,53.259998,53.41,2695264,40.753258
2013-11-07,53.279999,55.509998,53.119999,53.619999,6630692,40.91349
2013-11-08,53.18,53.450001,52.34,53.099998,4656858,40.516716
2013-11-11,52.970001,53.77,52.77,53.549999,2229699,40.860085
2013-11-12,53.619999,53.990002,53.25,53.27,2288678,40.646435
2013-11-13,53.189999,53.459999,52.470001,52.91,2991922,40.371746
2013-11-14,54,54.48,53.669998,54.43,4980920,41.531548
2013-11-15,54.5,54.889999,54.330002,54.48,3185874,41.569698
2013-11-18,54.860001,55.07,54.41,54.75,3423173,41.775711
2013-11-19,54.310001,54.389999,53.630001,53.790001,3508712,41.043213
2013-11-20,53.84,54.400002,53.639999,53.91,3226189,41.134769
2013-11-21,53.52,54.41,53.290001,54.110001,2146023,41.287376
2013-11-22,54.290001,54.75,53.990002,54.669998,2255819,41.714672
2013-11-25,54.939999,55.060001,54.650002,54.93,2954560,41.913059
2013-11-26,54.75,55.209999,54.75,54.830002,2646246,41.836758
2013-11-27,55.02,55.299999,54.869999,54.959999,2732236,41.935951
2013-11-28,54.830002,55.369999,54.779999,55.200001,1986746,42.11908
2013-11-29,55.5,55.82,55.25,55.25,2624726,42.15723
2013-12-02,55.32,55.830002,55.02,55.09,2307304,42.035141
2013-12-03,54.669998,54.82,53.330002,53.330002,4534023,40.692219
2013-12-04,53.380001,53.619999,52.220001,52.73,4342817,40.234406
2013-12-05,52.360001,53.209999,51.73,51.849998,4887540,39.562931
2013-12-06,52.169998,53.18,51.93,53,4752197,40.440414
2013-12-09,53.389999,53.57,52.610001,53.380001,2880269,40.730366
2013-12-10,53.25,54.09,52.880001,53.259998,3689527,40.638805
2013-12-11,53.200001,53.880001,53,53.029999,4034681,40.463306
2013-12-12,52.849998,53.349998,52.439999,52.849998,3340513,40.325966
2013-12-13,52.91,53.799999,52.650002,53.09,2820315,40.50909
2013-12-16,53.169998,54.400002,53.049999,53.919998,4244265,41.142403
2013-12-17,53.52,53.619999,52.740002,52.740002,3320262,40.242031
2013-12-18,53.18,53.860001,52.599998,53.799999,3367806,41.050838
2013-12-19,54.5,54.93,53.490002,54.34,5470062,41.462875
2013-12-20,54.049999,54.990002,53.810001,54.849998,5692788,41.852016
2013-12-23,54.950001,55.740002,54.91,55.740002,2529846,42.531116
2013-12-24,55.75,55.93,55.580002,55.66,509335,42.47007
2013-12-27,56,56.419998,55.810001,56.419998,2364868,43.049965
2013-12-30,56.5,56.650002,56.299999,56.48,1894489,43.095745
2013-12-31,56.380001,56.720001,56.310001,56.650002,717191,43.225468
2014-01-02,56.700001,56.91,55.349998,55.540001,3165521,42.378506
2014-01-03,55.580002,55.990002,55.290001,55.68,2100448,42.485332
2014-01-06,55.560001,56.23,55.529999,55.77,1851427,42.554001
2014-01-07,55.880001,57.619999,55.790001,57.369999,3703971,43.774841
2014-01-08,57.790001,59.209999,57.75,58.189999,4899408,44.400528
2014-01-09,58.220001,58.830002,57.060001,57.220001,5341345,43.660393
2014-01-10,57.77,57.950001,56.799999,57.360001,3631071,43.767212
2014-01-13,57.77,58.16,57.43,57.950001,2689289,44.2174
2014-01-14,57.419998,58,57,57.740002,3361188,44.057167
2014-01-15,57.919998,59.560001,57.919998,59.560001,4443293,45.445869
2014-01-16,59.75,59.900002,58.369999,58.5,4292375,44.637062
2014-01-17,58.439999,58.830002,57.139999,57.720001,5227093,44.041901
2014-01-20,57.529999,57.919998,56.849998,57.610001,2462891,43.957966
2014-01-21,58.200001,59.5,58.060001,58.700001,3979196,44.789673
2014-01-22,59.029999,59.330002,58.299999,58.779999,3311535,44.850712
2014-01-23,58.73,59.369999,58.029999,58.48,3807753,44.621803
2014-01-24,58.689999,59.02,56.540001,56.669998,6553579,43.240726
2014-01-27,56.799999,57.790001,56.5,57,4622972,43.492523
2014-01-28,57.860001,58.59,57.419998,58.220001,4945242,44.423424
2014-01-29,59.049999,59.52,56.529999,58,5232213,44.25555
2014-01-30,58,58.41,56.900002,58.279999,3940239,44.4692
2014-01-31,58,58,56.490002,57.450001,5097672,43.835884
2014-02-03,57.18,57.57,55.669998,55.75,4270072,42.538738
2014-02-04,55.259998,56.970001,55.220001,56.810001,4423755,43.347549
2014-02-05,56.720001,57.810001,56.459999,57.400002,3978918,43.797737
2014-02-06,57.75,59.200001,57.32,58.73,5581024,44.812561
2014-02-07,58.98,59.599998,58.52,59.509998,4078525,45.407719
2014-02-10,59.57,59.75,58.73,59.009998,3551340,45.026207
2014-02-11,59.43,60.369999,59.110001,60.34,5185188,46.041035
2014-02-12,60.639999,61.82,60.349998,60.849998,5688343,46.43018
2014-02-13,58.419998,59.299999,57.950001,59.299999,7944518,45.247486
2014-02-14,58.810001,58.98,58.169998,58.75,5080398,44.827827
2014-02-17,58.52,58.98,58.049999,58.450001,2689233,44.598911
2014-02-18,58.419998,58.580002,57.349998,58.380001,3664717,44.545502
2014-02-19,58.150002,58.740002,57.57,58.380001,3166244,44.545502
2014-02-20,57.459999,58.59,57.240002,58.52,3415923,44.652321
2014-02-21,58.889999,58.91,58.16,58.630001,2927111,44.736263
2014-02-24,58.299999,59.369999,58.16,59.34,2902975,45.278008
2014-02-25,59.23,59.5,58.880001,59.5,2555807,45.400093
2014-02-26,59.560001,59.580002,58.66,59.040001,2928662,45.049099
2014-02-27,59.189999,59.34,58.299999,59.150002,4235367,45.133038
2014-02-28,59.349998,59.59,58.560001,59.459999,3534541,45.369568
2014-03-03,58.049999,58.41,57.02,57.27,6108243,43.698544
2014-03-04,57.900002,59.25,57.689999,59.09,5320918,45.08725
2014-03-05,59.049999,59.799999,58.889999,59.360001,4063428,45.29327
2014-03-06,59.490002,60.099998,59.369999,59.5,3989780,45.400093
2014-03-07,59.439999,59.799999,58.470001,58.470001,3412095,44.61417
2014-03-10,58.34,59.580002,58.259998,58.709999,2811036,44.797298
2014-03-11,58.990002,59.18,58.009998,58.049999,2793560,44.293701
2014-03-12,57.630001,57.779999,56.509998,57.459999,5204135,43.843513
2014-03-13,57.77,57.959999,56.439999,56.439999,3148060,43.065228
2014-03-14,55.84,56.549999,54.720001,55.259998,5794154,42.164856
2014-03-17,55.310001,56.860001,55.150002,56.619999,4217323,43.202576
2014-03-18,56.91,58.150002,56.360001,57.66,5102550,43.996124
2014-03-19,57.459999,57.740002,56.540001,56.650002,4252684,43.225468
2014-03-20,56.139999,56.880001,55.880001,56.880001,4695024,43.400963
2014-03-21,56.880001,57.52,56.73,56.98,5520880,43.477264
2014-03-24,56.82,57.299999,55.599998,55.939999,4251651,42.683716
2014-03-25,56.029999,57.169998,56.029999,56.869999,4263959,43.39333
2014-03-26,57.189999,57.360001,56.360001,56.48,4679419,43.095745
2014-03-27,56.439999,56.439999,55.43,55.68,4367950,42.485332
2014-03-28,55.830002,56.119999,55.389999,56.099998,4002656,42.805798
2014-03-31,56.290001,56.73,55.540001,55.990002,4410535,42.721863
2014-04-01,56.5,58.099998,56.310001,57.5,4684843,43.874039
2014-04-02,57.540001,58.16,57.529999,57.970001,2984083,44.232662
2014-04-03,57.98,59.330002,57.720001,58.619999,4697110,44.72863
2014-04-04,58.720001,59.849998,58.450001,59.380001,4299624,45.308529
2014-04-07,58.759998,59,58.009998,58.25,4048920,44.446308
2014-04-08,58.419998,58.599998,56.93,57.619999,4719994,43.965603
2014-04-09,57.619999,57.810001,56.740002,56.900002,3445970,43.416222
2014-04-10,57.27,57.310001,56.02,56.130001,4249797,42.82869
2014-04-11,55.700001,56,54.330002,55.02,6018111,41.981731
2014-04-14,54.82,55.009998,53.740002,54.700001,4188023,41.737568
2014-04-15,54.790001,55,53.52,53.549999,4169916,40.860085
2014-04-16,54.240002,54.529999,53.82,54.27,3991063,41.409466
2014-04-17,54.400002,54.82,54.099998,54.490002,3339557,41.577324
2014-04-22,54.950001,55.98,54.549999,55.669998,3741311,42.477699
2014-04-23,55.790001,55.830002,54.880001,54.959999,2952853,41.935951
2014-04-24,55.290001,56.139999,55.02,55.779999,4940025,42.56163
2014-04-25,55.389999,55.990002,54.810001,55.080002,2873354,42.027512
2014-04-28,55.549999,55.98,54.950001,55.07,3084856,42.019886
2014-04-29,55.110001,56.09,54.959999,55.900002,4035018,42.653194
2014-04-30,54,54.720001,52.919998,54.110001,9915446,41.287376
2014-05-01,54.110001,54.110001,54.110001,54.110001,0,41.287376
2014-05-02,53.07,53.490002,51.919998,52.48,9055362,40.043644
2014-05-05,52.349998,52.57,51.450001,52.459999,3728576,40.028378
2014-05-06,52.709999,52.77,51.709999,51.799999,4986607,39.524784
2014-05-07,51.59,52.59,51.240002,52.52,6670222,40.074162
2014-05-08,52.619999,53.860001,52.310001,53.529999,6457984,40.844818
2014-05-09,53.34,53.639999,52.669998,52.98,3633026,40.425152
2014-05-12,53.240002,53.580002,52.59,53.290001,3187858,40.661694
2014-05-13,53.240002,53.330002,52.080002,53.060001,5914361,40.486202
2014-05-14,52.59,53.299999,52.450001,52.880001,3466637,40.348858
2014-05-15,52.73,53.18,51.650002,52.169998,7000024,39.807098
2014-05-16,52.169998,52.73,51.59,52.490002,8001723,40.051273
2014-05-19,52.130001,52.709999,51.560001,52.200001,5072925,39.829994
2014-05-20,50.880001,51.82,50.619999,51.68,4508843,40.599884
2014-05-21,50.400002,51.209999,50.099998,51,5284330,40.065674
2014-05-22,51.32,51.75,50.849998,51.66,3686924,40.584175
2014-05-23,51.82,52.27,51.630001,52.220001,3085971,41.024113
2014-05-26,52.5,52.709999,52.099998,52.490002,2011846,41.236221
2014-05-27,52.380001,52.779999,52.209999,52.59,2940648,41.314781
2014-05-28,52.43,53.09,52.220001,53.060001,3818976,41.684017
2014-05-29,53,53.09,52.380001,52.650002,3137130,41.361919
2014-05-30,49.799999,51.369999,49.445,51.369999,15780244,40.356346
2014-06-02,50.490002,51.279999,50.25,51.080002,4528642,40.128529
2014-06-03,51,51.32,50.849998,50.91,3124869,39.994972
2014-06-04,50.619999,51.610001,50.540001,51.5,4586677,40.458477
2014-06-05,51.529999,52.919998,51.060001,51.48,7374739,40.442764
2014-06-06,50.68,52.48,50.66,51.91,5909066,40.780575
2014-06-09,51.950001,52.57,51.84,52.32,2510409,41.102673
2014-06-10,52.419998,53.099998,51.900002,52.150002,3999744,40.969116
2014-06-11,52,52.150002,51.209999,51.34,4267700,40.332783
2014-06-12,51.299999,51.93,51.299999,51.459999,3192156,40.427052
2014-06-13,51.48,51.639999,50.450001,51.5,3509103,40.458477
2014-06-16,51.200001,52.23,51.080002,51.580002,3812058,40.521328
2014-06-17,51.75,52.389999,51.610001,52.209999,3947588,41.016251
2014-06-18,52.360001,52.599998,51.810001,51.990002,2339543,40.843422
2014-06-19,52.5,52.630001,52.09,52.189999,4239567,41.000542
2014-06-20,51.57,52.049999,50.810001,51.189999,10578562,40.214939
2014-06-23,51.009998,51.549999,50.57,50.959999,3299362,40.034252
2014-06-24,51.389999,51.419998,50.599998,50.599998,4006379,39.751434
2014-06-25,50.630001,50.740002,49.355,49.73,5792304,39.067959
2014-06-26,49.985001,50.290001,48.834999,49.134998,5254365,38.600529
2014-06-27,49.264999,49.985001,49.235001,49.41,4460187,38.81657
2014-06-30,49.610001,49.915001,48.994999,49.544998,5472446,38.922623
2014-07-01,51.25,51.709999,50.630001,51.330002,8378321,40.324921
2014-07-02,51.060001,51.360001,50.630001,51.009998,4767037,40.073528
2014-07-03,51.009998,51.360001,50.240002,51.25,5027309,40.262077
2014-07-04,50.549999,50.619999,49.990002,50.200001,3772881,39.437195
2014-07-07,50.060001,50.419998,49.555,49.615002,3262858,38.977619
2014-07-08,49.605,49.700001,48.445,48.560001,5610528,38.148811
2014-07-09,48.470001,48.744999,47.665001,48.365002,6342756,37.995617
2014-07-10,48.189999,48.25,46.5,47.689999,8204109,37.465332
2014-07-11,47.955002,48.834999,47.759998,48.360001,5746121,37.991688
2014-07-14,48.419998,48.974998,48.299999,48.775002,3381374,38.317715
2014-07-15,48.560001,48.889999,47.93,48.224998,5316610,37.885632
2014-07-16,48.41,49.490002,48.349998,49.185001,4246887,38.639812
2014-07-17,48.759998,49.139999,48.400002,48.610001,5118989,38.188087
2014-07-18,48.365002,49.009998,48.02,48.924999,3587023,38.435555
2014-07-21,48.825001,49.025002,48.314999,48.650002,4025103,38.219513
2014-07-22,48.805,48.93,48.150002,48.755001,5225175,38.302002
2014-07-23,48.68,49.455002,48.535,49.005001,4166465,38.498402
2014-07-24,48.985001,50.299999,48.615002,49.799999,4469229,39.122955
2014-07-25,49.869999,50.700001,49.314999,49.580002,3781817,38.950123
2014-07-28,49.830002,50.029999,48.98,49.645,2901611,39.001186
2014-07-29,49.889999,50.5,49.330002,50.040001,3138731,39.311501
2014-07-30,50.209999,50.68,49.700001,49.880001,3273925,39.185802
2014-07-31,50.5,50.900002,49.27,49.5,6505267,38.887276
2014-08-01,49.259998,50.849998,48.799999,49.759998,6044049,39.091526
2014-08-04,50.110001,50.939999,49.919998,50.189999,3954147,39.429337
2014-08-05,50.369999,50.66,49.150002,49.470001,4342550,38.863708
2014-08-06,48.974998,49.544998,48.384998,48.924999,5781275,38.435555
2014-08-07,48.970001,49.325001,47.974998,48.169998,5963565,37.842422
2014-08-08,47.599998,48.415001,47.380001,47.970001,5406861,37.685303
2014-08-11,48.549999,48.599998,47.584999,48.025002,4049397,37.728516
2014-08-12,47.950001,48.525002,47.650002,47.900002,4338735,37.630314
2014-08-13,48.115002,49.064999,48.115002,48.735001,4655512,38.286289
2014-08-14,48.509998,48.720001,48.025002,48.560001,4145249,38.148811
2014-08-15,48.700001,49.575001,48.200001,48.325001,4609524,37.964195
2014-08-18,48.935001,49.044998,48.16,48.665001,3912767,38.231297
2014-08-19,48.915001,49.119999,48.630001,48.810001,3157272,38.345211
2014-08-20,48.705002,48.849998,48.209999,48.57,3215042,38.15667
2014-08-21,48.485001,49.450001,48.130001,49.389999,3757224,38.800858
2014-08-22,49.540001,49.855,48.799999,49.07,3177525,38.549469
2014-08-25,49.709999,50.330002,49.57,50.23,3710402,39.460762
2014-08-26,50.220001,51.450001,50.220001,51.299999,4400367,40.301353
2014-08-27,51.279999,52.009998,51.169998,51.759998,3765245,40.662731
2014-08-28,52.049999,52.189999,51.209999,51.470001,4072512,40.43491
2014-08-29,51.599998,52.110001,51,51.380001,3830901,40.364212
2014-09-01,51.48,51.599998,50.549999,51.380001,2328514,40.364212
2014-09-02,51.759998,52.299999,51.52,51.669998,3326995,40.592026
2014-09-03,52.099998,53,51.959999,52.779999,5107376,41.464046
2014-09-04,52.630001,54.93,52.470001,54.299999,8399922,42.658157
2014-09-05,54.389999,54.880001,53.919998,54.07,5262896,42.477474
2014-09-08,54,54.389999,53.580002,54,2509689,42.422478
2014-09-09,53.68,54.130001,53.119999,53.330002,2890921,41.89613
2014-09-10,53.27,53.889999,52.98,53.849998,2980697,42.304642
2014-09-11,54.139999,54.259998,53.290001,53.709999,2629540,42.194656
2014-09-12,53.939999,54.139999,53.650002,53.970001,2068230,42.398914
2014-09-15,53.82,54,53.32,53.540001,2329848,42.061104
2014-09-16,53.490002,53.68,52.889999,53.369999,2402302,41.927551
2014-09-17,53.830002,54.099998,53.450001,53.82,2756144,42.281071
2014-09-18,54.110001,54.610001,53.950001,54.299999,4473764,42.658157
2014-09-19,54.849998,54.900002,54,54,8234375,42.422478
2014-09-22,54,54.220001,53.439999,53.650002,4093135,42.147526
2014-09-23,53.470001,53.490002,52.509998,52.709999,4824376,41.409058
2014-09-24,52.759998,53.279999,52.27,53.25,3492968,41.833282
2014-09-25,53.23,53.619999,52.450001,52.66,4084998,41.369778
2014-09-26,52.650002,53.310001,52.299999,52.830002,3664356,41.50333
2014-09-29,52.720001,52.82,51.529999,52.080002,3185803,40.914127
2014-09-30,52.220001,52.860001,52.169998,52.52,4351234,41.259792
2014-10-01,52.18,53,52.18,52.349998,3384099,41.12624
2014-10-02,52.509998,52.57,50.509998,50.529999,6625872,39.696442
2014-10-03,51.18,51.43,50.610001,50.939999,3634433,40.018543
2014-10-06,51.34,51.669998,51,51.16,3395991,40.191372
2014-10-07,51.029999,51.299999,50.02,50.099998,5197750,39.358635
2014-10-08,49.974998,50.5,49.075001,49.41,5375056,38.81657
2014-10-09,50.330002,50.330002,48.32,48.849998,6405108,38.376629
2014-10-10,48.415001,49.244999,48.375,48.514999,6456976,38.113453
2014-10-13,48.235001,49.334999,48.029999,48.514999,5861407,38.113453
2014-10-14,48.200001,48.904999,47.535,48.695,5331078,38.254864
2014-10-15,48.509998,48.595001,46.200001,46.455002,10567195,36.495117
2014-10-16,46.865002,46.955002,43.275002,45.450001,13279540,35.705589
2014-10-17,45.669998,47.435001,45.174999,47,11216377,36.923271
2014-10-20,47.130001,47.424999,46.555,47.064999,6849998,36.974331
2014-10-21,47.139999,48.639999,46.830002,48.290001,7565649,37.936695
2014-10-22,48.77,48.775002,48.075001,48.474998,5889316,38.082031
2014-10-23,48.16,49.535,47.849998,49.205002,5456278,38.655525
2014-10-24,49.119999,50,49.02,49.505001,6107945,38.891205
2014-10-27,50.470001,50.48,48.310001,48.884998,7295109,38.404133
2014-10-28,49.384998,50.07,49.119999,49.525002,4819877,38.906918
2014-10-29,49.674999,49.869999,48.244999,48.470001,5597701,38.07811
2014-10-30,49.009998,49.09,47.375,48.465,7401214,38.074177
2014-10-31,50.5,50.669998,49.494999,50.139999,7145407,39.39006
2014-11-03,50.209999,50.43,49.18,49.365002,3807997,38.781219
2014-11-04,49.25,49.900002,48.369999,48.735001,4238567,38.286289
2014-11-05,49.23,49.755001,48.529999,49.665001,4823841,39.016899
2014-11-06,49.455002,50.919998,48.884998,49.619999,6408338,38.981544
2014-11-07,49.695,49.700001,48.389999,48.669998,4586165,38.235222
2014-11-10,48.424999,48.900002,47.785,48.16,5071177,37.834568
2014-11-11,48.105,48.459999,47.720001,48.07,3524567,37.763863
2014-11-12,47.805,47.869999,46.720001,46.904999,5064744,36.848637
2014-11-13,47.080002,47.560001,46.34,47.044998,4745574,36.958622
2014-11-14,47.240002,47.73,46.805,47.549999,3452767,37.35535
2014-11-17,47.125,48.209999,47.064999,47.849998,3793692,37.591026
2014-11-18,48.09,48.790001,47.805,48.365002,4236402,37.995617
2014-11-19,48.244999,48.900002,48.095001,48.639999,3358102,38.211655
2014-11-20,48.695,48.695,47.025002,47.82,4455245,37.567459
2014-11-21,48,49.865002,47.799999,49.669998,7320297,39.020828
2014-11-24,50,51.080002,49.814999,50.200001,4701853,39.437195
2014-11-25,50.380001,51.630001,50.349998,51.119999,4676049,40.159946
2014-11-26,51.23,51.470001,50.52,50.68,2641740,39.814285
2014-11-27,50.779999,51.34,50.720001,51.279999,2197440,40.285645
2014-11-28,51.43,51.639999,51.029999,51.560001,2314218,40.505615
2014-12-01,51.049999,51.349998,50.43,50.689999,3031878,39.82214
2014-12-02,51.150002,51.619999,50.720001,51.029999,2850690,40.089241
2014-12-03,51.049999,51.5,50.990002,51.060001,3092609,40.112812
2014-12-04,51.279999,51.740002,49.404999,49.865002,5304087,39.174023
2014-12-05,50.5,52.139999,50.389999,51.919998,5813666,40.788429
2014-12-08,51.860001,52.18,51.610001,51.75,2818799,40.654881
2014-12-09,51.400002,51.450001,49.834999,49.98,4969430,39.264366
2014-12-10,50.029999,50.439999,49.139999,49.455002,3077174,38.851925
2014-12-11,49.035,50.049999,49,49.450001,4030704,38.847996
2014-12-12,49.450001,49.720001,48,48.195,4414116,37.862061
2014-12-15,47.869999,48.584999,46.415001,46.450001,5933867,36.491192
2014-12-16,46.705002,47.974998,45.119999,47.744999,9866672,37.508545
2014-12-17,47.18,48.23,46.889999,47.48,5144245,37.300362
2014-12-18,48.400002,49.294998,48.134998,49.240002,6179060,38.683018
2014-12-19,49.950001,50.18,48.09,48.445,9838543,38.058468
2014-12-22,48.599998,48.959999,48.450001,48.705002,3180502,38.262718
2014-12-23,48.73,49.625,48.575001,49.599998,2516632,38.965836
2014-12-24,49.415001,49.924999,49.415001,49.584999,559273,38.954048
2014-12-29,49.825001,50.099998,48.720001,50.099998,3232746,39.358635
2014-12-30,49.465,49.77,48.794998,48.830002,2150482,38.360924
2014-12-31,48.845001,49.290001,48.73,49.259998,558150,38.698727
2015-01-02,49.685001,50.119999,48.830002,49.43,2634537,38.832279
2015-01-05,48.974998,49.375,46.919998,47.029999,6252660,36.946838
2015-01-06,47.049999,47.220001,45.799999,45.799999,5598392,35.980549
2015-01-07,45.915001,46.099998,44.82,45.035,6045718,35.379562
2015-01-08,45.959999,46.994999,45.244999,46.494999,6125229,36.526539
2015-01-09,46.400002,46.650002,44.334999,44.935001,6704918,35.301006
2015-01-12,45.09,45.474998,44.105,45.294998,6067180,35.58382
2015-01-13,44.799999,46.715,44.625,46.345001,4436278,36.408703
2015-01-14,45.560001,46.615002,44.860001,44.935001,6122097,35.301006
2015-01-15,45.415001,46.375,43.139999,46.084999,7704049,36.204445
2015-01-16,45.744999,46.255001,45.035,45.990002,6897124,36.129814
2015-01-19,46.174999,47.075001,45.674999,46.615002,4228861,36.620815
2015-01-20,46.985001,47.950001,46.935001,47.740002,5721484,37.504616
2015-01-21,48.009998,48.485001,46.985001,48.27,6265040,37.920986
2015-01-22,48.494999,50,48.02,49.400002,8320302,38.808716
2015-01-23,50.07,51.18,48.75,49,8991373,38.494473
2015-01-26,48.75,49.630001,48.299999,49.330002,4866558,38.753719
2015-01-27,49.395,49.465,47.939999,48.845001,5005144,38.372704
2015-01-28,49.279999,49.389999,47.150002,47.5,6092231,37.316071
2015-01-29,47.105,47.794998,46.619999,47.650002,5362352,37.433914
2015-01-30,48,48.349998,46.275002,46.775002,6698292,36.746513
2015-02-02,46.630001,47.25,45.73,47.195,6408019,37.076462
2015-02-03,47.744999,48.650002,47.52,48.404999,6328227,38.027042
2015-02-04,48.615002,49.419998,48.02,48.805,5921448,38.341282
2015-02-05,47.599998,47.639999,46.389999,47.005001,9147758,36.927197
2015-02-06,47.279999,47.279999,46.310001,47.169998,5455087,37.056824
2015-02-09,46.23,46.419998,45.305,45.700001,8127673,35.901985
2015-02-10,45.849998,46.855,45.540001,46.169998,5947738,36.271221
2015-02-11,46.455002,46.665001,45.805,46.064999,3897880,36.188732
2015-02-12,45.91,47.474998,45.75,47.25,6469513,37.119667
2015-02-13,47.68,48.865002,47.575001,48.41,7051445,38.030972
2015-02-16,48.299999,49.439999,48.279999,49.174999,5088183,38.631954
2015-02-17,48.625,49.779999,48.209999,49.52,5416986,38.902985
2015-02-18,49.900002,51.189999,49.805,50.91,5924453,39.994972
2015-02-19,50.779999,51.57,49.924999,51.43,4667665,40.403484
2015-02-20,51.240002,51.52,50.27,51.290001,6490489,40.293499
2015-02-23,51.91,52.259998,51.330002,51.759998,4432630,40.662731
2015-02-24,51.919998,52.23,51.290001,51.98,4014576,40.835567
2015-02-25,51.73,51.799999,50.790001,51,4392809,40.065674
2015-02-26,50.950001,51.919998,50.950001,51.610001,3619083,40.544891
2015-02-27,51.610001,52.119999,51.450001,52.09,3952869,40.921978
2015-03-02,52,52.75,51.98,52.540001,3570995,41.275505
2015-03-03,52.720001,52.810001,50.91,50.91,4701657,39.994972
2015-03-04,50.959999,51.970001,50.919998,51.919998,4027862,40.788429
2015-03-05,51.880001,52.34,51.639999,52.139999,3853518,40.961266
2015-03-06,52.110001,52.52,51.759998,52.080002,3176209,40.914127
2015-03-09,51.75,52.279999,51.400002,51.959999,2941531,40.819851
2015-03-10,51.93,52.09,50.830002,51.040001,4554843,40.097099
2015-03-11,51.189999,52.200001,51.189999,52.009998,4410870,40.859135
2015-03-12,51.98,52.189999,51.389999,51.599998,3555692,40.537037
2015-03-13,51.759998,51.880001,51.279999,51.68,2973461,40.599884
2015-03-16,51.790001,52.709999,51.790001,52.439999,4378363,41.196941
2015-03-17,52.599998,52.860001,51.860001,52.279999,4088867,41.071243
2015-03-18,52.5,52.700001,51.740002,52.25,4809236,41.047676
2015-03-19,52.18,53.139999,52.18,52.959999,5461288,41.605457
2015-03-20,53,54.349998,52.82,53.98,7651280,42.406769
2015-03-23,53.91,55.040001,53.549999,54.540001,5030650,42.846706
2015-03-24,54.619999,55.950001,54.299999,55.799999,4924760,43.836563
2015-03-25,55.700001,56,54.810001,54.849998,4491986,43.090244
2015-03-26,54.389999,55.119999,53.700001,55.119999,5402873,43.302353
2015-03-27,55.57,56.57,55.369999,56.189999,6940525,44.142948
2015-03-30,56.599998,57.490002,56.57,57.259998,5310186,44.983543
2015-03-31,57,57.549999,56.360001,56.57,5111639,44.441475
2015-04-01,55.98,57.700001,55.880001,57.029999,4822390,44.802853
2015-04-02,57,57.52,57,57.240002,2594747,44.967831
2015-04-07,57.279999,57.689999,57,57.18,4306566,44.920692
2015-04-08,57.290001,57.889999,57.25,57.669998,4171932,45.305637
2015-04-09,58,58.34,57.66,57.93,3823418,45.509895
2015-04-10,57.900002,57.900002,56.66,57.25,4137398,44.975685
2015-04-13,57.25,57.830002,57,57.619999,3131930,45.266354
2015-04-14,57.5,57.93,56.279999,56.799999,4995386,44.622166
2015-04-15,57.040001,57.490002,56.830002,57.139999,3558377,44.889267
2015-04-16,57.139999,57.150002,55.82,56.330002,5035950,44.252934
2015-04-17,56.110001,56.669998,54.5,55.110001,7205328,43.294498
2015-04-20,55.099998,56.07,55.09,56.07,3944604,44.048672
2015-04-21,56.470001,56.77,55.259998,55.59,3701546,43.671585
2015-04-22,56.220001,58.049999,56.200001,58.009998,6330134,45.572742
2015-04-23,58.200001,58.259998,56.91,58.009998,5310746,45.572742
2015-04-24,58.32,59.18,58.200001,58.990002,5607155,46.342632
2015-04-27,59.689999,59.689999,58.02,59.169998,4648507,46.484039
2015-04-28,58.869999,58.900002,57.93,58.610001,4425097,46.044106
2015-04-29,58.75,59,57.23,57.349998,5588026,45.054245
2015-04-30,57.060001,57.48,55.389999,56.439999,7149522,44.339352
2015-05-04,57.029999,57.049999,55.759998,56.75,3729910,44.582886
2015-05-05,56.599998,57.43,54.919998,55.040001,5864295,43.239506
2015-05-06,55.349998,56.279999,54.970001,56.029999,5721361,44.01725
2015-05-07,55.66,56.580002,54.830002,56.349998,5145968,44.268639
2015-05-08,56.799999,57.419998,56.040001,57.41,3926530,45.101383
2015-05-11,57.23,57.349998,56.59,56.860001,2863698,44.6693
2015-05-12,56.279999,56.540001,55.610001,56.110001,4207037,44.080101
2015-05-13,56.27,56.98,55.810001,55.990002,4042299,43.985832
2015-05-14,55.959999,57.110001,55.310001,56.900002,2670387,44.700729
2015-05-15,57.34,57.82,56.310001,56.740002,4304316,44.575031
2015-05-18,56.700001,57,55.5,56.650002,4135661,44.504326
2015-05-19,56.869999,57.849998,56.790001,57.41,3930399,45.101383
2015-05-20,56,56.900002,55.82,56.849998,4113729,45.859657
2015-05-21,56.84,56.84,56.049999,56.470001,2614831,45.553123
2015-05-22,56.580002,57.099998,56.330002,57.009998,3153725,45.988728
2015-05-25,56.529999,56.549999,55.900002,56.23,837556,45.359516
2015-05-26,56.299999,56.52,55.27,55.57,3275924,44.82711
2015-05-27,55.849998,56.82,55.540001,56.470001,4190269,45.553123
2015-05-28,56.209999,56.540001,55.540001,56.150002,2358958,45.294987
2015-05-29,56.060001,56.310001,54.810001,54.93,4481222,44.310837
2015-06-01,55.029999,55.369999,54.419998,54.849998,3236882,44.246307
2015-06-02,55.189999,56.110001,54.450001,55.529999,4155842,44.794842
2015-06-03,55.599998,57,55.599998,56.77,5783887,45.795128
2015-06-04,56.419998,57.049999,55.389999,56.34,4377070,45.448254
2015-06-05,55.799999,56.09,54.75,55.299999,4914714,44.60931
2015-06-08,55.130001,55.689999,54.630001,54.630001,3205621,44.068836
2015-06-09,54.5,55.009998,53.639999,54.389999,4322799,43.875233
2015-06-10,54.16,56.049999,53.939999,55.560001,3721303,44.819046
2015-06-11,55.32,56.59,55.189999,56.02,3587409,45.190121
2015-06-12,55.900002,56.18,54.52,55.299999,3552444,44.60931
2015-06-15,54.41,54.939999,53.509998,53.959999,3941510,43.528358
2015-06-16,53.560001,54.080002,52.790001,53.669998,4399738,43.294418
2015-06-17,53.889999,54.119999,53.080002,53.139999,3467193,42.866882
2015-06-18,53.099998,53.419998,52.369999,53.080002,5120329,42.818485
2015-06-19,53.32,54.150002,53.009998,53.610001,5835862,43.246021
2015-06-22,55.43,56.639999,54.93,56.32,6507361,45.432121
2015-06-23,56.889999,57.650002,56.580002,57.360001,4673652,46.271069
2015-06-24,57.490002,57.66,56.07,56.860001,5275356,45.867725
2015-06-25,56.279999,57.84,56.240002,57.029999,5399979,46.004864
2015-06-26,56.91,58,56.380001,57.630001,4038497,46.488869
2015-06-29,54,55.43,53.299999,54.810001,8088578,44.214035
2015-06-30,54.5,55.669998,53.93,54.150002,6608599,43.681633
2015-07-01,54.84,56.490002,54.43,55.369999,6084451,44.665775
2015-07-02,55.790001,55.900002,54.57,54.709999,3194930,44.133366
2015-07-03,54.630001,54.77,53.93,54.27,3626201,43.778431
2015-07-06,53.02,53.34,51.619999,51.970001,6622376,41.923069
2015-07-07,52.299999,52.349998,50.389999,50.5,6073910,40.737251
2015-07-08,50.419998,51.68,50.25,50.93,5806891,41.084126
2015-07-09,51.549999,52.740002,51.400002,52.380001,5129042,42.253811
2015-07-10,54.740002,55.279999,53.970001,54.490002,6542279,43.955898
2015-07-13,55.580002,56.18,55.139999,55.77,4816310,44.988449
2015-07-14,55.970001,56.389999,55.459999,56.360001,2598446,45.46439
2015-07-15,56.240002,56.740002,56.169998,56.290001,3335582,45.407921
2015-07-16,56.740002,57.740002,56.66,57.549999,5082482,46.424332
2015-07-17,57.77,57.810001,57.119999,57.310001,3034590,46.230732
2015-07-20,57.349998,57.82,57.16,57.450001,3008253,46.343666
2015-07-21,57.630001,57.799999,56.720001,57.049999,2617351,46.020996
2015-07-22,56.759998,57.299999,56.459999,56.849998,2489106,45.859657
2015-07-23,57.349998,57.450001,56.82,57.09,2180225,46.053265
2015-07-24,56.939999,57.509998,56.73,57.209999,3230997,46.150063
2015-07-27,57.080002,57.09,55.66,55.709999,4323415,44.940044
2015-07-28,56.07,56.93,55.880001,56.759998,2514683,45.78706
2015-07-29,56.919998,56.98,55.98,56.23,3264013,45.359516
2015-07-30,56.75,57.73,56.43,57.66,4702633,46.513073
2015-07-31,58.900002,59.75,58.790001,59.310001,7476452,47.84409
2015-08-03,58.860001,59.799999,58.84,59.549999,4380965,48.037693
2015-08-04,59.400002,59.869999,58.619999,59.759998,3832790,48.207092
2015-08-05,60,60.540001,59.900002,60.450001,4842312,48.763702
2015-08-06,60.419998,60.93,60.150002,60.68,3366951,48.949238
2015-08-07,60.66,61,60.16,60.25,2645380,48.602367
2015-08-10,60.529999,60.630001,59.880001,60.450001,2125754,48.763702
2015-08-11,60.209999,60.360001,59.450001,59.639999,2915414,48.110291
2015-08-12,59.119999,59.169998,57.459999,57.93,5382695,46.730873
2015-08-13,58.93,59.299999,58.540001,58.689999,3115671,47.343945
2015-08-14,58.790001,59.259998,57.790001,58.150002,2272767,46.90834
2015-08-17,58.450001,59.310001,58.18,59.119999,4317244,47.690819
2015-08-18,59,59.869999,58.740002,59.34,2400429,47.86829
2015-08-19,58.900002,60,58.669998,58.939999,3772322,47.54562
2015-08-20,58.82,59.400002,57.5,57.82,5649281,46.642139
2015-08-21,56.610001,57.700001,55.580002,55.580002,6389343,44.835178
2015-08-24,52.990002,54.810001,50.619999,52.849998,12665368,42.632946
2015-08-25,54.130001,55.98,53.779999,55.490002,8126270,44.762585
2015-08-26,55.080002,55.91,54.029999,55.07,5192185,44.423771
2015-08-27,56.529999,57.060001,56.07,56.549999,4466881,45.617657
2015-08-28,56.540001,56.740002,56.040001,56.650002,2430399,45.698326
2015-08-31,56.209999,56.57,55.669998,56.27,2545340,45.391788
2015-09-01,55.540001,55.73,54.029999,54.610001,3776305,44.0527
2015-09-02,54.759998,55.77,54.380001,54.880001,3260029,44.270504
2015-09-03,55.48,56.650002,55.209999,56.119999,3435036,45.270786
2015-09-04,55.459999,55.689999,54,54.490002,3675154,43.955898
2015-09-07,54.810001,55.200001,54.150002,54.5,1846359,43.963966
2015-09-08,54.849998,56.09,54.84,55.549999,3181682,44.810982
2015-09-09,57.150002,57.41,56.41,56.450001,3355276,45.536987
2015-09-10,55.93,56.509998,55.360001,55.59,2946622,44.843243
2015-09-11,56.080002,56.09,55.040001,55.240002,2489008,44.560909
2015-09-14,55.880001,56,54.400002,54.57,3290288,44.020435
2015-09-15,54.740002,55.540001,54.209999,55.080002,2485355,44.431843
2015-09-16,55.509998,55.799999,54.970001,55.25,2898269,44.568977
2015-09-17,55.369999,55.919998,55.080002,55.650002,3110548,44.891647
2015-09-18,55.110001,55.240002,52.619999,52.98,9412543,42.737816
2015-09-21,52.82,54.02,52.740002,53.689999,2992910,43.310558
2015-09-22,53.75,53.98,51.610001,51.869999,4084830,41.8424
2015-09-23,51.720001,52.259998,51.150002,51.150002,4299099,41.261597
2015-09-24,51.209999,51.779999,50.34,50.919998,5259239,41.076057
2015-09-25,51.91,52.880001,51.68,52.549999,4285534,42.390945
2015-09-28,52.400002,52.400002,50.330002,50.52,3881278,40.753387
2015-09-29,49.950001,51.419998,49.575001,50.900002,4371400,41.059925
2015-09-30,52.169998,52.779999,51.860001,52.459999,4151677,42.31834
2015-10-01,53.389999,53.400002,51.52,51.720001,4145270,41.721405
2015-10-02,52.349998,53.049999,51.18,51.919998,3298096,41.882736
2015-10-05,52.990002,54.110001,52.77,54.009998,4225505,43.568691
2015-10-06,54.200001,54.419998,53.389999,54.080002,3125221,43.625164
2015-10-07,54.599998,54.900002,53.77,54.049999,3362004,43.600964
2015-10-08,53.77,54.02,53.189999,53.450001,3062668,43.116955
2015-10-09,54,54.619999,53.599998,53.810001,2372600,43.40736
2015-10-12,53.91,54.25,53.360001,53.970001,2305017,43.536427
2015-10-13,53.779999,53.959999,52.52,53.380001,2602052,43.060486
2015-10-14,53,53.880001,52.849998,53.119999,2470977,42.850754
2015-10-15,53.810001,54.139999,53.610001,53.970001,2310701,43.536427
2015-10-16,54.299999,55.130001,54.119999,54.990002,3069609,44.359241
2015-10-19,54.970001,55.610001,54.599998,55.09,1917697,44.439907
2015-10-20,55,55.330002,54.029999,54.299999,2267993,43.802628
2015-10-21,54.419998,54.630001,53.66,54.400002,2043670,43.883301
2015-10-22,54.07,55.34,53.810001,55.009998,4590513,44.37537
2015-10-23,55.400002,56.43,55.18,55.91,4757484,45.101379
2015-10-26,55.779999,56.310001,55.32,55.849998,2168585,45.052982
2015-10-27,55.650002,56,55.450001,55.470001,2411209,44.746445
2015-10-28,55.610001,55.970001,55.349998,55.810001,3253328,45.020714
2015-10-29,56.290001,56.400002,53.66,54.299999,4968464,43.802628
2015-10-30,56,56.310001,54.740002,55.259998,4678612,44.577042
2015-11-02,54.880001,55.779999,54.740002,55.349998,2972195,44.649643
2015-11-03,55.27,55.59,54.689999,55.310001,3494318,44.617378
2015-11-04,55.650002,56.25,55.349998,55.639999,3137107,44.883579
2015-11-05,55.939999,56.619999,55.400002,55.869999,3475651,45.069115
2015-11-06,56.049999,57.950001,55.959999,57.610001,4714867,46.472736
2015-11-09,57.810001,58.169998,57.02,57.049999,2619483,46.020996
2015-11-10,57.459999,57.459999,56.27,56.849998,2981732,45.859657
2015-11-11,57,57.68,56.709999,57.27,2253535,46.198463
2015-11-12,57.150002,57.549999,56.34,56.5,2660486,45.577324
2015-11-13,56.220001,57,55.41,56.139999,2794795,45.286919
2015-11-16,55.099998,55.849998,54.880001,55.5,3295463,44.770645
2015-11-17,55.849998,56.689999,55.689999,56.509998,3221006,45.585384
2015-11-18,56.279999,56.619999,55.779999,56.189999,2641832,45.327255
2015-11-19,56.75,57.32,56.279999,56.470001,2630334,45.553123
2015-11-20,56.549999,56.68,55.130001,55.439999,4090715,44.72224
2015-11-23,55.360001,55.66,54.93,55.360001,2245093,44.657711
2015-11-24,54.950001,55.23,54.18,54.959999,2970798,44.335037
2015-11-25,55.099998,55.349998,54.279999,55.07,3116248,44.423771
2015-11-26,55.080002,56.27,54.970001,55.889999,2280441,45.085251
2015-11-27,55.700001,56.48,55.610001,56.02,1906123,45.190121
2015-11-30,56,56.68,55.720001,56.110001,2572277,45.262718
2015-12-01,56.369999,56.880001,56.099998,56.279999,2982684,45.399853
2015-12-02,56.57,56.77,55.580002,55.939999,2332141,45.12558
2015-12-03,55.880001,57.060001,54.189999,54.330002,6616185,43.826832
2015-12-04,54.040001,54.490002,53.220001,53.869999,4121093,43.455757
2015-12-07,54.810001,54.810001,53.830002,54.02,2696471,43.576759
2015-12-08,53.889999,54,52.509998,52.98,3484406,42.737816
2015-12-09,53.080002,53.48,52.099998,52.18,3361632,42.092476
2015-12-10,52,52.799999,51.700001,52.27,3252682,42.165073
2015-12-11,52.110001,52.27,51,51.290001,3918918,41.374527
2015-12-14,51.650002,52.169998,50.150002,50.279999,3983384,40.559784
2015-12-15,50.740002,52.66,50.700001,52.450001,4267698,42.310276
2015-12-16,52.759998,53.02,51.939999,52.48,2876630,42.33448
2015-12-17,53.73,54.310001,53.130001,53.279999,5717530,42.979824
2015-12-18,52.720001,53.689999,52.549999,53.189999,7213812,42.907215
2015-12-21,53.009998,53.869999,52.59,52.59,2842126,42.42321
2015-12-22,52.849998,53.279999,52.130001,52.700001,2196485,42.511948
2015-12-23,53.130001,53.740002,53.080002,53.709999,2682833,43.326691
2015-12-24,53.549999,53.77,53.139999,53.299999,437990,42.995953
2015-12-28,53.23,53.400002,52.209999,52.360001,2185640,42.237679
2015-12-29,52.669998,53.099998,52.459999,53.099998,3133922,42.834614
2015-12-30,53.009998,53.259998,52.48,52.59,2358486,42.42321
2016-01-04,51.75,51.790001,50.619999,51.220001,4769816,41.318066
2016-01-05,52,52,50.959999,51.490002,2996402,41.535866
2016-01-06,51.380001,51.380001,50.119999,50.5,3059199,40.737251
2016-01-07,49.23,49.865002,48.564999,49.389999,5433119,39.841843
2016-01-08,49.544998,49.955002,48,48,5532110,38.720562
2016-01-11,48.009998,49.025002,47.900002,47.900002,4230252,38.639893
2016-01-12,48.419998,49.439999,48.110001,48.945,4130594,39.482868
2016-01-13,49.445,49.985001,48.59,48.855,3796170,39.410267
2016-01-14,48.084999,48.279999,46.695,47.095001,7261105,37.990513
2016-01-15,47,47.07,44.915001,45.380001,8441582,36.607059
2016-01-18,45.154999,45.744999,43.955002,44.330002,6074651,35.760052
2016-01-19,45.09,45.605,44.029999,44.18,6042261,35.639046
2016-01-20,43.040001,43.244999,42.139999,42.845001,8161757,34.562134
2016-01-21,42.560001,44.055,42.209999,43.384998,6913846,34.997738
2016-01-22,44.43,45.209999,43.900002,44.450001,6754157,35.85685
2016-01-25,44.799999,44.880001,42.825001,43.174999,5605408,34.828335
2016-01-26,42.294998,44.18,42.150002,44.044998,5387916,35.530148
2016-01-27,44.189999,44.345001,43.275002,44.16,4217357,35.622913
2016-01-28,43.985001,44.73,42.555,42.915001,5766658,34.618599
2016-01-29,43.529999,43.955002,42.919998,43.724998,5034066,35.272007
2016-02-01,44.084999,44.139999,42.775002,43.330002,3986048,34.953369
2016-02-02,43.040001,43.220001,40.419998,40.875,7869193,32.972977
2016-02-03,40.645,40.735001,38.900002,39.549999,8858035,31.904125
2016-02-04,39.98,41.240002,39.259998,40.965,7231789,33.045574
2016-02-05,43,43.255001,41.32,41.575001,9991485,33.537651
2016-02-08,41.834999,41.860001,39,39.299999,7689954,31.702457
2016-02-09,39.200001,40.450001,37.185001,37.900002,10646677,30.573111
2016-02-10,38.68,40.615002,38.25,39.755001,7936205,32.069496
2016-02-11,39.220001,39.220001,37,37.360001,10130935,30.137501
2016-02-12,38.099998,39.57,37.529999,39.57,9341636,31.920259
2016-02-15,41.294998,41.5,40.314999,40.610001,6226191,32.759205
2016-02-16,41.009998,41.009998,39.380001,40.299999,5168773,32.509132
2016-02-17,40.654999,41.91,40.044998,41.764999,6096337,33.690918
2016-02-18,42.224998,42.294998,40.549999,40.959999,5385712,33.041538
2016-02-19,40.814999,41.535,39.764999,40.509998,6062646,32.678539
2016-02-22,40.830002,41.794998,40.654999,41.759998,4698782,33.686882
2016-02-23,41.450001,42.285,40.52,40.68,4798905,32.815674
2016-02-24,40.529999,40.735001,39.599998,39.919998,6563562,32.202599
2016-02-25,40.5,41.68,40.5,41.505001,5329175,33.481186
2016-02-26,41.904999,42.654999,41.73,42.450001,4471754,34.243496
2016-02-29,41.895,43.044998,41.610001,43,4416352,34.687168
2016-03-01,42.869999,44.110001,42.549999,44.009998,4509010,35.501911
2016-03-02,44.294998,45.610001,44.215,45.48,5592508,36.687725
2016-03-03,45.709999,46.099998,45.43,45.735001,4259311,36.893433
2016-03-04,46.130001,46.605,45.709999,46.485001,5468649,37.498444
2016-03-07,46.235001,46.285,45.174999,45.630001,4361956,36.808735
2016-03-08,45.224998,46.294998,44.625,45.66,3830192,36.832932
2016-03-09,45.73,46.439999,45.5,45.709999,3538980,36.87326
2016-03-10,45.744999,48.965,45.255001,46.150002,9672972,37.228203
2016-03-11,47.605,48.720001,47.310001,48.700001,8482774,39.285233
2016-03-14,48.599998,49.25,47.665001,47.75,5588878,38.518887
2016-03-15,47.23,47.674999,46.445,47.014999,4584979,37.925983
2016-03-16,46.990002,47.435001,45.599998,46.049999,5245209,37.147533
2016-03-17,46.564999,46.630001,43.599998,44.990002,6701832,36.292461
2016-03-18,45,45.66,44.305,45.619999,8496437,36.800667
2016-03-21,45.310001,46.224998,44.939999,45.195,2762351,36.457821
2016-03-22,44.799999,45.115002,43.965,45.115002,3525114,36.393295
2016-03-23,45.209999,45.509998,43.935001,44.384998,3595101,35.804413
2016-03-24,44.029999,44.419998,43.330002,43.419998,3194574,35.02597
2016-03-29,43.535,44.305,43.505001,43.709999,3312275,35.259907
2016-03-30,44.25,44.75,43.970001,44.450001,4339771,35.85685
2016-03-31,44.139999,44.529999,43.314999,44.23,4632408,35.679382
2016-04-01,43.755001,44.735001,43.389999,44.005001,5086010,35.497883
2016-04-04,43.584999,44.700001,43.424999,43.860001,2879572,35.380913
2016-04-05,43.215,43.455002,42.650002,42.950001,4987216,34.646835
2016-04-06,42.91,43.535,42.650002,43,4219297,34.687168
2016-04-07,42.98,43.215,41.080002,41.349998,5597328,33.356148
2016-04-08,41.314999,42.259998,41.305,41.935001,4245222,33.828053
2016-04-11,41.98,42.904999,41.529999,42.314999,3537921,34.13459
2016-04-12,42.490002,43.349998,41.93,42.560001,3357582,34.33223
2016-04-13,43.349998,45.264999,43.299999,45.264999,5359412,36.514294
2016-04-14,45.5,45.970001,44.91,45.66,4079776,36.832932
2016-04-15,45.299999,45.439999,44.740002,45.16,3115263,36.429592
2016-04-18,44.605,45.965,44.314999,45.73,3303565,36.8894
2016-04-19,45.900002,46.48,45.435001,45.630001,3812856,36.808735
2016-04-20,45.27,46.965,45.099998,46.814999,4292269,37.764641
2016-04-21,47,48.380001,46.855,47.639999,5737218,38.430153
2016-04-22,47.650002,48.02,47.490002,47.790001,3112222,38.551155
2016-04-25,47.650002,47.970001,46.349998,46.645,3592900,37.627506
2016-04-26,46.900002,47.639999,46.77,47.48,3460017,38.301086
2016-04-27,47.424999,47.915001,47.325001,47.880001,3621393,38.623756
2016-04-28,47.369999,48.244999,47.150002,48.244999,4312668,38.918198
2016-04-29,47.555,47.919998,46.02,46.240002,4627512,37.300804
2016-05-02,46.799999,46.884998,45.544998,45.965,2239575,37.078968
2016-05-03,47.555,47.689999,45.5,45.5,5795164,36.703865
2016-05-04,46.244999,46.485001,45.005001,45.310001,4704883,36.550594
2016-05-05,45.369999,45.564999,44.490002,44.709999,4284347,36.066586
2016-05-06,44.459999,44.705002,43.145,44.264999,5518014,35.707611
2016-05-09,44.639999,45.195,43.915001,44.150002,3216613,35.614845
2016-05-10,44.485001,45.259998,44.09,44.575001,3416500,35.957687
2016-05-11,44.439999,44.669998,43.630001,44.130001,2825295,35.598713
2016-05-12,43.834999,44.27,43.240002,43.455002,3668807,35.054203
2016-05-13,43.200001,44.27,42.810001,44.02,3574016,35.509979
2016-05-16,43.665001,44.060001,43.490002,43.900002,1294895,35.413177
2016-05-17,44.255001,45.310001,44,44.325001,3929421,35.756016
2016-05-18,44.139999,45.105,43.790001,44.98,3305257,36.284389
2016-05-19,45.244999,46,44.735001,45.305,4557841,36.546562
2016-05-20,45.845001,46.09,45.290001,45.715,4395458,36.877296
2016-05-23,45.715,46.380001,45.005001,45.93,3245945,37.050735
2016-05-24,45.709999,47.915001,45.5,47.630001,5405037,38.422089
2016-05-25,48.084999,49.025002,48.014999,48.970001,5227308,39.503036
2016-05-26,48.740002,50,48.125,50,6260623,40.333916
2016-05-27,49.685001,50.290001,49.584999,49.764999,4205978,40.144344
2016-05-30,49.759998,50.389999,49.59,50.279999,2015314,40.559784
2016-05-31,50.389999,50.669998,49.619999,49.764999,3677184,40.144344
2016-06-01,49.645,50,48.41,48.860001,4586203,39.414299
2016-06-02,46.880001,47.91,46.695,47.509998,6142214,40.227142
2016-06-03,47.235001,47.654999,45.904999,46.32,5299140,39.219559
2016-06-06,46.105,47,46.075001,46.384998,2587908,39.274593
2016-06-07,46.75,47.494999,46.610001,47.064999,3441726,39.850353
2016-06-08,46.91,46.924999,46.200001,46.404999,2696123,39.291531
2016-06-09,46.235001,46.375,45.764999,45.875,3133275,38.842773
2016-06-10,45.685001,45.685001,44.044998,44.294998,4739701,37.504971
2016-06-13,43.599998,43.959999,43.009998,43.009998,3839346,36.416946
2016-06-14,42.5,42.939999,41.779999,42.040001,5774939,35.595646
2016-06-15,42.75,43.470001,42.299999,42.415001,4662586,35.913158
2016-06-16,41.705002,42.049999,41.130001,41.849998,5352103,35.434769
2016-06-17,42.564999,44,42.435001,43.450001,7433495,36.789505
2016-06-20,45.09,45.73,44.904999,45.580002,5670620,38.592995
2016-06-21,45.580002,46.455002,45.419998,46.07,4164919,39.007881
2016-06-22,46.490002,46.810001,46.049999,46.365002,4440777,39.25766
2016-06-23,46.555,48.115002,46.41,47.700001,5550567,40.388016
2016-06-24,38.5,41.91,38.5,39.400002,21339241,33.360336
2016-06-27,38.68,39.174999,35.27,36.91,16415931,31.252026
2016-06-28,38,39.049999,37.674999,38.349998,9430703,32.471287
2016-06-29,39.099998,39.700001,38.855,39.509998,6956460,33.453468
2016-06-30,39.369999,40.224998,38.66,39.755001,6396160,33.660915
2016-07-01,40.134998,40.540001,39.259998,39.91,5051217,33.792152
2016-07-04,40.060001,40.150002,39.110001,39.224998,3402649,33.212154
2016-07-05,38.700001,39.59,38.615002,39.119999,6765075,33.123253
2016-07-06,38.540001,39.169998,37.985001,38.360001,6323079,32.479752
2016-07-07,38.605,39.375,38.365002,38.5,4344408,32.598297
2016-07-08,38.264999,40.244999,38.02,39.814999,5686802,33.711716
2016-07-11,40.360001,40.490002,39.395,40.264999,3480966,34.092735
2016-07-12,40.494999,42.48,40.215,42.34,6165514,35.849659
2016-07-13,42.400002,42.779999,41.334999,41.5,4588786,35.13842
2016-07-14,42.165001,43.185001,41.950001,42.895,4934867,36.31958
2016-07-15,42.82,43.785,42.25,42.779999,3987618,36.222206
2016-07-18,43.025002,43.494999,41.790001,42.455002,3476198,35.947029
2016-07-19,42.349998,42.965,41.48,42.380001,3000749,35.883526
2016-07-20,42.689999,43.23,42.23,42.775002,3449002,36.217976
2016-07-21,42.560001,43.43,42.400002,43.02,4170062,36.425423
2016-07-22,42.740002,43.580002,42.584999,43.400002,4037587,36.747169
2016-07-25,43.200001,43.619999,42.709999,43.185001,2591927,36.565128
2016-07-26,43.07,43.294998,42.299999,42.889999,2791612,36.315346
2016-07-27,42.900002,43.849998,42.884998,43.5,3387764,36.831841
2016-07-28,44.599998,44.889999,42.564999,42.855,4678996,36.285709
2016-07-29,43.064999,44.529999,43.009998,44.355,4955038,37.555775
2016-08-01,45,45.34,43.355,43.695,3563393,36.996948
2016-08-02,43.404999,43.470001,41.584999,41.805,5436257,35.396667
2016-08-03,42.014999,42.445,41.360001,42.035,4482100,35.591412
2016-08-04,42.395,42.985001,42.139999,42.560001,3241331,36.035934
2016-08-05,42.75,43.880001,42.709999,43.845001,3495410,37.123955
2016-08-08,44,44.849998,43.939999,44.389999,2715129,37.585407
2016-08-09,44.415001,44.904999,43.990002,44.814999,2417823,37.945259
2016-08-10,44.400002,45.125,44.380001,44.630001,2670859,37.78862
2016-08-11,45.009998,45.099998,44.355,45,2621201,38.101898
2016-08-12,44.904999,45.215,44.630001,44.674999,1975011,37.826721
2016-08-15,44.665001,45.009998,44.474998,44.615002,1251812,37.775921
2016-08-16,44.314999,44.575001,43.834999,44.02,2608348,37.272129
2016-08-17,44.355,44.584999,43.369999,43.404999,2726539,36.7514
2016-08-18,43.759998,43.849998,42.915001,43.380001,2234472,36.730232
2016-08-19,43.305,43.404999,42.02,42.580002,3075607,36.052864
2016-08-22,42.5,43.450001,42.279999,43.014999,2741637,36.421185
2016-08-23,43.205002,44.189999,43.16,43.904999,2961570,37.174755
2016-08-24,43.700001,45.014999,43.445,44.654999,2709968,37.809788
2016-08-25,44.435001,44.709999,44.029999,44.43,2233173,37.619278
2016-08-26,44.314999,45.084999,44.18,44.830002,2094408,37.957962
2016-08-29,44.625,45.099998,44.310001,44.485001,1601880,37.665848
2016-08-30,44.830002,45.619999,44.700001,45.349998,3644146,38.398247
2016-08-31,45.43,46.619999,45.305,45.605,5373144,38.614162
2016-09-01,46.025002,47.395,45.985001,46.830002,6625222,39.651382
2016-09-02,47.259998,47.965,46.389999,47.82,5280566,40.489624
2016-09-05,47.98,48.18,47.294998,47.380001,3498667,40.117069
2016-09-06,47.525002,47.66,46.685001,46.720001,2740401,39.558243
2016-09-07,46.889999,47.200001,46.209999,46.974998,2832553,39.774151
2016-09-08,46.990002,47.889999,46.509998,47.825001,4367876,40.493855
2016-09-09,47.735001,48.689999,47.345001,47.93,3766809,40.582756
2016-09-12,46.919998,47.279999,46.130001,46.875,3757390,39.68948
2016-09-13,47.18,47.384998,46.014999,46.014999,3078132,38.961308
2016-09-14,46.360001,46.505001,45.720001,45.945,4109031,38.902042
2016-09-15,45.805,46.465,45.169998,45.685001,3884763,38.6819
2016-09-16,45.5,45.650002,44.5,44.639999,8034055,37.797085
2016-09-19,45.095001,45.345001,44.724998,44.93,2738348,38.042633
2016-09-20,44.98,45.34,44.599998,44.955002,2763759,38.063805
2016-09-21,46.060001,46.5,45.82,46.240002,4645652,39.151821
2016-09-22,46.674999,47.474998,46.375,47.299999,5030250,40.049332
2016-09-23,46.955002,47.349998,46.584999,46.955002,3697080,39.757221
2016-09-26,46.575001,46.645,45.130001,45.419998,3919481,38.45752
2016-09-27,45.799999,45.919998,44.525002,45.185001,4208318,38.258545
2016-09-28,45.215,46.240002,45.185001,45.615002,3447639,38.622627
2016-09-29,46.09,46.34,45.200001,45.404999,2463934,38.444817
2016-09-30,43.900002,45.849998,43.235001,45.77,6379925,38.753868
2016-10-03,45.799999,45.994999,45.125,45.615002,1773168,38.622627
2016-10-04,45.724998,46.48,45.485001,46.029999,2739790,38.97401
2016-10-05,45.755001,47.599998,45.575001,47.599998,5192510,40.303345
2016-10-06,47.860001,48.869999,47.755001,48.549999,5924485,41.107719
2016-10-07,48.465,49.48,48.125,49.310001,6422293,41.751217
2016-10-10,49,49.389999,48.490002,49.099998,3801568,41.573406
2016-10-11,48.77,49.18,48.264999,48.549999,5893035,41.107719
2016-10-12,48.650002,48.669998,47.959999,48.334999,3989760,40.925674
2016-10-13,47.904999,47.904999,46.544998,46.935001,4343630,39.740284
2016-10-14,47.189999,48.924999,47.080002,48.195,4201787,40.807137
2016-10-17,47.895,48.860001,47.865002,48.5,2779677,41.065384
2016-10-18,48.740002,49.68,48.685001,49.314999,4579118,41.755447
2016-10-19,49.849998,50.07,49.209999,50,5396558,42.335445
2016-10-20,49.950001,51.060001,49.855,51.060001,6512978,43.23296
2016-10-21,51.16,51.639999,50.790001,51.639999,4924105,43.724049
2016-10-24,51.860001,53.09,51.860001,52.689999,4845525,44.613094
2016-10-25,52.689999,52.82,52.16,52.82,3465059,44.723164
2016-10-26,52.919998,53.290001,52.419998,52.91,3679695,44.79937
2016-10-27,53.18,53.5,52.73,53.5,4723863,45.298927
2016-10-28,52.740002,54,52.439999,53.970001,4182906,45.69688
2016-10-31,53.299999,54,52.709999,52.84,4015008,44.740101
2016-11-01,53.240002,53.330002,52.419998,52.740002,3134880,44.655434
2016-11-02,51.689999,51.900002,50.759998,50.759998,4858376,42.978943
2016-11-03,50.75,52.040001,50.32,51.509998,3754115,43.613976
2016-11-04,51.259998,51.380001,50.400002,50.639999,3112746,42.877338
2016-11-07,51.970001,52.529999,51.669998,52.529999,3680697,44.477619
2016-11-08,52.400002,53.32,52.09,53.119999,3607638,44.977177
2016-11-09,51.41,54.799999,51.049999,54.799999,7603787,46.399651
2016-11-10,55.77,57.049999,55.119999,55.41,7805322,46.916142
2016-11-11,55.970001,56.290001,54.23,54.75,4636310,46.357315
2016-11-14,55.400002,56.459999,55.18,55.66,4745943,47.127823
2016-11-15,55.650002,55.849998,54.93,55.490002,3442268,46.983879
2016-11-16,55.549999,55.93,53.950001,54.18,4367648,45.874691
2016-11-17,53.700001,54.599998,53.389999,54.599998,3669850,46.230305
2016-11-18,55,55.259998,53.98,54.389999,4165710,46.052498
2016-11-21,54.75,54.990002,54.209999,54.5,2437502,46.145638
2016-11-22,55.099998,56.450001,54.48,55.77,4327502,47.220955
2016-11-23,55.790001,56.16,54.84,55.650002,3287660,47.11935
2016-11-24,55.580002,56.09,55.080002,55.290001,1710239,46.814541
2016-11-25,55.419998,55.52,54.619999,54.939999,2037572,46.518188
2016-11-28,54.66,54.779999,53.240002,53.5,3796934,45.298927
2016-11-29,53.369999,54.5,53.119999,54.389999,2899217,46.052498
2016-11-30,54.400002,55.27,53.970001,54.779999,3968076,46.382713
2016-12-01,54.68,55.900002,54.57,55.900002,4231297,47.331028
2016-12-02,55.5,55.66,54.310001,54.59,3954371,46.221844
2016-12-05,54.080002,55.75,53.779999,55.299999,5112389,46.823002
2016-12-06,54.919998,58.490002,54.869999,58.150002,7171235,49.236126
2016-12-07,59.209999,60.23,58.669998,59.459999,6624205,50.345314
2016-12-08,59.450001,61.66,58.919998,60.610001,7038460,51.319031
2016-12-09,60.599998,60.880001,59.650002,60,4746014,50.802536
2016-12-12,60,60.57,59.09,59.209999,4261370,50.133636
2016-12-13,58.790001,60.299999,58,59.73,4297010,50.573925
2016-12-14,59.32,60.290001,58.580002,58.59,4813672,49.608677
2016-12-15,58.990002,62,58.900002,61.700001,6936254,52.241943
2016-12-16,61.5,62,60.959999,60.959999,7851503,51.615379
2016-12-19,60.779999,61,60.189999,60.5,2991537,51.225891
2016-12-20,60.57,61.470001,60.310001,61.470001,2989963,52.047199
2016-12-21,61.439999,61.889999,60.689999,61.209999,2460689,51.827053
2016-12-22,60.93,61.919998,60.93,61.580002,2029868,52.140339
2016-12-23,61.700001,62,60.889999,61.169998,1821064,51.793182
2016-12-27,60.599998,60.950001,60.509998,60.68,1270671,51.3783
2016-12-28,60.669998,60.900002,60.259998,60.650002,1465119,51.352898
2016-12-29,60.23,60.459999,59.639999,59.849998,1523556,50.675529
2016-12-30,59.810001,60.639999,59.560001,60.549999,2143675,51.268227
2017-01-02,60.119999,60.689999,59.849998,60.349998,1259445,51.098881
2017-01-03,60.93,62.48,60.560001,61.919998,3185009,52.428215
2017-01-04,62.380001,63.060001,61.98,62.799999,3705545,53.173321
2017-01-05,62.32,63.040001,61.59,62.220001,3288420,52.682232
2017-01-06,61.869999,62.709999,61.290001,62.490002,3017783,52.910843
2017-01-09,62.48,62.48,60.650002,61.189999,3069806,51.810116
2017-01-10,61.299999,61.400002,60.639999,60.849998,3176613,51.522236
2017-01-11,60.869999,61.139999,60.369999,60.619999,2747204,51.327496
2017-01-12,60.389999,61.700001,60.189999,60.549999,2660775,51.268227
2017-01-13,61.09,62.509998,61.02,62.16,3252712,52.631428
2017-01-16,61.02,61.549999,60.900002,61.209999,2079490,51.827053
2017-01-17,60.84,61.91,60.509998,60.560001,2627533,51.276695
2017-01-18,60.599998,60.720001,59.169998,59.689999,3151600,50.540054
2017-01-19,60.110001,60.459999,59.419998,59.759998,2644796,50.599327
2017-01-20,59.59,60.439999,59.23,60.060001,4119832,50.853344
2017-01-23,59.5,59.779999,58.93,59.18,2142810,50.108234
2017-01-24,59.549999,60.060001,59.400002,59.900002,2029944,50.717865
2017-01-25,60.68,62.540001,60.599998,62.389999,4714420,52.826168
2017-01-26,62.59,63.349998,61.549999,61.639999,4344401,52.191135
2017-01-27,61.540001,61.57,60.610001,61.450001,2455773,52.030266
2017-01-30,61.029999,61.459999,59.880001,60.279999,2726655,51.039616
2017-01-31,60.43,61.450001,59.18,59.18,3697937,50.108234
2017-02-01,59.880001,60.75,59.540001,60.630001,2939274,51.335964
2017-02-02,60.389999,60.66,59.720001,60.259998,2570213,51.022678
2017-02-03,60.77,61.57,60.34,61.139999,3001101,51.767784
2017-02-06,61.5,62,60.009998,60.009998,3173177,50.811005
2017-02-07,57.049999,58.23,56.990002,57.150002,6259760,48.389416
2017-02-08,57,57.110001,54.790001,56.060001,6207122,47.466507
2017-02-09,57,57,55.830002,56.689999,4888367,47.999928
2017-02-10,57.07,57.080002,55.509998,55.700001,4233612,47.16169
2017-02-13,56,56.720001,55.48,56.349998,3554095,47.712048
2017-02-14,56.32,56.82,55.82,56.779999,2541744,48.076134
2017-02-15,56.98,58.279999,56.98,57.490002,3734421,48.677296
2017-02-16,57.490002,57.650002,57.009998,57.02,2820241,48.279343
2017-02-17,57.02,57.110001,55.380001,55.75,4155644,47.204025
2017-02-20,56.32,56.720001,55.349998,55.630001,2330028,47.102421
2017-02-21,55.41,56.200001,54.959999,55.790001,3196159,47.237892
2017-02-22,55.959999,56.549999,54.700001,55.799999,4064843,47.246357
2017-02-23,56,56.509998,55.150002,55.619999,3164717,47.093948
2017-02-24,55.200001,55.73,53.959999,54.68,4135354,46.298046
2017-02-27,55.189999,55.41,54.669998,54.740002,2935247,46.34885
2017-02-28,54.75,55.43,54.619999,55.130001,3605152,46.679062
2017-03-01,55.889999,57.959999,55.740002,57.59,5436640,48.761963
2017-03-02,57.91,58.110001,57.490002,57.669998,3819429,48.8297
2017-03-03,57.700001,59.939999,57.529999,59.310001,4950723,50.218307
2017-03-06,58.990002,59.48,58.459999,58.700001,2809388,49.701813
2017-03-07,59,59.09,58.09,58.84,2755034,49.820351
2017-03-08,59,59.889999,58.560001,59.349998,3422590,50.252174
2017-03-09,59.330002,61.169998,59.220001,60.790001,5616477,51.471436
2017-03-10,60.959999,62.240002,60.84,61.860001,6413094,52.377415
2017-03-13,61.299999,61.98,61.139999,61.18,3102950,51.801655
2017-03-14,61.220001,61.32,59.650002,59.849998,4114290,50.675529
2017-03-15,59.380001,60.220001,59.279999,60.09,3492638,50.878738
2017-03-16,61.220001,62,60.52,60.689999,5451293,51.386761
2017-03-17,60.869999,61.869999,60.060001,60.279999,6076097,51.039616
2017-03-20,60.029999,60.43,59.599998,59.650002,2123537,50.506187
2017-03-21,60.349998,61.849998,60.040001,60.259998,4120914,51.022678
2017-03-22,59.41,60.860001,58.959999,60.290001,3657229,51.04808
2017-03-23,60.549999,61.540001,59.950001,61.099998,3635753,51.733917
2017-03-24,61.099998,61.110001,60.220001,60.459999,2643444,51.192024
2017-03-27,59.400002,60.59,59.16,60.360001,2867677,51.107353
2017-03-28,60.580002,62.07,60.299999,61.919998,3658366,52.428215
2017-03-29,62.450001,62.779999,61.450001,62.040001,4058229,52.529823
2017-03-30,62.799999,62.799999,61.09,61.799999,3106664,52.326611
2017-03-31,61.490002,62.43,61.279999,62.43,4030526,52.860043
2017-04-03,62.48,62.5,60.599998,61.220001,3344854,51.835522
2017-04-04,61.060001,61.369999,60.040001,60.709999,3359772,51.403702
2017-04-05,60.98,61.400002,60.099998,60.099998,4681167,50.887207
2017-04-06,59.580002,60.799999,59.049999,60.75,3907978,51.437569
2017-04-07,60.669998,61.139999,60.290001,60.900002,2703926,51.564575
2017-04-10,60.93,60.970001,59.82,60,2942441,50.802536
2017-04-11,59.5,60.23,59.009998,59.389999,4574423,50.286041
2017-04-12,59.650002,59.959999,58.720001,59.099998,3248594,50.040497
2017-04-13,59.25,59.25,57.900002,58.299999,4836489,49.363129
2017-04-18,58.5,58.740002,57.240002,57.32,5836104,48.533356
2017-04-19,57.470001,58.720001,57.299999,58.34,4987203,49.396999
2017-04-20,58.110001,60.959999,57.860001,60.650002,7687773,51.352898
2017-04-21,60.889999,62.279999,60.25,62,9830775,52.495956
2017-04-24,68,68.400002,65.940002,66.660004,15635826,56.44162
2017-04-25,66.870003,67.440002,66.449997,66.949997,5475011,56.68716
2017-04-26,66.5,66.720001,65.599998,65.800003,5537058,55.713451
2017-04-27,65.519997,65.599998,64.639999,64.989998,4839559,55.027611
2017-04-28,64.589996,65.769997,64.400002,64.779999,4471038,54.849804
2017-05-02,64.800003,65.769997,64.800003,65.769997,4603584,55.688042
2017-05-03,66.099998,66.360001,65.43,66.150002,4251092,56.0098
2017-05-04,65,66.669998,64.889999,66.370003,16917032,56.196075
2017-05-05,65.949997,68,65.830002,67.879997,7417648,57.474602
2017-05-08,68.169998,68.199997,66.370003,66.839996,9427090,56.594021
2017-05-09,67.900002,67.900002,66.379997,66.660004,4960753,56.44162
2017-05-10,66.599998,67.230003,65.830002,66.779999,3944703,56.543221
2017-05-11,67.139999,67.18,65.839996,66.410004,4500596,56.229942
2017-05-12,66.199997,66.800003,65.949997,66.559998,3123427,56.356941
2017-05-15,67,67.07,66.010002,67.07,3542313,56.788769
2017-05-16,67.199997,67.540001,66.75,67.209999,3225549,56.907303
2017-05-17,66.690002,67.419998,64.849998,65.110001,4902431,55.129219
2017-05-18,64.800003,65.610001,63.599998,64.360001,6779991,54.494186
2017-05-19,64.699997,65.879997,64.400002,65.669998,5064001,55.603374
2017-05-22,66.019997,66.169998,65.410004,65.459999,3327832,55.425564
2017-05-23,65.199997,66.779999,65.019997,66.18,3776186,56.035202
2017-05-24,66.279999,66.900002,65.769997,66.839996,3396154,56.594021
2017-05-25,67.099998,67.339996,66.510002,66.559998,2793722,56.356941
2017-05-26,66.519997,66.68,65.260002,66.389999,3753319,56.213005
2017-05-29,66.209999,66.589996,65.809998,66.349998,2266692,56.179138
2017-05-30,63.099998,63.610001,62.619999,63.599998,5403406,56.135006
2017-05-31,63.700001,64.07,62.799999,62.82,5190374,55.44656
2017-06-01,63,63.18,62.09,62.990002,3333051,55.596607
2017-06-02,63.849998,64.489998,63.09,63.400002,4343283,55.958481
2017-06-05,63.400002,63.689999,62.639999,63.099998,1771291,55.693691
2017-06-06,62.689999,62.939999,61.959999,62.450001,3271002,55.119987
2017-06-07,62.34,64.349998,62.23,63.48,4585164,56.029091
2017-06-08,63.82,64.480003,62.830002,63.720001,4052677,56.240921
2017-06-09,64.050003,64.940002,63.389999,64.510002,4733126,56.938198
2017-06-12,64.470001,64.900002,63.040001,63.389999,3405206,55.949654
2017-06-13,63.75,63.919998,63.09,63.349998,2565311,55.914349
2017-06-14,63.73,64,62.27,62.400002,3996069,55.075855
2017-06-15,62.240002,62.369999,61.080002,61.849998,5378476,54.590408
2017-06-16,62.380001,62.880001,61.68,62.049999,10471570,54.766937
2017-06-19,62.860001,63.599998,62.75,63.060001,3238334,55.65839
2017-06-20,63.5,63.68,62.549999,62.549999,2552864,55.208248
2017-06-21,62.290001,62.419998,61.110001,62.139999,4040572,54.846371
2017-06-22,61.91,62,61.18,61.93,3356928,54.661022
2017-06-23,62.16,62.509998,61.18,61.5,2919202,54.28149
2017-06-26,61.799999,62.459999,61.389999,61.599998,2765463,54.369751
2017-06-27,61.529999,63.07,61.080002,62.650002,4960829,55.296513
2017-06-28,62.549999,64.559998,62.16,64.330002,5874039,56.779327
2017-06-29,64.940002,65.459999,63.639999,63.970001,5940081,56.461578
2017-06-30,64.099998,64.449997,62.82,63.060001,4945911,55.65839
2017-07-03,63.490002,64.940002,63.400002,64.940002,4643571,57.317726
2017-07-04,64.550003,65.300003,64.519997,64.68,2708977,57.088242
2017-07-05,64.900002,65.190002,64.260002,64.470001,3638074,56.902893
2017-07-06,64.550003,65.660004,64.059998,65.339996,4822785,57.670773
2017-07-07,65.949997,66.190002,65.18,65.519997,3635307,57.829643
2017-07-10,65.949997,66.050003,65.089996,65.559998,2444378,57.864948
2017-07-11,65.879997,66.029999,65.040001,65.260002,2590408,57.600166
2017-07-12,65.629997,66.470001,65.269997,65.989998,3705806,58.24448
2017-07-13,66.080002,67.120003,65.959999,66.919998,3212170,59.065323
2017-07-14,67.019997,67.040001,65.709999,66.300003,3192918,58.518097
2017-07-17,66.470001,66.489998,65.529999,65.860001,2519843,58.129742
2017-07-18,65.599998,65.879997,64.379997,64.760002,4170565,57.158855
2017-07-19,65.150002,65.150002,64,64.839996,4175125,57.229462
2017-07-20,65,65.040001,63.98,64.290001,3971838,56.744019
2017-07-21,64.18,64.519997,63.310001,63.639999,4642756,56.170311
2017-07-24,63.77,64.709999,63.25,64.230003,3163575,56.691063
2017-07-25,64.139999,65.800003,64.110001,65.169998,4083693,57.520725
2017-07-26,65.199997,65.900002,65.120003,65.900002,3087146,58.165047
2017-07-27,65.139999,66.029999,65.010002,66,3221333,58.253307
2017-07-28,65.389999,66.43,65.050003,66.099998,4158297,58.341572
2017-07-31,65.949997,66.400002,65.57,65.57,3582205,57.873775
2017-08-01,66.360001,66.989998,65.790001,66.790001,3276531,58.950584
2017-08-02,66.910004,66.989998,66.040001,66.559998,3016521,58.747574
2017-08-03,66.300003,67.540001,66.089996,67.220001,3115321,59.330112
2017-08-04,66.870003,68.120003,66.639999,68.120003,3262506,60.124474
2017-08-07,68.199997,68.550003,67.93,68.550003,2564334,60.504005
2017-08-08,68.459999,68.889999,68.339996,68.889999,2799465,60.804096
2017-08-09,68.169998,68.290001,66.699997,67.269997,3957968,59.374241
2017-08-10,67.300003,67.43,66.010002,66.690002,3216825,58.86232
2017-08-11,66.129997,66.510002,65.050003,65.690002,3731598,57.979694
2017-08-14,66.190002,67.150002,65.849998,66.690002,2820929,58.86232
2017-08-15,67,67.43,66.610001,67.190002,1815987,59.303635
2017-08-16,67.599998,67.870003,67.230003,67.239998,2124985,59.347763
2017-08-17,66.889999,66.980003,65.57,66.199997,3343834,58.429829
2017-08-18,65.120003,66.160004,64.949997,65.989998,3331532,58.24448
2017-08-21,65.489998,65.489998,64.25,64.68,3030840,57.088242
2017-08-22,65.25,65.400002,64.739998,65.120003,2123303,57.476601
2017-08-23,65.07,65.449997,63.970001,64.169998,2528458,56.6381
2017-08-24,64.559998,64.839996,64.269997,64.389999,1801447,56.832279
2017-08-25,64.660004,64.980003,64.220001,64.220001,1569124,56.682236
2017-08-28,63.860001,64.5,63.860001,63.950001,1160759,56.443928
2017-08-29,63.369999,63.509998,62.919998,63.23,3260166,55.808434
2017-08-30,63.75,63.759998,62.959999,63.16,1742352,55.746651
2017-08-31,63.830002,64.300003,63.790001,63.91,3212976,56.408619
2017-09-01,64.480003,64.650002,63.84,64.349998,2106272,56.796974
2017-09-04,63.810001,64.139999,63.720001,63.880001,1499093,56.382141
2017-09-05,64.089996,64.230003,62.529999,62.68,2715400,55.32299
2017-09-06,62.41,62.860001,62.209999,62.59,2212165,55.243553
2017-09-07,62.950001,63.599998,62.130001,62.52,3158751,55.18177
2017-09-08,62.200001,63.470001,62.119999,62.990002,2872797,55.596607
2017-09-11,63.580002,64.300003,63.529999,64.300003,2647173,56.752846
2017-09-12,64.699997,66.379997,64.559998,65.839996,3882152,58.112087
2017-09-13,65.949997,66.639999,65.739998,66.400002,3216036,58.606361
2017-09-14,66.160004,66.980003,65.980003,66.540001,2823918,58.729927
2017-09-15,66.190002,66.559998,65.580002,65.989998,9212604,58.24448
2017-09-18,66.279999,66.510002,65.959999,66.209999,2539642,58.438656
2017-09-19,66.410004,66.540001,65.809998,66.169998,2032434,58.403351
2017-09-20,66.029999,66.459999,65.389999,66.050003,2403506,58.29744
2017-09-21,66.610001,67.480003,66.489998,66.720001,2850831,58.888798
2017-09-22,66.5,67.489998,66.480003,67.300003,2750855,59.400723
2017-09-25,67.099998,67.410004,66.169998,66.330002,3021049,58.544575
2017-09-26,66.089996,66.660004,65.870003,66.150002,2436479,58.385704
2017-09-27,66.379997,67.860001,66.349998,67.449997,3554729,59.533112
2017-09-28,67.709999,68.489998,67.260002,67.669998,2878645,59.727291
2017-09-29,67.660004,68.25,67.339996,68.25,3748603,60.239216
2017-10-02,68,68.480003,67.849998,68.449997,2402142,60.415737
2017-10-03,68.5,68.949997,68.5,68.510002,1715100,60.468704
2017-10-04,68.459999,68.550003,67.089996,67.300003,4543128,59.400723
2017-10-05,67.080002,68.610001,67.040001,68.529999,3347256,60.486351
2017-10-06,68.699997,68.769997,68.029999,68.400002,2521789,60.371613
2017-10-09,68.639999,68.910004,67.660004,67.959999,1835823,59.983253
2017-10-10,67.660004,67.800003,66.970001,67.400002,2765685,59.488987
2017-10-11,67.870003,67.870003,66.699997,67.370003,2661486,59.462509
2017-10-12,67.260002,67.279999,66.32,66.610001,2485318,58.791714
2017-10-13,66.489998,66.870003,65.839996,66.050003,3038441,58.29744
2017-10-16,66.18,66.519997,65.709999,66.199997,2369737,58.429829
2017-10-17,66.139999,66.720001,65.620003,66.279999,2448395,58.500443
2017-10-18,66.5,67.739998,66.400002,67.43,2586384,59.515465
2017-10-19,67.389999,67.879997,66.839996,67.32,3255834,59.418373
2017-10-20,67.900002,68.540001,67.860001,68.050003,3458345,60.062695
2017-10-23,68.309998,68.370003,67.510002,67.900002,2427824,59.930298
2017-10-24,67.739998,68.470001,67.620003,68.080002,2866759,60.089172
2017-10-25,67.870003,68.339996,67.220001,67.480003,2658879,59.559597
2017-10-26,67.110001,68.540001,67.080002,68.32,3295142,60.300999
2017-10-27,68.709999,68.980003,68.110001,68.5,3572264,60.459873
2017-10-30,68.5,69.169998,68.410004,68.879997,2489783,60.795269
2017-10-31,66.610001,67.110001,66.419998,67.040001,5094889,59.171238
2017-11-01,67.239998,67.25,65.949997,65.949997,4670306,58.209171
2017-11-02,66.120003,66.25,65.449997,66.18,3432846,58.412182
2017-11-03,66.18,66.309998,65.379997,65.760002,2585930,58.041481
2017-11-06,65.400002,65.419998,64.470001,64.959999,3781159,57.335377
2017-11-07,65.25,65.480003,64.730003,64.75,3096061,57.150024
2017-11-08,65.099998,65.099998,64.139999,64.82,3819113,57.211807
2017-11-09,64.760002,65.419998,64.519997,64.620003,4518915,57.035286
2017-11-10,64.470001,65.209999,64.349998,64.760002,3107049,57.158855
2017-11-13,64.660004,64.699997,63.240002,64.230003,3327167,56.691063
2017-11-14,64.169998,64.209999,63.16,63.450001,3370208,56.002613
2017-11-15,63.150002,64.059998,62.59,63.830002,3674881,56.338013
2017-11-16,64.050003,64.360001,63.66,63.790001,2387739,56.302704
2017-11-17,63.720001,64.290001,62.75,63.150002,3534358,55.737823
2017-11-20,63,63.259998,62.619999,62.849998,2587989,55.473034
2017-11-21,62.700001,63.689999,62.580002,62.779999,3200721,55.411251
2017-11-22,62.919998,63.790001,62.810001,62.950001,2703128,55.561302
2017-11-23,62.759998,63.279999,62.529999,62.970001,1681384,55.578953
2017-11-24,62.849998,64.339996,62.830002,63.639999,3026855,56.170311
2017-11-27,63.549999,64.18,63.009998,63.16,2567587,55.746651
2017-11-28,63.290001,63.740002,63.290001,63.439999,2443612,55.993786
2017-11-29,64.239998,64.940002,64.07,64.290001,3547803,56.744019
2017-11-30,64.519997,64.860001,63.580002,63.580002,4217952,56.117355
2017-12-01,63.599998,63.869999,62.639999,62.849998,3486007,55.473034
2017-12-04,63.970001,64.419998,63.689999,64.059998,4052735,56.541012
2017-12-05,63.939999,64.540001,63.16,63.509998,3370784,56.055569
2017-12-06,62.919998,63.25,62.599998,62.860001,3185604,55.481865
2017-12-07,63.099998,63.27,62.700001,63.139999,3519975,55.728996
2017-12-08,64.389999,65.889999,64.160004,65.040001,6311453,57.405987
2017-12-11,65.300003,65.32,64.410004,64.459999,2914325,56.894066
2017-12-12,64.699997,65,63.779999,64.830002,4065927,57.220638
2017-12-13,64.459999,65.120003,64.160004,64.360001,3869883,56.805801
2017-12-14,64.32,64.879997,63.490002,63.490002,4097988,56.037918
2017-12-15,63.490002,63.540001,62.580002,62.919998,6688658,55.534817
2017-12-18,63.52,63.779999,63.110001,63.360001,3372091,55.923176
2017-12-19,63.25,63.810001,63.040001,63.060001,2719997,55.65839
2017-12-20,63.099998,63.099998,62.310001,62.830002,2937811,55.455387
2017-12-21,62.650002,63.610001,62.32,63.290001,3146282,55.861393
2017-12-22,62.810001,63.380001,62.669998,62.950001,1845311,55.561302
2017-12-27,62.889999,63.290001,62.630001,62.720001,1709801,55.358295
2017-12-28,62.599998,63.060001,62.52,62.599998,2109424,55.25238
2017-12-29,62.720001,62.889999,62.029999,62.25,2428173,54.943459
2018-01-02,62.68,62.700001,61.66,62.09,2785984,54.802242
2018-01-03,62.32,63.27,61.98,62.639999,3766640,55.287682
2018-01-04,62.709999,64.290001,62.709999,63.77,4272372,56.285053
2018-01-05,64.139999,64.589996,63.669998,63.889999,3125691,56.390965
2018-01-08,64.290001,64.839996,64.010002,64.5,3030090,56.929371
2018-01-09,64.730003,65.470001,64.610001,65.43,3474952,57.75021
2018-01-10,65.5,66.800003,65.190002,66.43,4849727,58.632835
2018-01-11,66.589996,67.660004,66.110001,67,4473175,59.135937
2018-01-12,67.459999,67.580002,66.900002,67.459999,4306247,59.541939
2018-01-15,67.309998,67.739998,66.919998,67.529999,2109344,59.603725
2018-01-16,67.349998,67.639999,66.660004,67.010002,2951424,59.144764
2018-01-17,66.419998,66.889999,65.830002,66.379997,3613661,58.588703
2018-01-18,66.5,66.699997,65.989998,66.629997,2973050,58.809361
2018-01-19,66.760002,67.120003,66.32,66.949997,2999504,59.091797
2018-01-22,66.919998,67.989998,66.529999,67.550003,3439278,59.62138
2018-01-23,67.839996,67.919998,67.040001,67.580002,3184441,59.647858
2018-01-24,67.540001,67.849998,67.18,67.18,2726702,59.294807
2018-01-25,67.150002,68,66.809998,68,4060630,60.018562
2018-01-26,67.949997,68.419998,67.779999,68.279999,3011551,60.265694
2018-01-29,68.419998,68.660004,68.330002,68.349998,3639327,60.327477
2018-01-30,67.93,68.199997,66.739998,67.230003,4629282,59.33894
2018-01-31,67.209999,67.269997,66.440002,66.599998,3423328,58.782883
2018-02-01,67.230003,67.620003,65.860001,66.629997,3816246,58.809361
2018-02-02,66.480003,66.629997,65.540001,66,3800872,58.253307
2018-02-05,65.25,66.480003,65.010002,65.379997,4418384,57.706078
2018-02-06,62.450001,65.18,61.380001,63.25,8757723,55.826088
2018-02-07,64.050003,64.879997,63.02,64.550003,6000938,56.973503
2018-02-08,64.589996,65.709999,63.939999,64.419998,5868679,56.858757
2018-02-09,64.07,64.660004,62.25,63.200001,7487093,55.781956
2018-02-12,63.740002,64.279999,63.130001,63.369999,4501988,55.931999
2018-02-13,63.52,63.77,62.939999,63,3965654,55.605431
2018-02-14,63.439999,64.050003,62.77,63.580002,4670268,56.117355
2018-02-15,64.199997,64.93,63.700001,63.900002,4155361,56.399796
2018-02-16,64.199997,64.93,63.889999,64.650002,4358106,57.061764
2018-02-19,64.800003,65.129997,64.610001,64.610001,1679014,57.026459
2018-02-20,64.540001,65.129997,64.199997,65.080002,2423621,57.441292
2018-02-21,65.239998,65.379997,64.309998,64.949997,2473461,57.32655
2018-02-22,64.639999,65.279999,64.519997,65.099998,2664594,57.458946
2018-02-23,65.230003,65.290001,64.559998,64.889999,1874015,57.273594
2018-02-26,65.110001,65.160004,64.610001,64.870003,2018193,57.255943
2018-02-27,65.220001,65.82,64.93,65.519997,3175607,57.829643
2018-02-28,65.190002,66.040001,65.190002,65.370003,2975611,57.697258
2018-03-01,65.110001,65.199997,64.050003,64.709999,3389069,57.114719
2018-03-02,64.050003,64.260002,62.619999,62.880001,5513707,55.499516
2018-03-05,62.939999,63.330002,61.630001,62.060001,5342205,54.775764
2018-03-06,62.700001,63.32,62.439999,62.439999,3500809,55.11116
2018-03-07,62.209999,62.68,61.650002,62.490002,3006570,55.155293
2018-03-08,62.68,63.689999,62.310001,62.950001,3354021,55.561302
2018-03-09,62.970001,63.450001,62.560001,62.93,2565228,55.543648
2018-03-12,63.25,63.43,62.669998,62.880001,1972156,55.499516
2018-03-13,62.919998,63.560001,62.439999,62.580002,3248641,55.23473
2018-03-14,62.459999,62.599998,61.34,61.630001,3767349,54.396233
2018-03-15,61.869999,62.02,61.509998,61.810001,3499805,54.555107
2018-03-16,61.91,62.849998,61.759998,62.450001,7559838,55.119987
2018-03-19,62.41,62.759998,61.52,61.73,2812442,54.484493
2018-03-20,61.900002,62.34,61.48,61.599998,2957045,54.369751
2018-03-21,61.509998,61.82,60.869999,61.23,2937721,54.043182
2018-03-22,60.639999,61.150002,59.150002,60.110001,4860287,53.054642
2018-03-23,59.560001,59.560001,58.779999,59.240002,5100643,52.286758
2018-03-26,59.439999,59.5,58.43,58.880001,3416201,51.969013
2018-03-27,59.990002,60.139999,59.25,59.529999,3730771,52.542717
2018-03-28,58.77,60.02,58.43,60.02,4349077,52.975208
2018-03-29,60.52,60.860001,60.169998,60.169998,3588392,53.107597
2018-04-03,60.139999,60.279999,59.360001,59.689999,2706351,52.683937
2018-04-04,59.759998,59.889999,58.330002,59.439999,3378693,52.46328
2018-04-05,60.650002,61.470001,60.599998,61.099998,4095021,53.92844
2018-04-06,60.950001,60.990002,60.459999,60.57,3067661,53.460648
2018-04-09,60.799999,61.240002,60.689999,60.860001,2270491,53.71661
2018-04-10,61,61.68,60.919998,61.310001,2703839,54.113796
2018-04-11,61.119999,61.209999,60.689999,60.919998,2210888,53.769569
2018-04-12,61.150002,61.540001,60.950001,61.23,2279053,54.043182
2018-04-13,61.209999,62.139999,61.099998,61.450001,2949437,54.237362
2018-04-16,61.669998,61.790001,61.419998,61.540001,1786620,54.316799
2018-04-17,61.810001,62.23,61.700001,61.93,2576090,54.661022
2018-04-18,61.98,62.490002,61.93,62.240002,3066349,54.934635
2018-04-19,62.150002,62.82,62.029999,62.59,2401061,55.243553
2018-04-20,62.830002,63.369999,62.639999,63.209999,4200385,55.790783
2018-04-23,63.119999,63.959999,63.099998,63.900002,2792526,56.399796
2018-04-24,63.84,64.029999,63.380001,64,2986284,56.488056
2018-04-25,63.610001,63.869999,63.029999,63.5,3007775,56.046741
2018-04-26,63.369999,63.889999,63.130001,63.240002,3108985,55.817261
2018-04-27,63.349998,63.599998,62.810001,63.57,2478984,56.108528
2018-04-30,63.57,63.98,63.459999,63.98,2498616,56.470406
2018-05-02,64,64.370003,63.900002,64.349998,3328173,56.796974
2018-05-03,64.110001,64.18,62.869999,63.400002,3780046,55.958481
2018-05-04,61.77,62.669998,61.16,62.669998,5687364,55.314163
2018-05-07,62.650002,62.650002,61.880001,62.369999,2039671,55.049374
2018-05-08,62.23,62.48,61.419998,61.959999,3283381,54.6875
2018-05-09,62.009998,62.939999,62,62.650002,3701458,55.296513
2018-05-10,62.650002,62.860001,62.07,62.75,2100853,55.384773
2018-05-11,62.66,62.82,62.25,62.77,2205688,55.402424
2018-05-14,62.709999,62.98,62.57,62.880001,2143544,55.499516
2018-05-15,62.959999,63.369999,62.740002,63.189999,3066556,55.773129
2018-05-16,62.990002,63.080002,61.889999,62.27,3690239,54.961113
2018-05-17,62.279999,62.75,61.799999,62.18,3345709,54.88168
2018-05-18,62.099998,62.150002,61.419998,61.580002,5722010,54.352104
2018-05-21,61.75,61.869999,61.48,61.630001,1472129,54.396233
2018-05-22,61.799999,62.830002,61.709999,62.700001,5139935,55.340645
2018-05-23,62.560001,62.700001,61.509998,61.790001,4134195,54.537457
2018-05-24,62.02,62.279999,60.73,61.240002,3945234,54.05201
2018-05-25,61.52,61.57,59.810001,60.540001,5661706,53.434174
2018-05-28,61.41,61.59,59,59.889999,5840660,52.860466
2018-05-29,59,59.25,56.759998,57.220001,11368737,50.503853
2018-05-30,54.57,54.959999,53.599998,54.240002,9678749,50.541126
2018-05-31,54.389999,54.73,52.740002,53.060001,9226137,49.441593
2018-06-01,54.189999,54.369999,53.66,53.889999,7909224,50.214993
2018-06-04,54.700001,54.939999,53.860001,54.09,4939425,50.401352
2018-06-05,54.470001,54.470001,53.119999,53.119999,4499395,49.497501
2018-06-06,53.330002,53.860001,52.950001,53.689999,5162128,50.028629
2018-06-07,54.119999,54.889999,53.970001,54.110001,5064686,50.419991
2018-06-08,53.669998,53.830002,53.290001,53.700001,4269307,50.037949
2018-06-11,54.380001,54.75,53.919998,54.68,5148616,50.951118
2018-06-12,55.189999,55.209999,54.439999,54.66,3629546,50.93248
2018-06-13,54.790001,54.91,54.279999,54.509998,3822389,50.792709
2018-06-14,54.290001,55.25,54.110001,54.84,4640173,51.100208
2018-06-15,54.91,54.919998,53.279999,54.139999,8073005,50.447941
2018-06-18,54,54.310001,53.419998,53.950001,4662582,50.270901
2018-06-19,53.27,53.959999,52.990002,53.75,3760027,50.084538
2018-06-20,54.099998,54.299999,53.68,53.700001,3884870,50.037949
2018-06-21,53.849998,53.950001,52.970001,53.200001,4431027,49.572048
2018-06-22,53.200001,53.919998,53.200001,53.919998,3496265,50.242943
2018-06-25,53.450001,53.639999,52.849998,52.869999,2881300,49.264549
2018-06-26,53.34,53.369999,52.700001,52.740002,2791423,49.143417
2018-06-27,52.25,53.360001,51.610001,52.849998,4224546,49.245911
2018-06-28,52.549999,53.099998,52.330002,52.709999,3946413,49.115459
2018-06-29,53.34,53.98,53.009998,53.189999,4681110,49.562725
2018-07-02,52.700001,52.959999,51.98,52.939999,3132659,49.329777
2018-07-03,53.389999,54.009998,52.790001,53.189999,3194721,49.562725
2018-07-04,53.080002,53.400002,52.93,53.209999,2452826,49.581364
2018-07-05,53.279999,54.59,53.209999,54.139999,5152959,50.447941
2018-07-06,54.299999,54.43,53.52,53.860001,3275468,50.187038
2018-07-09,54.299999,54.389999,53.740002,53.91,2650792,50.233627
2018-07-10,54.040001,54.09,53.110001,53.41,3693935,49.767723
2018-07-11,53.09,53.139999,52.369999,52.59,3748213,49.003643
2018-07-12,52.799999,52.810001,52.049999,52.400002,3295926,48.826603
2018-07-13,52.59,52.709999,52.139999,52.380001,3957746,48.807968
2018-07-16,52.490002,53.119999,52.259998,52.529999,3606835,48.947735
2018-07-17,52.450001,52.59,51.990002,52.139999,3437814,48.584332
2018-07-18,52.27,52.330002,51.669998,52.07,3461549,48.519104
2018-07-19,51.93,52.32,51.619999,51.82,2837943,48.286156
2018-07-20,51.709999,51.91,51.220001,51.700001,4473749,48.174339
2018-07-23,51.84,52.349998,51.650002,52.119999,3345089,48.565697
2018-07-24,52.639999,53.970001,52.400002,53.529999,6301067,49.879539
2018-07-25,53.689999,53.860001,52.880001,53.169998,3486600,49.54409
2018-07-26,53.73,54,53.369999,53.84,3967848,50.1684
2018-07-27,54.02,54.959999,53.970001,54.799999,4493908,51.062935
2018-07-30,54.66,55.16,54.470001,55.099998,3384513,51.342476
2018-07-31,54.950001,56.09,54.950001,55.669998,4914992,51.873604
2018-08-01,56.93,56.939999,55.220001,55.41,3601972,51.631336
2018-08-02,55.279999,55.389999,54.009998,54.619999,4630867,50.89521
2018-08-03,54.700001,54.740002,54.060001,54.419998,3551675,50.708847
2018-08-06,54.529999,54.540001,53.68,54.029999,2733213,50.345444
2018-08-07,54.220001,54.790001,54.16,54.540001,2626191,50.820667
2018-08-08,54.5,54.700001,54.169998,54.400002,2312380,50.690212
2018-08-09,54.299999,54.299999,53.73,54.18,2173470,50.485214
2018-08-10,53.099998,53.099998,51.669998,52.560001,8728613,48.975693
2018-08-13,52,52.549999,51.900002,52.009998,5364145,48.463196
2018-08-14,52.349998,52.560001,51.529999,51.860001,4182375,48.323425
2018-08-15,52.119999,52.439999,51.02,51.400002,5365232,47.894798
2018-08-16,51.720001,51.98,51.240002,51.400002,3297606,47.894798
2018-08-17,51.459999,51.549999,50.389999,50.990002,4739511,47.512756
2018-08-20,51.16,51.610001,50.970001,51.18,2261066,47.6898
2018-08-21,51.18,52.07,51.09,51.779999,2958076,48.248882
2018-08-22,51.759998,52.169998,51.740002,52.07,3004340,48.519104
2018-08-23,52.110001,52.189999,51.75,52,2781509,48.45388
2018-08-24,51.990002,52.93,51.939999,51.970001,3103603,48.425926
2018-08-27,52.27,52.709999,51.950001,52.459999,1897983,48.882507
2018-08-28,52.540001,52.540001,51.939999,51.990002,3063155,48.444561
2018-08-29,52,52.110001,51.529999,52,2534451,48.45388
2018-08-30,51.869999,52.02,51.299999,51.299999,3326292,47.801617
2018-08-31,51.310001,51.380001,50.5,50.610001,1746732,47.158672
2018-09-03,50.549999,50.700001,50.369999,50.66,2031609,47.205261
2018-09-04,51.669998,51.68,50.169998,50.880001,4458807,47.410259
2018-09-05,50.669998,51.77,50.540001,51.110001,5947012,47.624573
2018-09-06,50.849998,51.779999,50.700001,50.990002,3691180,47.512756
2018-09-07,51.299999,51.310001,50.060001,50.450001,4874705,47.009583
2018-09-10,50.310001,51.189999,50.169998,50.610001,3924237,47.158672
2018-09-11,50.880001,51.049999,50.240002,50.630001,3365232,47.177307
2018-09-12,50.68,50.759998,50.330002,50.599998,3203164,47.149349
2018-09-13,50.75,51.580002,50.68,51.290001,4575342,47.792297
2018-09-14,51.779999,51.98,51.32,51.540001,3868686,48.025249
2018-09-17,51.5,52.060001,51.43,51.830002,3381613,48.295475
2018-09-18,51.84,52.200001,51.599998,51.889999,3376905,48.351379
2018-09-19,52.02,53.09,51.950001,52.959999,5603455,49.348412
2018-09-20,53.09,54.400002,53.080002,54.310001,8393632,50.60635
2018-09-21,54.630001,55.34,54.279999,54.529999,10704007,50.811344
2018-09-24,54.400002,54.720001,54.009998,54.580002,3552931,50.857941
2018-09-25,54.740002,55.080002,54.669998,54.68,3849947,50.951118
2018-09-26,54.77,54.990002,54.52,54.630001,3275528,50.90453
2018-09-27,54.240002,54.619999,53.619999,54.470001,3796601,50.75544
2018-09-28,53.630001,53.82,51.619999,52.709999,7243403,49.115459
2018-10-01,52.509998,52.66,51.66,51.990002,4618928,48.444561
2018-10-02,51.509998,52.34,50.959999,51.98,4392851,48.435242
2018-10-03,52.41,52.66,51.990002,52.139999,4446131,48.584332
2018-10-04,52.049999,52.75,52.009998,52.299999,4827402,48.733421
2018-10-05,52.330002,52.400002,51.799999,51.849998,3177010,48.314106
2018-10-08,51.509998,51.650002,50.810001,51.150002,3256327,47.661846
2018-10-09,51.369999,51.68,50.560001,51.23,3601474,47.736389
2018-10-10,51.130001,52.310001,51.07,51.470001,4477667,47.960022
2018-10-11,50.93,51.18,50.150002,50.189999,6919141,46.767311
2018-10-12,50.900002,50.990002,49.755001,49.915001,3960271,46.511066
2018-10-15,49.805,50.029999,49.325001,49.5,3597261,46.124367
2018-10-16,49.639999,49.834999,49.18,49.720001,4059102,46.329365
2018-10-17,49.860001,50.139999,49.355,49.599998,3722126,46.217545
2018-10-18,49.375,50.080002,49.075001,49.224998,4626619,45.868118
2018-10-19,49.040001,49.215,47.900002,48.724998,5717691,45.402214
2018-10-22,49.215,49.685001,48.075001,48.305,4119480,45.01086
2018-10-23,47.66,48.174999,47.345001,47.560001,5277244,44.316666
2018-10-24,47.560001,47.564999,46.294998,46.459999,5811160,43.291676
2018-10-25,46.365002,47.549999,46.279999,47.154999,5330443,43.939281
2018-10-26,46.814999,47.145,46.27,46.880001,5378223,43.683037
2018-10-29,47.099998,47.799999,47,47.474998,3302491,44.237457
2018-10-30,46.700001,46.705002,45.299999,46.145,7633887,42.998158
2018-10-31,46.099998,46.900002,45.939999,46.130001,7321176,42.984184
2018-11-01,45.599998,46.695,45.599998,46.255001,5037962,43.100658
2018-11-02,46.91,47.395,46.525002,46.605,4950331,43.426788
2018-11-05,46.615002,46.880001,46.334999,46.470001,2665589,43.300999
2018-11-06,46.48,46.654999,46.075001,46.43,2952380,43.263725
2018-11-07,46.564999,47.009998,46.564999,46.744999,3875048,43.55724
2018-11-08,46.799999,47.18,46.360001,46.799999,4011145,43.60849
2018-11-09,46.330002,46.639999,45.685001,46.365002,3442445,43.203159
2018-11-12,46.599998,46.599998,45.52,45.595001,3833196,42.485668
2018-11-13,45.794998,46.355,45.575001,46.224998,3850120,43.072701
2018-11-14,46.035,46.555,45.459999,46.044998,3969640,42.904976
2018-11-15,46.275002,46.41,45.130001,45.494999,4729385,42.392483
2018-11-16,45.705002,46.084999,44.875,45.195,5208591,42.112942
2018-11-19,45.355,45.779999,45.235001,45.285,3244791,42.196808
2018-11-20,45.16,45.244999,44.285,44.305,4197264,41.283638
2018-11-21,44.654999,45.025002,44.389999,44.790001,3603115,41.735565
2018-11-22,44.560001,44.605,43.724998,44.285,3524320,41.264999
2018-11-23,44.505001,44.849998,44.110001,44.360001,2517027,41.334888
2018-11-26,44.860001,45.744999,44.855,45.34,5098594,42.248055
2018-11-27,45.349998,45.560001,44.724998,45.084999,3667016,42.010445
2018-11-28,45.200001,45.355,44.59,44.755001,3626844,41.70295
2018-11-29,45.154999,45.294998,44.605,44.775002,3518226,41.721588
2018-11-30,44.915001,44.915001,44.02,44.375,3435139,41.348862
2018-12-03,45.264999,45.34,44.619999,44.845001,3980529,41.786812
2018-12-04,44.470001,44.759998,43.860001,43.860001,3685207,40.868984
2018-12-05,43.52,43.855,42.715,43.419998,3785875,40.458988
2018-12-06,42.91,43,41.599998,41.785,5681412,38.935486
2018-12-07,42.02,42.900002,41.595001,41.595001,4154885,38.758446
2018-12-10,41.415001,41.764999,40.384998,40.400002,5652008,37.644939
2018-12-11,40.615002,41.264999,40.294998,40.68,4980366,37.905842
2018-12-12,40.860001,42.16,40.740002,41.904999,7031008,39.047302
2018-12-13,42.5,42.91,42.040001,42.189999,6246238,39.312866
2018-12-14,42.02,42.044998,40.945,41.595001,4274207,38.758446
2018-12-17,41.470001,41.509998,40.485001,40.580002,4369900,37.812664
2018-12-18,40.5,41.215,40.334999,40.555,5427091,37.789368
2018-12-19,40.970001,41.18,40.764999,40.880001,4508538,38.092205
2018-12-20,40.014999,40.299999,39.400002,39.400002,7228081,36.713135
2018-12-21,39.43,39.580002,38.715,39.5,10927531,36.806313
2018-12-24,39.174999,39.215,38.709999,38.790001,1161447,36.14473
2018-12-27,39.66,39.799999,38.18,38.544998,4383597,35.916435
2018-12-28,38.759998,39.575001,38.665001,39.375,3343656,36.689838
2018-12-31,39.509998,39.849998,39.200001,39.474998,1055466,36.783016
