date,AI.PA,BN.PA,DG.PA,BNP.PA,SAF.PA
28/12/2012,62.262932,40.969456,28.360119,31.265284,28.416075
02/01/2013,63.60104,42.040173,29.269838,32.834641,29.098476
03/01/2013,63.163803,41.600269,29.396961,32.834641,29.067862
04/01/2013,63.230049,41.50066,29.492302,32.779255,29.028488
07/01/2013,62.706741,41.160358,29.210253,33.388531,28.774771
08/01/2013,62.501419,41.272408,29.1308,33.746712,28.787899
09/01/2013,62.335773,41.17696,29.476419,33.7061,29.045986
10/01/2013,61.713127,41.434265,29.357237,33.658096,28.967245
11/01/2013,61.408386,41.168655,29.472441,33.875957,29.006618
14/01/2013,61.673298,40.853256,29.583673,33.702404,29.045986
15/01/2013,61.044003,41.363708,29.63134,32.664787,28.731033
16/01/2013,61.408386,41.459164,29.643263,32.650013,29.247213
17/01/2013,61.428238,41.542168,30.028597,33.695023,29.487803
18/01/2013,61.163246,41.342964,29.945179,34.145519,29.706526
21/01/2013,61.819035,41.782871,30.159691,34.304306,29.518427
22/01/2013,61.885281,41.940571,30.084221,34.189831,29.662773
23/01/2013,62.044285,42.43858,30.016684,33.318375,29.693396
24/01/2013,62.137028,42.994682,30.112024,34.012585,29.724018
25/01/2013,62.468262,43.011288,30.584759,34.463081,30.139587
28/01/2013,61.54089,42.778881,30.334486,35.201603,30.301441
29/01/2013,61.911781,43.16069,30.370243,34.891422,30.318935
30/01/2013,62.34901,43.227093,30.100105,34.123363,29.964613
31/01/2013,62.362267,42.36388,29.814085,34.127056,29.584032
01/02/2013,63.567959,42.52158,30.175585,34.529552,29.833376
04/02/2013,61.527641,41.749668,28.781214,33.008194,29.089731
05/02/2013,61.92503,41.467457,29.091084,33.621166,29.702147
06/02/2013,60.944668,41.413513,28.129715,32.764481,29.487803
07/02/2013,60.116623,41.674965,27.859581,32.173668,29.387188
08/02/2013,60.712761,42.322384,28.205194,32.934345,29.522797
11/02/2013,60.580261,42.247669,28.125744,33.048813,29.22097
12/02/2013,60.620014,41.791168,28.53492,33.997818,29.15535
13/02/2013,61.077156,41.799465,28.276701,33.857494,29.255959
14/02/2013,60.129871,41.807766,28.391905,34.525856,29.610285
15/02/2013,59.692642,41.608566,27.811913,33.975658,29.933987
18/02/2013,59.228924,41.658367,28.014511,33.514084,29.964613
19/02/2013,60.196121,44.115211,28.451494,33.695023,31.018841
20/02/2013,60.017208,44.040504,27.986706,32.882652,30.682005
21/02/2013,59.440914,43.492695,27.406706,31.387148,29.745895
22/02/2013,61.381897,44.397411,28.292585,32.221672,29.916494
25/02/2013,61.467972,44.588318,28.562723,32.26598,30.297066
26/02/2013,60.321945,43.310097,27.649031,30.77417,30.04335
27/02/2013,61.527641,43.949203,28.284645,31.870876,30.44142
28/02/2013,61.739532,44.148407,28.165462,31.833946,30.690758
01/03/2013,62.521248,44.082005,28.109852,31.29113,31.622507
04/03/2013,62.799496,44.372509,28.125744,31.387148,31.500025
05/03/2013,63.468529,45.484726,28.654093,32.299221,31.67063
06/03/2013,62.799496,44.903717,28.554777,31.771175,31.793104
07/03/2013,62.918732,45.932938,28.753405,31.649319,31.548145
08/03/2013,63.01807,46.298138,29.059294,32.945423,31.018841
11/03/2013,62.825993,45.982731,28.995726,32.78664,30.90073
12/03/2013,63.084301,46.074039,28.99176,32.613091,30.703888
13/03/2013,63.700455,45.81673,28.995726,32.288139,31.272556
14/03/2013,64.051506,46.198544,29.087109,32.686939,31.053833
15/03/2013,63.773277,45.725437,28.749437,32.487541,31.587505
18/03/2013,63.760033,45.692234,28.376019,31.571772,31.933088
19/03/2013,63.501709,45.434929,28.054239,30.246128,31.412535
20/03/2013,64.495323,45.493027,28.383965,31.195129,31.141319
21/03/2013,63.14397,45.144421,27.974785,31.032658,31.211313
22/03/2013,63.302963,45.194221,27.907249,30.408602,31.228813
25/03/2013,62.402016,44.795818,27.879452,29.485449,30.988218
26/03/2013,62.580921,45.17762,28.415745,29.810398,31.049463
27/03/2013,62.468262,44.66301,27.891361,29.297129,30.585773
28/03/2013,62.786236,45.05312,27.923145,29.570385,30.44142
02/04/2013,64.011765,45.725437,28.284645,30.22397,31.819351
03/04/2013,63.548038,45.493027,28.054239,29.611,31.320675
04/04/2013,63.369213,45.410027,28.082048,29.415295,30.821989
05/04/2013,62.527908,44.970123,27.887388,28.998028,30.143955
08/04/2013,61.759449,45.044819,27.974785,28.920486,30.183331
09/04/2013,61.666718,44.447212,28.093966,29.071878,30.218323
10/04/2013,62.170193,44.546814,28.602451,30.622776,30.616398
11/04/2013,62.017776,44.887119,28.820944,30.99942,30.975096
12/04/2013,61.434895,45.044819,28.49122,30.076265,30.655766
15/04/2013,61.269226,45.202518,28.376019,29.784552,30.502663
16/04/2013,61.156662,46.215141,28.177389,29.629459,30.07835
17/04/2013,60.083466,45.750332,27.506021,28.281662,29.710894
18/04/2013,61.057243,46.978752,27.43054,28.277969,30.100214
19/04/2013,61.792549,48.73838,27.474243,28.776468,30.590157
22/04/2013,61.342148,48.663681,27.529863,28.772778,30.629519
23/04/2013,62.746498,49.44389,28.271017,30.323673,32.344288
24/04/2013,63.263214,49.178288,28.975115,30.862795,32.248047
25/04/2013,62.468262,48.464481,29.234522,30.870176,32.772976
26/04/2013,63.097561,47.825363,30.226847,30.707705,33.004814
29/04/2013,63.859432,48.887783,30.671541,31.276361,33.079185
30/04/2013,63.673939,48.149067,30.107439,31.246822,32.624249
02/05/2013,63.39571,48.88969,30.185667,31.660397,32.807972
03/05/2013,64.448982,48.983337,30.758005,32.413689,33.157921
06/05/2013,64.713974,48.923744,30.712711,32.417377,32.939198
07/05/2013,64.674232,49.196159,31.013294,33.196522,32.904205
08/05/2013,64.740486,49.919758,31.252115,32.974964,33.188545
09/05/2013,64.588066,49.391956,31.169754,32.893726,33.818451
10/05/2013,64.766983,49.817604,31.04212,32.989731,34.334633
13/05/2013,64.800056,50.07299,30.922714,32.609394,34.304012
14/05/2013,64.86631,50.183659,31.05447,33.266678,34.557732
15/05/2013,64.839798,50.124065,31.19035,33.787331,34.684582
16/05/2013,65.616776,50.115559,31.058588,33.861187,35.222633
17/05/2013,66.526688,49.468571,31.313881,34.333843,35.091404
20/05/2013,66.704582,50.370941,31.655636,34.492626,35.292625
21/05/2013,66.567757,50.081501,31.733866,34.706268,35.800053
22/05/2013,66.540382,50.200684,31.305639,35.137379,35.598827
23/05/2013,65.774193,49.630318,30.679777,34.168335,35.37574
24/05/2013,66.328331,49.391956,30.877417,33.741039,35.314499
27/05/2013,66.738831,49.928276,31.182123,34.416321,35.366985
28/05/2013,67.087723,50.702946,32.36797,35.129749,36.101883
29/05/2013,66.342003,49.715443,32.405022,34.542221,35.900669
30/05/2013,67.026184,49.034416,32.940304,34.81691,36.342484
31/05/2013,67.970268,48.302303,32.689133,34.584187,35.953167
03/06/2013,67.778694,47.714909,32.524433,34.565109,35.877602
04/06/2013,66.998825,48.259735,32.7756,34.515514,35.579807
05/06/2013,66.417229,47.127522,31.935629,34.076771,35.468685
06/06/2013,65.883659,48.097996,31.758572,33.348087,35.335346
07/06/2013,66.417229,48.813072,32.767357,33.908909,35.277565
10/06/2013,66.601997,48.898205,32.672661,33.49688,36.002048
11/06/2013,66.143562,48.26825,32.199146,32.875008,35.446461
12/06/2013,66.177811,48.71944,31.836805,32.470608,35.802048
13/06/2013,66.116272,48.642818,31.787399,33.000908,36.082054
14/06/2013,65.616776,48.2342,31.783281,33.0238,36.410957
17/06/2013,66.403542,49.562218,32.248562,33.38242,36.873207
18/06/2013,66.458275,49.034416,32.318558,33.672371,36.664307
19/06/2013,66.273598,49.281288,31.952099,33.317562,36.535412
20/06/2013,63.913239,46.923206,30.881533,31.890701,35.522018
21/06/2013,63.407036,47.868145,30.313313,31.07045,35.21978
24/06/2013,62.46286,46.897675,29.790388,30.631712,34.513077
25/06/2013,63.318047,46.897675,30.959774,31.516825,35.233116
26/06/2013,64.159538,47.706394,31.696808,32.375225,35.597576
27/06/2013,64.788986,48.634304,31.960333,32.462971,36.042049
28/06/2013,64.905327,49.085491,31.750332,32.028049,35.668705
01/07/2013,64.925812,48.923744,32.157974,32.359962,36.042049
02/07/2013,64.624771,48.17461,31.869747,32.287476,36.139835
03/07/2013,64.542671,46.82106,31.416819,31.535894,36.064274
04/07/2013,65.507317,48.029888,32.23621,33.046688,37.144341
05/07/2013,64.33062,47.2467,31.626808,32.775818,36.904324
08/07/2013,65.29528,47.765991,32.347378,33.672371,37.535469
09/07/2013,65.993126,47.970299,32.133266,33.50069,37.877712
10/07/2013,65.876778,48.515129,32.252674,33.649479,37.877712
11/07/2013,66.86879,48.676872,32.81678,33.668556,38.046608
12/07/2013,66.615677,48.523636,32.388557,33.580807,37.917709
15/07/2013,66.766197,48.830109,32.594437,33.901276,38.295517
16/07/2013,66.417229,48.336357,32.400906,33.409126,37.913269
17/07/2013,66.841423,48.864155,32.528557,33.660923,37.691036
18/07/2013,67.34082,49.247234,32.615025,34.259903,38.446632
19/07/2013,67.689796,48.85564,32.697369,34.336205,38.468857
22/07/2013,67.532394,49.068466,32.993832,34.90847,38.69109
23/07/2013,67.032982,48.864155,32.68502,34.835987,38.402184
24/07/2013,67.525589,49.723961,33.191479,36.075905,37.824375
25/07/2013,67.162941,49.102516,33.203827,36.438343,38.219955
26/07/2013,67.354507,48.915234,33.310879,36.73592,38.419964
29/07/2013,66.622475,50.456066,33.319111,36.789333,38.642197
30/07/2013,68.996521,50.779564,33.640293,36.51083,38.91777
31/07/2013,68.26442,50.566738,33.426174,37.109802,39.237789
01/08/2013,68.825447,51.137108,33.669098,37.960575,39.46891
02/08/2013,68.962265,51.409515,33.60323,37.582882,39.353355
05/08/2013,68.722855,50.583763,33.487942,37.69352,38.953331
06/08/2013,68.312347,50.762531,33.105007,37.456982,38.473301
07/08/2013,68.654442,50.609303,32.940304,37.838497,38.291069
08/08/2013,68.688606,50.285812,33.652637,38.105556,38.802212
09/08/2013,69.167519,50.447559,33.693813,37.972023,38.579975
12/08/2013,69.064949,50.328373,33.842045,38.113186,38.273293
13/08/2013,69.988541,50.805099,34.014984,38.265789,37.953274
14/08/2013,70.022713,50.396481,34.352615,38.319202,38.215504
15/08/2013,70.022713,50.200684,34.192039,38.048332,38.046608
16/08/2013,71.014717,50.456066,34.340275,38.845695,38.0555
19/08/2013,70.433205,50.149605,33.887344,37.97966,38.313297
20/08/2013,69.885864,49.502625,33.253242,37.415012,37.77549
21/08/2013,69.851707,49.49411,33.183235,37.235706,38.459965
22/08/2013,71.254219,49.706936,33.500294,38.048332,38.824432
23/08/2013,71.904152,49.783546,33.413818,38.342094,38.971104
26/08/2013,72.075142,49.792061,33.385002,37.781269,38.766651
27/08/2013,70.467453,48.872669,32.598553,36.445969,38.135506
28/08/2013,69.270203,48.5662,32.396793,36.869453,37.522137
29/08/2013,69.167519,48.744972,32.475018,36.922863,37.77549
30/08/2013,68.079735,47.961784,32.174446,36.178917,37.348789
02/09/2013,69.099106,48.310814,32.800316,37.350159,38.011047
03/09/2013,69.064949,47.842606,32.767357,36.831299,38.086609
04/09/2013,69.167519,47.689377,32.960888,36.995354,38.059944
05/09/2013,68.168709,47.425472,33.265587,37.239517,38.291069
06/09/2013,69.064949,47.842606,33.817337,37.95295,38.717758
09/09/2013,68.962265,47.067932,33.739109,37.781269,38.766651
10/09/2013,70.193794,47.970299,34.163212,38.715981,39.202232
11/09/2013,70.091125,47.638294,34.377319,38.723606,39.157787
12/09/2013,69.714867,47.740452,34.410263,38.525219,38.668869
13/09/2013,69.885864,47.714909,34.595554,38.197117,38.882214
16/09/2013,70.159531,47.893681,34.846722,38.601524,39.491138
17/09/2013,69.543785,48.021374,34.83437,38.471806,39.451134
18/09/2013,71.048965,48.5662,34.70673,38.55574,39.602253
19/09/2013,71.254219,49.13657,35.398476,38.876213,39.82449
20/09/2013,71.596298,49.17062,35.497292,38.731236,40.188946
23/09/2013,71.08313,48.864155,35.056721,38.784653,38.873325
24/09/2013,71.08313,48.872669,35.382,38.983036,39.606697
25/09/2013,71.117378,48.310814,35.435532,39.204319,39.726707
26/09/2013,71.391052,47.825581,35.649643,38.792282,39.917828
27/09/2013,70.672714,47.195625,35.600235,38.830433,40.691208
30/09/2013,70.433205,47.365879,35.38612,38.151337,40.477863
01/10/2013,70.364792,47.510601,36.119041,38.799911,41.113453
02/10/2013,69.133369,46.804024,35.913166,39.005924,41.091225
03/10/2013,68.825447,46.659313,35.90905,38.593895,40.451191
04/10/2013,68.928116,47.221161,36.238453,39.005924,40.677872
07/10/2013,68.586021,46.659313,36.147869,38.960144,40.620083
08/10/2013,68.107101,45.969765,36.209633,38.570999,40.668987
09/10/2013,67.375076,45.118473,36.242569,39.295876,40.206734
10/10/2013,68.189194,45.467499,37.28019,40.737999,40.891212
11/10/2013,68.380775,45.16103,37.465473,40.745628,40.913441
14/10/2013,68.654442,45.527088,37.337833,40.974537,40.846775
15/10/2013,69.133369,45.152523,38.054283,41.333157,40.486752
16/10/2013,68.586021,44.122459,38.165466,41.432354,39.540028
17/10/2013,69.235939,44.735386,38.276634,41.394203,39.513359
18/10/2013,69.578033,45.603703,38.527805,41.432354,40.593422
21/10/2013,69.920128,45.458988,38.601917,41.02795,40.935658
22/10/2013,70.159531,46.148537,39.005447,41.34079,41.451248
23/10/2013,70.262215,46.429459,38.918964,40.440414,41.775715
24/10/2013,69.030693,46.676334,39.215431,41.348423,41.793491
25/10/2013,69.646454,47.076439,39.618954,40.707478,41.660145
28/10/2013,69.714867,47.28075,38.89838,40.219143,41.522366
29/10/2013,69.304352,47.459522,38.997204,40.829559,41.886829
30/10/2013,68.41494,46.165558,38.737801,40.264923,42.166843
31/10/2013,68.620201,46.497559,38.906616,41.615475,41.846832
01/11/2013,68.449188,46.233665,38.976612,41.317898,41.811264
04/11/2013,68.825447,45.850582,39.219551,41.188183,42.006836
05/11/2013,68.408134,45.476013,39.009552,40.615917,41.70459
06/11/2013,68.757027,45.790993,39.277191,40.753258,42.246849
07/11/2013,68.367081,45.629246,38.750149,40.91349,42.193516
08/11/2013,68.134468,45.731403,38.606045,40.516716,42.135735
11/11/2013,68.722855,46.071915,39.022682,40.860085,42.357971
12/11/2013,68.449188,45.935711,39.189335,40.646435,42.166843
13/11/2013,67.963463,45.9953,38.697693,40.371746,42.082394
14/11/2013,68.825447,46.437973,39.580982,41.531548,42.700211
15/11/2013,69.270203,46.846592,39.297657,41.569698,41.051228
18/11/2013,69.680611,47.416958,39.389324,41.775711,41.495693
19/11/2013,69.304352,47.263729,38.514381,41.043213,41.277901
20/11/2013,69.749046,47.093468,38.08107,41.134769,41.157898
21/11/2013,69.304352,46.53162,38.622692,41.287376,41.420139
22/11/2013,69.543785,46.701874,38.435207,41.714672,41.51347
25/11/2013,69.851707,46.727409,38.939342,41.913059,42.135735
26/11/2013,69.714867,45.782478,39.172672,41.836758,42.802441
27/11/2013,70.227959,45.6633,39.397655,41.935951,43.242466
28/11/2013,70.227959,45.697346,39.635147,42.11908,43.36692
29/11/2013,70.193794,45.527088,39.43515,42.15723,43.073574
02/12/2013,70.125381,45.441959,39.380989,42.035141,43.664711
03/12/2013,68.449188,44.607697,38.651871,40.692219,42.642433
04/12/2013,68.189194,44.556618,38.535206,40.234406,42.211292
05/12/2013,67.56665,44.531078,37.497772,39.562931,42.069061
06/12/2013,67.375076,44.539593,37.78109,40.440414,42.655758
09/12/2013,67.156136,44.462978,37.939411,40.730366,43.193573
10/12/2013,66.745628,44.062866,37.868584,40.638805,42.500195
11/12/2013,67.019295,43.833023,37.856087,40.463306,42.935783
12/12/2013,66.643051,43.798965,38.039402,40.325966,42.726871
13/12/2013,66.991943,43.475475,37.76025,40.50909,42.820217
16/12/2013,67.689796,43.926655,38.281059,41.142403,43.996449
17/12/2013,66.800369,43.049835,37.231113,40.242031,43.430779
18/12/2013,67.525589,43.13496,37.322781,41.050838,43.852783
19/12/2013,68.401253,43.688301,38.393551,41.462875,44.229897
20/12/2013,68.408134,43.44994,38.589371,41.852016,44.180515
23/12/2013,68.360207,43.475475,39.147667,42.531116,44.51273
24/12/2013,68.586021,43.586147,39.143497,42.47007,44.746178
27/12/2013,69.714867,44.207588,39.718479,43.049965,45.253487
30/12/2013,69.885864,44.48851,39.735138,43.095745,45.06493
31/12/2013,70.330627,44.539593,39.764297,43.225468,45.352257
02/01/2014,69.064949,43.807484,39.476822,42.378506,45.154724
03/01/2014,69.475441,43.994766,39.722637,42.485332,45.971802
06/01/2014,68.072929,43.569118,39.785133,42.554001,46.321972
07/01/2014,67.012512,44.113945,40.16428,43.774841,46.115463
08/01/2014,67.573441,43.560608,40.610085,44.400528,45.908947
09/01/2014,67.197189,43.245628,39.968456,43.660393,45.882004
10/01/2014,67.689796,43.645741,40.043453,43.767212,46.241161
13/01/2014,67.436607,43.688301,40.16428,44.2174,46.268101
14/01/2014,67.087723,43.935177,39.668476,44.057167,47.10313
15/01/2014,67.334015,44.028816,40.672581,45.445869,48.135708
16/01/2014,67.320328,43.51804,40.93507,44.637062,47.812462
17/01/2014,67.573441,43.151985,40.61842,44.041901,47.938175
20/01/2014,67.443489,43.466969,40.835075,43.957966,47.992046
21/01/2014,67.539276,44.360821,40.589252,44.789673,48.24345
22/01/2014,67.375076,45.101444,40.589252,44.850712,48.647499
23/01/2014,66.889359,44.454464,40.335102,44.621803,48.072849
24/01/2014,65.007919,43.254143,39.810139,43.240726,46.914581
27/01/2014,64.679512,43.296707,40.16428,43.492523,46.941509
28/01/2014,64.426407,42.785931,41.126724,44.423424,48.126728
29/01/2014,64.207466,42.275158,40.630909,44.25555,47.579014
30/01/2014,64.0159,42.083618,40.793407,44.4692,47.525143
31/01/2014,63.762707,41.71756,40.46843,43.835884,47.372501
03/02/2014,63.550663,41.989971,39.56015,42.538738,47.390453
04/02/2014,63.762707,41.457916,40.168446,43.347549,46.815811
05/02/2014,63.97485,41.564323,39.972622,43.797737,46.914581
06/02/2014,64.775291,42.415615,42.164158,44.812561,47.498203
07/02/2014,66.020409,42.224075,42.547462,45.407719,48.234474
10/02/2014,66.86879,42.590126,42.280819,45.026207,47.830429
11/02/2014,67.457176,42.819981,43.305763,46.041035,48.440987
12/02/2014,67.477676,42.598648,43.322426,46.43018,48.180599
13/02/2014,68.086624,42.939163,43.522408,45.247486,48.117748
14/02/2014,68.41494,42.871063,43.81406,44.827827,48.854012
17/02/2014,67.956581,42.964699,43.697403,44.598911,48.72831
18/02/2014,67.121895,42.888088,43.930721,44.545502,48.315289
19/02/2014,67.552963,43.381836,43.580742,44.545502,48.045918
20/02/2014,67.443489,44.011795,43.430744,44.652321,47.076199
21/02/2014,67.50502,43.373318,44.172371,44.736263,46.690113
24/02/2014,67.895042,43.364807,44.714008,45.278008,45.729366
25/02/2014,67.97715,43.739376,44.955666,45.400093,45.522858
26/02/2014,67.812935,43.78194,44.589012,45.049099,44.481308
27/02/2014,67.895042,43.688301,45.15564,45.133038,44.773121
28/02/2014,68.250732,43.569118,45.105648,45.369568,45.801201
03/03/2014,66.574638,42.470947,43.689068,43.698544,45.352257
04/03/2014,68.48336,43.628708,44.714008,45.08725,45.908947
05/03/2014,68.182396,43.16901,45.130646,45.29327,44.894341
06/03/2014,67.594009,43.16901,44.963989,45.400093,44.660881
07/03/2014,67.402443,43.015778,44.380692,44.61417,44.176022
10/03/2014,67.525589,42.905113,44.647343,44.797298,43.282623
11/03/2014,67.388756,42.84552,44.697334,44.293701,43.30957
12/03/2014,66.643051,42.202797,44.772335,43.843513,42.541874
13/03/2014,65.678413,42.126183,44.205704,43.065228,42.200676
14/03/2014,65.08313,42.036797,43.639072,42.164856,42.052525
17/03/2014,65.39785,42.351776,44.272362,43.202576,43.058159
18/03/2014,65.993126,42.46244,44.705677,43.996124,43.390377
19/03/2014,65.562057,42.530544,44.414032,43.225468,44.072762
20/03/2014,65.746819,42.083618,44.747334,43.400963,44.862907
21/03/2014,66.77301,42.070847,44.214039,43.477264,45.226551
24/03/2014,65.993126,42.381565,43.680737,42.683716,45.073914
25/03/2014,66.957779,43.926655,44.580681,43.39333,45.549793
26/03/2014,67.388756,44.497028,44.755676,43.095745,45.190643
27/03/2014,67.375076,44.190563,45.030659,42.485332,45.172676
28/03/2014,67.765015,44.394875,45.238979,42.805798,45.06493
31/03/2014,67.265602,43.696815,44.922329,42.721863,45.154724
01/04/2014,67.053543,43.466969,45.43063,43.874039,45.370213
02/04/2014,67.067238,43.628708,45.030659,44.232662,44.862907
03/04/2014,67.080933,43.679787,45.188984,44.72863,45.935879
04/04/2014,67.833427,43.918152,45.622284,45.308529,46.321972
07/04/2014,67.388756,44.037327,44.955666,44.446308,44.939232
08/04/2014,67.806061,45.084415,44.922329,43.965603,43.403839
09/04/2014,67.354507,45.06739,45.330639,43.416222,43.83033
10/04/2014,67.443489,44.820518,44.897335,42.82869,44.185001
11/04/2014,66.766197,44.854568,44.805668,41.981731,43.502609
14/04/2014,67.032982,45.518574,44.22237,41.737568,42.887554
15/04/2014,66.759315,45.34832,43.839054,40.860085,42.631653
16/04/2014,67.477676,45.356831,44.997326,41.409466,43.996449
17/04/2014,67.552963,44.871597,45.080647,41.577324,44.589046
22/04/2014,68.893852,44.70985,45.538948,42.477699,44.696796
23/04/2014,68.586021,44.454464,44.997326,41.935951,43.062637
24/04/2014,70.262215,44.437443,45.105648,42.56163,43.138966
25/04/2014,70.433205,44.335278,45.804699,42.027512,43.026726
28/04/2014,70.741051,44.77795,46.162746,42.019886,42.918987
29/04/2014,70.706879,45.186577,46.912945,42.653194,42.64064
30/04/2014,70.535873,45.254681,46.324718,41.287376,43.498119
01/05/2014,70.535873,45.254681,46.324718,41.287376,43.498119
02/05/2014,70.672714,44.565132,46.111599,40.043644,43.165897
05/05/2014,70.535873,44.6758,46.3162,40.028378,43.00877
06/05/2014,70.091125,44.480003,46.128647,39.524784,42.649612
07/05/2014,70.91214,44.725174,46.145695,40.074162,42.209656
08/05/2014,71.664719,45.42564,46.546368,40.844818,42.407192
09/05/2014,71.767311,45.775879,46.427017,40.425152,42.770828
12/05/2014,72.348816,46.021046,46.665722,40.661694,43.089581
13/05/2014,72.040977,47.544571,46.444069,40.486202,43.673203
14/05/2014,72.554062,47.877289,46.3503,40.348858,43.727085
15/05/2014,72.759315,47.929829,45.284668,39.807098,42.923466
16/05/2014,74.42897,48.201263,45.438126,40.051273,42.339844
19/05/2014,74.534798,48.350113,45.770596,39.829994,42.613705
20/05/2014,74.287933,47.553329,45.617146,40.599884,42.483513
21/05/2014,74.499489,47.63213,45.540424,40.065674,42.847149
22/05/2014,74.957893,47.439499,45.745022,40.584175,42.600231
23/05/2014,74.746338,47.2206,45.91552,41.024113,43.269161
26/05/2014,75.239983,47.457012,46.239475,41.236221,43.754013
27/05/2014,75.239983,47.281891,46.3162,41.314781,44.337646
28/05/2014,75.134163,47.36945,46.478172,41.684017,44.598026
29/05/2014,75.134163,47.938583,46.40144,41.361919,45.030094
30/05/2014,75.345711,47.833515,46.290623,40.356346,45.284782
02/06/2014,75.426125,47.816006,46.418491,40.128529,45.480358
03/06/2014,75.371811,47.710938,46.392925,39.994972,45.266586
04/06/2014,75.472633,47.570835,46.546368,40.458477,45.148342
05/06/2014,75.790619,47.842274,47.202793,40.442764,46.007919
06/06/2014,76.318069,47.44825,48.063816,40.780575,46.62645
09/06/2014,76.822289,47.772224,48.276943,41.102673,46.053402
10/06/2014,76.690453,48.104946,48.345142,40.969116,46.098892
11/06/2014,76.830086,47.728443,47.970043,40.332783,45.28933
12/06/2014,76.4422,47.238113,48.132019,40.427052,45.371201
13/06/2014,76.333656,46.555149,47.90184,40.458477,44.679897
16/06/2014,75.736313,46.345009,47.475594,40.521328,44.461594
17/06/2014,76.636147,46.756538,47.552322,41.016251,45.020996
18/06/2014,76.480995,46.852848,47.526749,40.843422,44.884556
19/06/2014,76.830086,47.273136,48.464485,41.000542,44.861816
20/06/2014,76.581841,47.299404,47.952995,40.214939,44.693542
23/06/2014,75.899254,46.957928,47.654613,40.034252,43.783924
24/06/2014,76.426689,47.465767,47.083447,39.751434,43.297291
25/06/2014,75.899254,46.896633,46.972614,39.067959,43.129009
26/06/2014,75.286476,47.877289,46.972614,38.600529,43.26091
27/06/2014,75.573463,47.719688,46.921474,38.81657,44.120495
30/06/2014,76.480995,47.492035,46.546368,38.922623,43.492859
01/07/2014,77.318718,48.23629,46.409969,40.324921,43.524696
02/07/2014,77.256699,48.052414,46.3503,40.073528,42.669662
03/07/2014,78.420204,48.78791,46.213898,40.262077,43.051704
04/07/2014,78.808006,48.551502,46.111599,39.437195,43.206329
07/07/2014,77.838448,48.052414,45.182377,38.977619,42.333111
08/07/2014,77.000732,47.69342,44.074131,38.148811,42.001099
09/07/2014,77.799637,48.069927,44.287254,37.995617,41.218842
10/07/2014,76.36467,47.194332,43.929199,37.465332,41.841923
11/07/2014,76.67495,47.789738,44.184956,37.991688,42.633282
14/07/2014,77.194588,47.903564,44.35545,38.317715,42.701496
15/07/2014,76.209534,48.3326,44.005928,37.885632,42.246693
16/07/2014,77.334229,49.786079,44.849895,38.639812,42.228504
17/07/2014,76.077614,49.199432,44.202,38.188087,41.955624
18/07/2014,76.36467,49.208191,44.790226,38.435555,41.891949
21/07/2014,76.100899,48.928001,44.270203,38.219513,41.832829
22/07/2014,76.977432,49.864883,45.557472,38.302002,41.655457
23/07/2014,76.287056,49.558426,45.557472,38.498402,41.855568
24/07/2014,77.10157,49.01556,45.958145,39.122955,42.078415
25/07/2014,75.72081,48.210018,45.131222,38.950123,41.519016
28/07/2014,76.287056,48.621544,45.063026,39.001186,41.205193
29/07/2014,77.054962,48.796665,45.293194,39.311501,40.927765
30/07/2014,76.550819,48.18375,44.952202,39.185802,40.832253
31/07/2014,73.704079,47.360695,44.005928,38.887276,39.9272
01/08/2014,72.610397,47.273136,41.222527,39.091526,39.949936
04/08/2014,72.276901,47.2206,41.026451,39.429337,40.109119
05/08/2014,73.277466,47.518303,40.834641,38.863708,40.554825
06/08/2014,73.370583,47.421989,40.497902,38.435555,40.482056
07/08/2014,72.160484,47.054237,39.526054,37.842422,40.177334
08/08/2014,72.230301,46.528881,39.879833,37.685303,40.222824
11/08/2014,73.16114,46.677738,40.881527,37.728516,41.382568
12/08/2014,72.71122,46.467598,40.340191,37.630314,41.287056
13/08/2014,73.812706,46.415058,40.493641,38.286289,41.978363
14/08/2014,73.603264,46.616444,40.382809,38.148811,42.537773
15/08/2014,73.005997,46.327499,39.952305,37.964195,42.132988
18/08/2014,73.781693,46.66898,40.412651,38.231297,42.988022
19/08/2014,74.177299,46.563904,40.57888,38.345211,43.047146
20/08/2014,74.006653,46.397545,40.57888,38.15667,42.746979
21/08/2014,74.534096,46.765293,41.329082,38.800858,43.142658
22/08/2014,73.804909,46.161137,40.82185,38.549469,43.279106
25/08/2014,75.643288,47.150551,41.648769,39.460762,44.739029
26/08/2014,76.271561,47.413231,41.925827,40.301353,44.839073
27/08/2014,75.961266,47.168064,41.998291,40.662731,44.984615
28/08/2014,75.426125,46.704006,41.968452,40.43491,45.025543
29/08/2014,75.426125,46.528881,42.411755,40.364212,45.375744
01/09/2014,75.3097,46.887878,42.079285,40.364212,45.36665
02/09/2014,75.185661,47.045483,41.797958,40.592026,45.316628
03/09/2014,75.930252,47.465767,42.347813,41.464046,45.462154
04/09/2014,77.109268,48.428917,41.593361,42.658157,46.253513
05/09/2014,76.527512,48.113705,40.817585,42.477474,47.02668
08/09/2014,76.4655,47.947342,40.561844,42.422478,46.57188
09/09/2014,76.170723,47.719688,40.25494,41.89613,46.544586
10/09/2014,75.588974,47.605865,40.09296,42.304642,46.590069
11/09/2014,75.736313,47.710938,39.432278,42.194656,46.490005
12/09/2014,75.922554,47.43074,39.104069,42.398914,46.844757
15/09/2014,75.930252,47.273136,38.490269,42.061104,47.117641
16/09/2014,75.216675,46.957928,38.396492,41.927551,46.317196
17/09/2014,75.557961,46.817825,39.266045,42.281071,46.426342
18/09/2014,76.830086,46.992947,39.381126,42.658157,46.808376
19/09/2014,76.853302,46.949162,39.329975,42.422478,46.271702
22/09/2014,76.659454,46.774048,39.585735,42.147526,46.071594
23/09/2014,75.154655,46.204918,38.814217,41.409058,45.480358
24/09/2014,76.000084,46.861607,39.530312,41.833282,45.439419
25/09/2014,74.239319,45.556976,39.052921,41.369778,45.225658
26/09/2014,74.192802,45.775879,39.547371,41.50333,45.953346
29/09/2014,73.890236,45.705833,38.694866,40.914127,45.707748
30/09/2014,74.906387,46.406303,39.219154,41.259792,46.735603
01/10/2014,73.960045,45.714584,38.890942,41.12624,46.171646
02/10/2014,72.432045,45.171719,38.127956,39.696442,44.880013
03/10/2014,72.796547,45.530712,38.656506,40.018543,45.462154
06/10/2014,73.370583,45.373104,38.618137,40.191372,45.262043
07/10/2014,73.22316,44.690144,37.948936,39.358635,44.120495
08/10/2014,72.331131,44.795216,37.041023,38.81657,43.743004
09/10/2014,73.03701,44.681385,36.887569,38.376629,43.351868
10/10/2014,71.532211,44.471249,35.877361,38.113453,43.078987
13/10/2014,71.245239,44.392445,36.572151,38.113453,42.856136
14/10/2014,71.997643,44.208572,37.207256,38.254864,42.678761
15/10/2014,69.724937,44.050964,35.297657,36.495117,41.364372
16/10/2014,69.562012,44.191055,36.077694,35.705589,40.51844
17/10/2014,71.361572,44.576317,37.339397,36.923271,41.387123
20/10/2014,70.314407,43.875843,37.531216,36.974331,40.986893
21/10/2014,71.98214,44.593834,38.093857,37.936695,42.08297
22/10/2014,71.625328,44.304886,38.038441,38.082031,42.324009
23/10/2014,72.72673,44.681385,38.179111,38.655525,44.429752
24/10/2014,71.873505,44.304886,37.582359,38.891205,43.674778
27/10/2014,72.52507,44.436226,37.104961,38.404133,43.360966
28/10/2014,73.083527,45.171719,37.266941,38.906918,44.479786
29/10/2014,73.843712,45.714584,37.185944,38.07811,45.13015
30/10/2014,73.781693,46.143627,37.4417,38.074177,45.398483
31/10/2014,74.658127,47.474525,38.767323,39.39006,45.935154
03/11/2014,73.86702,46.809071,38.946354,38.781219,45.725945
04/11/2014,73.25425,46.590176,38.341084,38.286289,45.239307
05/11/2014,74.79776,47.553329,39.035866,39.016899,45.844193
06/11/2014,75.185661,47.807243,39.410969,38.981544,46.671936
07/11/2014,74.208313,46.844097,39.099808,38.235222,46.453629
10/11/2014,74.859871,47.281891,39.474899,37.834568,46.826569
11/11/2014,75.49585,47.640881,39.298038,37.763863,47.235893
12/11/2014,74.821068,47.045483,38.616467,36.848637,46.735603
13/11/2014,75.371811,47.360695,37.658825,36.958622,46.908432
14/11/2014,75.317497,47.570835,37.430191,37.35535,47.299568
17/11/2014,75.54245,47.570835,37.732155,37.591026,47.217701
18/11/2014,76.325859,47.842274,38.029804,37.995617,47.208607
19/11/2014,76.395683,47.877289,38.228233,38.211655,46.526398
20/11/2014,75.86824,47.964855,37.701965,37.567459,46.30809
21/11/2014,77.683311,49.033073,37.701965,39.020828,47.035778
24/11/2014,77.993584,49.129391,37.701965,39.437195,47.008492
25/11/2014,77.915977,49.1469,37.697647,40.159946,47.808945
26/11/2014,77.838448,48.691593,37.529415,39.814285,47.26318
27/11/2014,78.303787,49.181919,37.701965,40.285645,47.217701
28/11/2014,78.497734,49.689766,37.507839,40.505615,47.326851
01/12/2014,78.846817,49.427094,37.602749,39.82214,47.608829
02/12/2014,78.420204,49.549675,37.701965,40.089241,47.681599
03/12/2014,78.963142,49.190681,37.723534,40.112812,47.918098
04/12/2014,77.915977,48.72662,37.201572,39.174023,48.063633
05/12/2014,79.350945,49.908661,39.108231,40.788429,48.700356
08/12/2014,78.536537,49.558426,38.43961,40.654881,48.418381
09/12/2014,77.411835,48.901737,37.322353,39.264366,47.381424
10/12/2014,77.411835,48.910492,38.336079,38.851925,46.708313
11/12/2014,76.767975,48.516472,38.167847,38.847996,45.953346
12/12/2014,75.092545,47.1418,36.662361,37.862061,44.657158
15/12/2014,73.25425,46.257454,35.588234,36.491192,44.420658
16/12/2014,76.333656,46.625198,36.321568,37.508545,44.593487
17/12/2014,76.814583,46.309986,37.214512,37.300362,44.475239
18/12/2014,78.730392,47.299404,39.449017,38.683018,45.193825
19/12/2014,78.497734,47.386959,39.177258,38.058468,45.9758
22/12/2014,79.27343,47.605865,39.224709,38.262718,46.293194
23/12/2014,80.359314,47.737202,40.022751,38.965836,46.743984
24/12/2014,79.700027,47.56208,39.673336,38.954048,46.835983
29/12/2014,80.165459,48.043652,39.828625,39.358635,46.891174
30/12/2014,79.118286,47.281891,39.04784,38.360924,46.385193
31/12/2014,79.777557,47.675907,39.263531,38.698727,47.148773
02/01/2015,78.65287,47.159309,39.190189,38.832279,46.964779
05/01/2015,76.217232,45.950996,37.857262,36.946838,46.87278
06/01/2015,75.581253,45.810898,37.443138,35.980549,47.194771
07/01/2015,75.922554,46.345009,38.823536,35.379562,47.985947
08/01/2015,79.118286,47.684662,40.182354,36.526539,49.421116
09/01/2015,77.342026,46.598934,40.173725,35.301006,49.651108
12/01/2015,78.691673,47.465767,41.096863,35.58382,49.687908
13/01/2015,79.467285,47.69342,41.644707,36.408703,49.871899
14/01/2015,78.420204,46.940411,40.950195,35.301006,49.63271
15/01/2015,80.126656,47.938583,41.584316,36.204445,50.460686
16/01/2015,80.785919,48.700348,41.234905,36.129814,50.782677
19/01/2015,81.367676,48.78791,41.817253,36.620815,51.675056
20/01/2015,82.220978,49.365799,41.567055,37.504616,51.279461
21/01/2015,82.414848,49.76857,42.123531,37.920986,51.040268
22/01/2015,83.849823,50.539093,42.041569,38.808716,52.153439
23/01/2015,85.207275,52.535439,42.524708,38.494473,54.683376
26/01/2015,86.758583,52.675529,42.727451,38.753719,54.526978
27/01/2015,86.099312,52.596733,41.217648,38.372704,54.361385
28/01/2015,85.750221,52.430367,40.540398,37.316071,54.545376
29/01/2015,87.068863,52.675529,40.846672,37.433914,54.959373
30/01/2015,86.875008,52.158932,40.41098,36.746513,54.453384
02/02/2015,87.727882,51.957542,40.812157,37.076462,54.214184
03/02/2015,87.727882,51.940033,41.584316,38.027042,54.352184
04/02/2015,88.348969,51.659847,41.692158,38.341282,55.115765
05/02/2015,88.387512,51.764912,42.80941,36.927197,55.72295
06/02/2015,87.030144,51.56353,42.623924,37.056824,55.529751
09/02/2015,87.068863,51.22205,43.551376,35.901985,54.444187
10/02/2015,88.115944,51.370895,44.293335,36.271221,55.68615
11/02/2015,88.038857,51.370895,44.12941,36.188732,55.474552
12/02/2015,89.822395,50.906837,44.353722,37.119667,55.906944
13/02/2015,89.938896,50.714207,44.612545,38.030972,55.62175
16/02/2015,89.162758,50.083778,45.501183,38.631954,55.943745
17/02/2015,88.504005,50.652916,45.285492,38.902985,55.667744
18/02/2015,89.124214,50.976887,45.276863,39.994972,56.302536
19/02/2015,89.589378,51.791183,45.449413,40.403484,56.302536
20/02/2015,89.860931,52.535439,45.483921,40.293499,56.698124
23/02/2015,89.90036,52.299026,45.570202,40.662731,56.753319
24/02/2015,90.404045,52.964474,45.863529,40.835567,56.044937
25/02/2015,90.559097,52.946964,45.630592,40.065674,57.986084
26/02/2015,91.180183,54.155277,46.130981,40.544891,57.516899
27/02/2015,91.606804,54.575565,45.742748,40.921978,57.866493
02/03/2015,91.335243,54.1115,45.76862,41.275505,58.657669
03/03/2015,90.520554,53.84882,44.897251,39.994972,57.958492
04/03/2015,91.412331,53.734997,45.501183,40.788429,58.66687
05/03/2015,92.188461,54.636856,46.286278,40.961266,60.414829
06/03/2015,91.993996,54.654362,46.717648,40.914127,60.378021
09/03/2015,92.110504,54.102745,46.717648,40.819851,60.571217
10/03/2015,91.180183,53.279686,46.467449,40.097099,60.792015
11/03/2015,93.933464,54.260349,47.183533,40.859135,62.328377
12/03/2015,93.623352,53.962646,46.838432,40.537037,61.454403
13/03/2015,93.584816,54.45298,46.821178,40.599884,61.242802
16/03/2015,94.941727,54.864506,47.373333,41.196941,62.604366
17/03/2015,94.864647,54.496761,47.295689,41.071243,61.270397
18/03/2015,94.903198,55.05714,47.04549,41.047676,60.902416
19/03/2015,94.243568,54.838238,46.933334,41.605457,60.88401
20/03/2015,94.476578,54.94331,47.856472,42.406769,60.295231
23/03/2015,93.700432,54.864506,47.407845,42.846706,59.927238
24/03/2015,94.476578,55.144695,47.70118,43.836563,60.157227
25/03/2015,93.390327,54.426712,46.907455,43.090244,59.228058
26/03/2015,92.88665,54.487999,46.665882,43.302353,59.117661
27/03/2015,93.196739,55.092155,46.795296,44.142948,59.016464
30/03/2015,94.166481,54.890774,46.709019,44.983543,59.761639
31/03/2015,92.925186,54.829483,45.923923,44.441475,59.798443
01/04/2015,93.235283,55.02211,46.70039,44.802853,60.396427
02/04/2015,92.925186,55.512444,46.812553,44.967831,60.672424
07/04/2015,94.088509,56.195404,47.071373,44.920692,60.911613
08/04/2015,93.390327,56.300476,47.028236,45.305637,60.920811
09/04/2015,94.980286,56.878368,47.683933,45.509895,61.527996
10/04/2015,95.096786,56.86961,47.485497,44.975685,62.696373
13/04/2015,94.825226,57.009705,48.796864,45.266354,62.806763
14/04/2015,94.553665,56.755783,48.701962,44.622166,62.227177
15/04/2015,95.058243,58.06041,48.891758,44.889267,62.779156
16/04/2015,94.243568,58.48946,48.917656,44.252934,62.457172
17/04/2015,92.96373,57.859032,48.141178,43.294498,61.831589
20/04/2015,93.856369,57.867775,48.546673,44.048672,62.15358
21/04/2015,95.56282,57.981613,49.25412,43.671585,63.459946
22/04/2015,95.251831,58.48946,48.978046,45.572742,64.398323
23/04/2015,93.933464,58.480694,48.546673,45.572742,63.57954
24/04/2015,92.537109,58.647057,48.909016,46.342632,63.321945
27/04/2015,94.127052,59.084858,49.614399,46.484039,63.405525
28/04/2015,92.537109,58.112949,49.570313,46.044106,63.173367
29/04/2015,89.97744,56.370522,48.291821,45.054245,60.573273
30/04/2015,90.598526,56.484352,48.335903,44.339352,60.591835
04/05/2015,91.993996,56.887115,48.141918,44.582886,60.498974
05/05/2015,90.016861,55.75761,47.401272,43.239506,59.412498
06/05/2015,90.559097,55.976509,46.995686,44.01725,59.347496
07/05/2015,90.210464,55.716488,46.510742,44.268639,60.443256
08/05/2015,93.545395,57.285583,47.321922,45.101383,62.449055
11/05/2015,92.188461,56.406891,46.819344,44.6693,61.799034
12/05/2015,90.870087,55.743382,46.440197,44.080101,60.359684
13/05/2015,90.482025,55.599922,46.431389,43.985832,59.217491
14/05/2015,91.8004,56.31723,47.366013,44.700729,59.663223
15/05/2015,90.98571,56.048237,47.260201,44.575031,59.171062
18/05/2015,92.242088,56.272392,47.083858,44.504326,59.570366
19/05/2015,94.269882,57.007633,48.529884,45.101383,60.471119
20/05/2015,94.190857,57.025562,48.750313,45.859657,60.907555
21/05/2015,94.38932,56.738636,48.9002,45.553123,61.232582
22/05/2015,94.269882,57.034531,48.909016,45.988728,61.334721
25/05/2015,94.110916,57.043491,48.626869,45.359516,61.251148
26/05/2015,93.157204,56.953831,48.521065,44.82711,61.316151
27/05/2015,95.542412,57.671135,49.667305,45.553123,62.411907
28/05/2015,95.462494,57.53664,48.83849,45.294987,61.966187
29/05/2015,93.275742,56.06617,47.68343,44.310837,59.811806
01/06/2015,93.395187,56.684849,48.309452,44.246307,60.285397
02/06/2015,92.282501,56.111008,48.283001,44.794842,59.802517
03/06/2015,93.196709,56.532417,47.868595,45.795128,59.10606
04/06/2015,92.202576,55.931679,47.410095,45.448254,58.613895
05/06/2015,90.651642,54.846752,46.995686,44.60931,57.313839
08/06/2015,89.737434,54.506042,46.404938,44.068836,56.858818
09/06/2015,90.015823,54.219116,46.069881,43.875233,56.691669
10/06/2015,91.963692,54.981251,46.563648,44.819046,57.443844
11/06/2015,93.196709,55.214378,46.74881,45.190121,57.610996
12/06/2015,91.367386,54.40741,46.113968,44.60931,57.230263
15/06/2015,89.657959,54.102554,45.073536,43.528358,56.561661
16/06/2015,90.094849,54.550869,45.540855,43.294418,56.840252
17/06/2015,89.856873,53.806667,44.958912,42.866882,56.320225
18/06/2015,90.453178,53.367321,45.496761,42.818485,56.756676
19/06/2015,90.055336,52.999706,46.025795,43.246021,57.796726
22/06/2015,94.3498,54.344646,47.912678,45.432121,58.697472
23/06/2015,95.144577,54.658463,48.318264,46.271069,59.458927
24/06/2015,94.826675,54.219116,48.335903,45.867725,59.031765
25/06/2015,95.065552,54.308777,48.450527,46.004864,58.957485
26/06/2015,95.383453,54.389477,48.538692,46.488869,58.976051
29/06/2015,92.004105,52.963837,46.58128,44.214035,57.230263
30/06/2015,90.214294,51.99548,45.743645,43.681633,56.45023
01/07/2015,92.043617,53.080399,46.995686,44.665775,57.694569
02/07/2015,90.890518,53.026604,46.819344,44.133366,56.645237
03/07/2015,90.731567,52.632084,46.995686,43.778431,56.645237
06/07/2015,89.10125,52.08514,45.937622,41.923069,55.995209
07/07/2015,86.79525,51.556133,45.364506,40.737251,54.741589
08/07/2015,87.272385,51.941685,45.532032,41.084126,55.828064
09/07/2015,89.976318,53.259727,46.598911,42.253811,56.53381
10/07/2015,92.719849,54.640533,47.921497,43.955898,58.261024
13/07/2015,94.469238,55.259205,48.77676,44.988449,59.059628
14/07/2015,94.508759,55.725456,49.147087,45.46439,60.266827
15/07/2015,95.144577,55.348869,49.455688,45.407921,60.8797
16/07/2015,95.860321,56.209633,49.967079,46.424332,61.353298
17/07/2015,96.019272,56.06617,49.896545,46.230732,61.288288
20/07/2015,96.218643,56.379993,49.834827,46.343666,61.084003
21/07/2015,95.581924,55.940643,49.817192,46.020996,60.108959
22/07/2015,94.587784,56.057205,50.09935,45.859657,58.753189
23/07/2015,94.190857,55.734421,49.667305,46.053265,58.353886
24/07/2015,93.475105,55.447495,49.341061,46.150063,58.13102
27/07/2015,91.327873,54.129456,48.459343,44.940044,55.660915
28/07/2015,92.441452,54.559834,48.979557,45.78706,56.626663
29/07/2015,91.844261,55.017117,49.561497,45.359516,56.970257
30/07/2015,93.077271,55.20541,49.446865,46.513073,62.690491
31/07/2015,94.269882,55.313,51.492466,47.84409,63.944111
03/08/2015,95.224503,56.424828,52.41827,48.037693,64.770584
04/08/2015,95.66185,56.433788,52.286011,48.207092,64.956299
05/08/2015,96.9739,56.631046,52.294827,48.763702,64.956299
06/08/2015,96.695511,56.729679,52.41827,48.949238,65.429901
07/08/2015,95.860321,56.084103,52.197838,48.602367,65.002739
10/08/2015,96.893974,56.290325,53.194183,48.763702,65.578484
11/08/2015,94.150436,55.483364,52.682781,48.110291,64.649864
12/08/2015,91.208443,53.708038,51.095695,46.730873,63.099079
13/08/2015,92.12265,54.201183,51.668804,47.343945,64.296989
14/08/2015,91.884659,54.084621,51.342567,46.90834,65.819901
17/08/2015,91.765221,54.093586,51.404289,47.690819,65.327744
18/08/2015,91.486832,53.914265,51.413109,47.86829,65.996346
19/08/2015,89.379654,52.990734,50.963425,47.54562,64.909874
20/08/2015,87.590378,52.112038,50.258049,46.642139,63.219803
21/08/2015,85.085533,50.749165,49.535042,44.835178,61.084003
24/08/2015,80.910782,48.005482,46.643005,42.632946,58.808903
25/08/2015,84.648201,49.251797,47.868595,44.762585,60.359684
26/08/2015,82.183144,48.552425,48.459343,44.423771,59.969669
27/08/2015,84.926506,49.637348,50.363857,45.617657,62.45834
28/08/2015,85.602463,49.538712,50.557838,45.698326,62.356194
31/08/2015,84.966286,49.664246,50.619556,45.391788,64.649864
01/09/2015,83.733719,48.740719,49.640854,44.0527,63.145504
02/09/2015,84.290413,48.561394,49.75547,44.270504,62.086906
03/09/2015,86.000023,49.332493,50.434395,45.270786,63.414822
04/09/2015,83.336136,47.987549,50.205151,43.955898,61.882607
07/09/2015,84.290413,48.005482,50.187515,43.963966,61.75259
08/09/2015,84.72776,48.113075,50.910526,44.810982,61.929043
09/09/2015,85.761505,48.937977,52.012676,45.536987,62.57906
10/09/2015,84.171059,48.337231,51.986221,44.843243,62.170471
11/09/2015,83.415627,47.80822,51.139771,44.560909,62.105469
14/09/2015,83.177109,47.610966,50.540207,44.020435,62.077606
15/09/2015,83.773499,48.301369,51.139771,44.431843,63.489101
16/09/2015,84.290413,49.323521,51.739346,44.568977,64.343422
17/09/2015,83.932541,49.744942,52.233112,44.891647,65.244171
18/09/2015,82.143364,48.982807,51.27203,42.737816,64.631287
21/09/2015,83.773499,50.291885,52.047943,43.310558,64.659149
22/09/2015,81.149399,48.893139,50.716545,41.8424,63.266232
23/09/2015,81.149399,49.431122,50.663647,41.261597,63.229076
24/09/2015,79.956604,48.229641,49.217621,41.076057,61.241863
25/09/2015,82.660179,49.655281,50.884075,42.390945,63.126945
28/09/2015,80.831306,48.87521,50.275692,40.753387,62.690491
29/09/2015,81.904747,48.579327,49.535042,41.059925,62.0219
30/09/2015,84.012009,50.587772,50.00235,42.31834,62.495483
01/10/2015,83.097626,50.112556,49.790741,41.721405,63.470535
02/10/2015,84.012009,50.318779,49.773109,41.882736,64.22271
05/10/2015,86.43737,52.300331,51.818699,43.568691,66.098495
06/10/2015,87.033768,52.506557,51.31612,43.625164,66.6278
07/10/2015,86.874725,51.4575,51.148586,43.600964,66.172783
08/10/2015,86.993988,51.843048,51.069233,43.116955,65.931351
09/10/2015,87.828979,51.959614,50.205151,43.40736,65.931351
12/10/2015,87.590378,52.533455,49.693748,43.536427,62.588352
13/10/2015,86.516945,51.789253,50.504932,43.060486,63.43338
14/10/2015,85.324158,51.645794,50.540207,42.850754,62.430489
15/10/2015,87.39164,52.676914,51.007511,43.536427,63.126945
16/10/2015,87.749428,52.246532,51.351383,44.359241,64.1577
19/10/2015,87.828979,53.268688,50.866444,44.439907,64.287712
20/10/2015,86.675987,52.901073,51.095695,43.802628,64.204132
21/10/2015,87.192818,53.815636,51.377838,43.883301,64.482712
22/10/2015,90.135262,55.546127,51.827515,44.37537,64.083405
23/10/2015,92.163055,56.622086,53.009022,45.101379,65.318466
26/10/2015,92.559998,56.640015,53.238266,45.052982,64.529137
27/10/2015,93.236221,56.31723,52.867947,44.746445,63.749119
28/10/2015,94.269882,56.702778,53.370525,45.020714,63.247665
29/10/2015,94.110916,57.563534,53.855476,43.802628,63.767685
30/10/2015,93.753502,56.855202,54.119991,44.577042,64.17627
02/11/2015,94.985619,56.487587,54.208157,44.649643,64.584869
03/11/2015,95.940247,57.142128,54.058262,44.617378,62.950497
04/11/2015,96.17823,57.491814,52.93848,44.883579,63.024796
05/11/2015,96.655983,58.110485,53.63504,45.069115,62.904076
06/11/2015,97.570206,57.644241,54.860634,46.472736,65.504189
09/11/2015,96.49614,56.900036,54.516766,46.020996,64.464134
10/11/2015,96.377602,56.980728,53.938309,45.859657,64.770584
11/11/2015,97.768669,57.931156,54.347672,46.198463,65.402031
12/11/2015,96.377602,57.160061,53.333164,45.577324,63.145504
13/11/2015,95.144577,56.496552,53.315369,45.286919,61.576157
16/11/2015,95.899834,56.702778,52.977184,44.770645,61.613304
17/11/2015,98.325462,57.993919,55.024021,45.585384,63.349812
18/11/2015,91.049477,57.160061,54.95282,45.327255,62.746212
19/11/2015,91.406891,57.787697,55.228695,45.553123,62.096191
20/11/2015,92.441452,58.271873,54.721447,44.72224,62.430489
23/11/2015,92.322014,57.940128,54.481159,44.657711,63.145504
24/11/2015,90.77108,57.420082,53.840416,44.335037,62.495483
25/11/2015,92.480972,58.567764,54.463371,44.423771,63.182659
26/11/2015,92.798874,58.487072,55.095211,45.085251,63.944111
27/11/2015,92.242088,58.298771,55.273193,45.190121,63.971973
30/11/2015,91.844261,59.473354,54.783745,45.262718,64.891296
01/12/2015,87.272385,58.684326,54.160789,45.399853,63.303379
02/12/2015,85.880768,59.069878,54.276482,45.12558,63.145504
03/12/2015,83.932541,56.048237,52.452137,43.826832,61.149006
04/12/2015,83.853058,56.263428,52.54113,43.455757,60.341114
07/12/2015,85.324158,57.124191,53.582336,43.576759,60.498974
08/12/2015,84.131371,57.106258,53.137379,42.737816,59.756084
09/12/2015,83.296356,56.415852,52.870403,42.092476,58.196022
10/12/2015,83.018051,55.92271,52.149563,42.165073,58.660328
11/12/2015,81.865051,55.044014,51.286335,41.374527,57.555279
14/12/2015,81.149399,54.649502,50.868069,40.559784,56.543091
15/12/2015,83.256668,55.698551,51.330833,42.310276,58.799614
16/12/2015,83.137321,55.895813,51.56221,42.33448,59.70966
17/12/2015,84.250626,56.595181,52.647919,42.979824,59.960377
18/12/2015,83.296356,55.528194,51.971581,42.907215,58.957485
21/12/2015,80.871002,54.873653,51.526615,42.42321,58.676239
22/12/2015,81.109619,54.640533,51.642303,42.511948,58.385628
23/12/2015,82.938583,55.931679,52.532227,43.326691,58.99498
24/12/2015,82.699966,56.012371,52.754707,42.995953,59.023102
28/12/2015,82.501236,55.833046,52.024975,42.237679,58.685616
29/12/2015,83.972328,56.613113,52.950497,42.834614,59.801205
30/12/2015,83.495193,56.523449,52.932693,42.42321,59.76371
04/01/2016,80.195129,54.523968,51.375324,41.318066,58.376255
05/01/2016,79.718002,54.864689,51.660103,41.535866,58.066883
06/01/2016,78.604774,54.425343,51.357533,40.737251,57.6544
07/01/2016,76.791702,53.57354,50.77018,39.841843,56.52943
08/01/2016,75.622818,53.555611,50.601089,38.720562,55.882584
11/01/2016,74.71624,52.66795,51.695694,38.639893,54.94511
12/01/2016,76.823502,54.039791,52.54113,39.482868,55.62009
13/01/2016,77.189278,54.658463,52.932693,39.410267,55.891953
14/01/2016,76.243004,53.412151,51.695694,37.990513,54.335754
15/01/2016,75.010529,52.865208,51.08165,36.607059,51.91708
18/01/2016,74.366356,52.614155,51.028255,35.760052,51.83271
19/01/2016,74.485619,53.537682,52.550022,35.639046,52.713928
20/01/2016,73.587112,52.156872,50.912567,34.562134,50.932743
21/01/2016,74.628761,52.39896,51.838089,34.997738,52.807678
22/01/2016,76.640663,53.448013,53.591244,35.85685,54.973232
25/01/2016,76.012398,53.959095,54.846027,34.828335,55.554462
26/01/2016,76.115845,54.147385,54.614655,35.530148,55.254475
27/01/2016,75.606834,55.088844,55.718159,35.622913,54.373253
28/01/2016,75.249046,54.945385,55.032913,34.618599,53.763897
29/01/2016,75.718178,56.891071,55.549065,35.272007,55.929459
01/02/2016,75.431976,56.801403,56.634781,34.953369,54.654491
02/02/2016,74.764,56.684849,55.92284,32.972977,52.34832
03/02/2016,75.201363,55.743382,54.356579,31.904125,51.75771
04/02/2016,75.813652,55.366798,53.653538,33.045574,51.326477
05/02/2016,75.805656,54.479137,54.062901,33.537651,50.913994
08/02/2016,73.475761,54.021858,52.825905,31.702457,47.942211
09/02/2016,74.072151,53.42112,52.710213,30.573111,47.848461
10/02/2016,75.272934,53.19696,53.253071,32.069496,47.904709
11/02/2016,73.539345,52.129974,51.80249,30.137501,46.071957
12/02/2016,74.628761,52.542416,52.176262,31.920259,47.351604
15/02/2016,76.736038,53.8246,53.715836,32.759205,48.898426
16/02/2016,73.022514,53.761833,54.63245,32.509132,49.029675
17/02/2016,74.493607,54.470173,56.225418,33.690918,50.276512
18/02/2016,74.875282,54.192219,56.652584,33.041538,51.09211
19/02/2016,75.654602,54.111519,55.967335,32.678539,50.5765
22/02/2016,76.879181,54.613632,56.118626,33.686882,51.513973
23/02/2016,75.097992,56.81934,56.118626,32.815674,51.935833
24/02/2016,73.825645,56.164799,55.504578,32.202599,51.33585
25/02/2016,74.732124,57.446976,56.634781,33.481186,50.745247
26/02/2016,76.282791,56.971767,56.430096,34.243496,52.535812
29/02/2016,76.481613,57.590446,56.794968,34.687168,53.726402
01/03/2016,77.348328,57.859428,56.955154,35.501911,55.301353
02/03/2016,76.998451,56.783474,56.029629,36.687725,54.682617
03/03/2016,77.101807,56.523449,56.074131,36.893433,54.60762
04/03/2016,77.586937,57.169022,56.919556,37.498444,55.123226
07/03/2016,78.429848,57.097294,56.688179,36.808735,55.170101
08/03/2016,78.405945,56.729679,56.305508,36.832932,55.310726
09/03/2016,79.129601,57.043491,56.857258,36.87326,55.413845
10/03/2016,77.340416,55.79718,56.599178,37.228203,53.726402
11/03/2016,78.978462,57.267654,58.156551,39.285233,55.52634
14/03/2016,79.121605,57.276623,57.489109,38.518887,52.048332
15/03/2016,78.151543,57.079365,57.987469,37.925983,53.988895
16/03/2016,78.040176,56.487587,58.103161,37.147533,55.451344
17/03/2016,77.332428,56.290325,58.18325,36.292461,55.066986
18/03/2016,77.944717,56.362061,57.640392,36.800667,57.04504
21/03/2016,78.223022,56.263428,57.791679,36.457821,56.988792
22/03/2016,78.724045,55.958572,57.907375,36.393295,57.982506
23/03/2016,79.43969,56.577248,58.236649,35.804413,57.851265
24/03/2016,78.024292,55.599922,57.845078,35.02597,57.241917
29/03/2016,78.549095,56.06617,58.023064,35.259907,58.010635
30/03/2016,80.274612,56.980728,58.99308,35.85685,58.235626
31/03/2016,78.636581,56.048237,58.263348,35.679382,57.635647
01/04/2016,77.125702,54.981251,58.094257,35.497883,55.516968
04/04/2016,77.181374,55.357834,58.245544,35.380913,56.632557
05/04/2016,75.050209,54.900555,57.613701,34.646835,55.226345
06/04/2016,75.614815,55.214378,57.934071,34.687168,55.010731
07/04/2016,74.28688,54.837791,57.711578,33.356148,54.260757
08/04/2016,75.050209,54.927448,57.862873,33.828053,55.254475
11/04/2016,75.861336,54.631565,57.471313,34.13459,55.366974
12/04/2016,77.809555,54.649502,57.622593,34.33223,55.338848
13/04/2016,80.473434,55.528194,57.756084,36.514294,57.166908
14/04/2016,80.553009,56.1917,58.592609,36.832932,57.223164
15/04/2016,80.831306,55.734421,58.690502,36.429592,56.585682
18/04/2016,81.546974,55.877876,58.779507,36.8894,57.166908
19/04/2016,83.495193,57.85046,58.895195,36.808735,57.495029
20/04/2016,84.409676,57.949089,58.343441,37.764641,57.89814
21/04/2016,84.290413,57.267654,57.168732,38.430153,58.760616
22/04/2016,83.415627,56.604145,57.853985,38.551155,56.988792
25/04/2016,84.091583,56.442753,58.27224,37.627506,58.451244
26/04/2016,80.036095,56.021339,59.107162,38.301086,59.004353
27/04/2016,79.479485,56.397923,59.715218,38.623756,59.276222
28/04/2016,79.837265,56.155834,59.896713,38.918198,58.413754
29/04/2016,78.724045,54.846752,59.206989,37.300804,56.407566
02/05/2016,78.954666,55.268173,58.934731,37.078968,56.520058
03/05/2016,77.578941,54.667431,59.442944,36.703865,55.03886
04/05/2016,75.773865,54.237049,58.508202,36.550594,54.804489
05/05/2016,75.742073,54.854111,58.362988,36.066586,54.766987
06/05/2016,75.909027,55.075146,57.854786,35.707611,54.682617
09/05/2016,75.765869,56.226383,58.009056,35.614845,55.010731
10/05/2016,76.083954,56.189545,58.163334,35.957687,55.70446
11/05/2016,75.789757,55.811939,58.589874,35.598713,56.116943
12/05/2016,75.392197,55.61853,58.644333,35.054203,55.498219
13/05/2016,76.505417,55.848778,59.070862,35.509979,55.826328
16/05/2016,76.39415,55.821152,59.461098,35.413177,55.929459
17/05/2016,76.330467,55.176456,59.107162,35.756016,55.629463
18/05/2016,76.736038,55.240929,59.315899,36.284389,55.46072
19/05/2016,76.131737,54.798855,59.125317,36.546562,54.907612
20/05/2016,77.268845,55.581692,59.905788,36.877296,56.229443
23/05/2016,77.200226,55.544857,60.214352,37.050735,56.865826
24/05/2016,79.143494,56.871075,61.4758,38.422089,58.442528
25/05/2016,79.660141,57.377621,61.176327,39.503036,59.325863
26/05/2016,80.496521,57.948631,61.639156,40.333916,59.686798
27/05/2016,80.135651,58.14204,61.875114,40.144344,59.800774
30/05/2016,80.84906,58.538071,61.8479,40.559784,60.180706
31/05/2016,79.151741,58.095997,61.33968,40.144344,59.838768
01/06/2016,79.397697,57.911797,60.985744,39.414299,59.211887
02/06/2016,79.537163,57.939426,60.613663,40.227142,59.582314
03/06/2016,78.085785,57.902584,60.522907,39.219559,58.641994
06/06/2016,77.864372,57.856537,60.649956,39.274593,58.328552
07/06/2016,78.061157,58.326241,60.713486,39.850353,58.414032
08/06/2016,77.725014,58.14204,60.032841,39.291531,58.271561
09/06/2016,77.167442,57.828911,59.706131,38.842773,57.939125
10/06/2016,76.429398,56.576363,58.689697,37.504971,57.635181
13/06/2016,75.470032,55.692211,57.76403,36.416946,55.678547
14/06/2016,74.010513,55.259346,56.429962,35.595646,54.158833
15/06/2016,74.855049,55.719841,56.811123,35.913158,54.614746
16/06/2016,74.666512,55.535641,56.566093,35.434769,54.044861
17/06/2016,74.871445,55.167248,57.083382,36.789505,54.073353
20/06/2016,76.708229,56.935547,58.807686,38.592995,56.276936
21/06/2016,77.265793,57.847328,58.744152,39.007881,57.388229
22/06/2016,77.659348,57.819695,58.462818,39.25766,57.967617
23/06/2016,78.872925,58.832787,58.671558,40.388016,59.069412
24/06/2016,74.510666,56.023769,54.442482,33.360336,55.35561
27/06/2016,72.739532,55.683002,53.153793,31.252026,53.209011
28/06/2016,73.8629,56.097446,54.778271,32.471287,54.918694
29/06/2016,76.281784,56.51189,56.738522,33.453468,56.324429
30/06/2016,77.126419,58.399918,57.800327,33.660915,57.86314
01/07/2016,77.634811,59.127495,58.3993,33.792152,58.005615
04/07/2016,77.46257,58.878834,57.68235,33.212154,57.131783
05/07/2016,76.667198,58.786736,56.874653,33.123253,55.697544
06/07/2016,73.469337,58.307819,56.457188,32.479752,54.586258
07/07/2016,73.764557,59.403797,57.292114,32.598297,55.916004
08/07/2016,73.690758,58.980145,57.718647,33.711716,56.856327
11/07/2016,75.576614,59.27486,59.397575,34.092735,58.499519
12/07/2016,76.560623,59.689304,59.678905,35.849659,59.088406
13/07/2016,76.749245,59.606419,59.97839,35.13842,58.831955
14/07/2016,77.741394,60.757652,60.178043,36.31958,59.905258
15/07/2016,78.626961,60.545822,60.141747,36.222206,59.458839
18/07/2016,78.610565,60.122166,59.805962,35.947029,59.078911
19/07/2016,78.003738,59.597206,59.842255,35.883526,58.651493
20/07/2016,77.98735,60.186638,60.24157,36.217976,58.850948
21/07/2016,77.954567,60.057697,59.869484,36.425423,58.45203
22/07/2016,78.421936,60.232689,60.395855,36.747169,57.79665
25/07/2016,78.487602,60.591873,60.99482,36.565128,58.328552
26/07/2016,78.831985,60.74844,61.149094,36.315346,59.639305
27/07/2016,79.373161,60.50898,61.357834,36.831841,60.465649
28/07/2016,78.053001,62.562794,60.876835,36.285709,61.026043
29/07/2016,78.21701,63.437729,61.611927,37.555775,57.749161
01/08/2016,76.322807,63.133808,61.003895,36.996948,58.917439
02/08/2016,75.240471,62.433853,61.140022,35.396667,58.148087
03/08/2016,75.494667,62.452267,60.88591,35.591412,57.701668
04/08/2016,75.133881,62.82988,61.01297,36.035934,57.331242
05/08/2016,76.437637,64.13768,60.840542,37.123955,57.473709
08/08/2016,76.659058,62.765404,61.049263,37.585407,57.86314
09/08/2016,78.536766,63.382469,61.421352,37.945259,58.585007
10/08/2016,78.774574,63.318001,61.448578,37.78862,58.651493
11/08/2016,79.660141,64.331093,63.236404,38.101898,59.382854
12/08/2016,79.553543,64.377136,62.528545,37.826721,59.392353
15/08/2016,79.520668,64.238998,62.347031,37.775921,59.41135
16/08/2016,81.390236,63.778496,61.348763,37.272129,58.309555
17/08/2016,80.709702,63.115379,60.795162,36.7514,58.23357
18/08/2016,81.013062,63.115379,61.457653,36.730232,58.623001
19/08/2016,80.652283,63.198273,60.822388,36.052864,58.319057
22/08/2016,79.865067,62.875923,60.713486,36.421185,57.939125
23/08/2016,80.275116,63.050911,60.940369,37.174755,58.746471
24/08/2016,80.31604,62.82988,60.822388,37.809788,59.658302
25/08/2016,79.627266,62.756195,60.749783,37.619278,58.803463
26/08/2016,81.13604,62.912769,61.203548,37.957962,59.145397
29/08/2016,80.701454,63.21669,61.040192,37.665848,59.107403
30/08/2016,80.890091,63.529835,61.738995,38.398247,59.49683
31/08/2016,80.627655,62.728565,61.702682,38.614162,59.534824
01/09/2016,80.102867,62.562794,61.938641,39.651382,59.658302
02/09/2016,81.127892,64.699486,62.909702,40.489624,60.845577
05/09/2016,80.931015,64.515297,62.455936,40.117069,61.358482
06/09/2016,80.84906,63.787708,62.646523,39.558243,61.367981
07/09/2016,80.939262,64.266617,62.909702,39.774151,61.272999
08/09/2016,79.668282,62.857502,62.383335,40.493855,61.386978
09/09/2016,78.405556,61.319454,61.058338,40.582756,61.44397
12/09/2016,77.610184,61.006313,60.786098,39.68948,60.589127
13/09/2016,81.341064,59.781406,60.250641,38.961308,60.665112
14/09/2016,82.41674,59.624832,60.214352,38.902042,60.579628
15/09/2016,81.659058,59.560364,60.58643,38.6819,60.209198
16/09/2016,81.036133,58.869621,59.99654,37.797085,59.876762
19/09/2016,81.591743,59.58799,61.149094,38.042633,60.798092
20/09/2016,80.842499,59.882706,60.867767,38.063805,60.456158
21/09/2016,80.547821,60.131382,60.822388,39.151821,61.092533
22/09/2016,82.037903,61.291828,62.437786,40.049332,62.3083
23/09/2016,81.154007,60.858963,62.337948,39.757221,61.776402
26/09/2016,79.504005,60.370834,61.439507,38.45752,60.209198
27/09/2016,79.36927,60.766869,61.430439,38.258545,59.933746
28/09/2016,80.615242,60.730022,61.68454,38.622627,60.627121
29/09/2016,80.261589,60.63792,61.493954,38.444817,60.541637
30/09/2016,80.354195,60.831337,61.820671,38.753868,60.788586
03/10/2016,81.347633,61.85363,61.766216,38.622627,61.187511
04/10/2016,81.734818,62.056248,62.101994,38.97401,63.144154
05/10/2016,81.010834,61.199722,61.067421,40.303345,62.59325
06/10/2016,79.276665,60.555035,60.822388,41.107719,63.163143
07/10/2016,78.291641,59.449848,60.214352,41.751217,62.403282
10/10/2016,78.628448,60.002441,60.332325,41.573406,62.393787
11/10/2016,78.182281,59.744568,59.143467,41.107719,60.627121
12/10/2016,77.912895,59.035397,59.170696,40.925674,60.047729
13/10/2016,77.744545,58.565697,59.533703,39.740284,59.031425
14/10/2016,78.434807,59.127495,60.840542,40.807137,59.591816
17/10/2016,77.508781,58.768314,60.695335,41.065384,59.810276
18/10/2016,78.375916,58.657795,61.203548,41.755447,60.2187
19/10/2016,78.165436,58.372288,61.01297,42.335445,61.434467
20/10/2016,78.384247,58.565697,60.958515,43.23296,61.329987
21/10/2016,78.518982,58.455177,61.149094,43.724049,61.149521
24/10/2016,78.148575,57.810486,61.46674,44.613094,60.855076
25/10/2016,79.125076,57.967052,61.239853,44.723164,59.601311
26/10/2016,77.458221,57.561821,60.486599,44.79937,60.123714
27/10/2016,77.921234,58.482807,59.706131,45.298927,60.503643
28/10/2016,78.729477,58.49202,59.63353,45.69688,59.981243
31/10/2016,78.02227,58.095997,59.878567,44.740101,59.487335
01/11/2016,77.407745,57.617077,59.007336,44.655434,59.069412
02/11/2016,77.028915,57.046062,58.825832,42.978943,57.920124
03/11/2016,76.279663,56.668457,57.754951,43.613976,57.255253
04/11/2016,76.532188,56.382954,57.038006,42.877338,57.046295
07/11/2016,77.862335,56.631622,57.791252,44.477619,58.328552
08/11/2016,78.140152,56.419788,58.277046,44.977177,58.433029
09/11/2016,78.628448,55.94088,58.863667,46.399651,59.382854
10/11/2016,80.20269,53.41737,56.123051,46.916142,60.608124
11/11/2016,79.941742,54.108109,55.637257,46.357315,59.686798
14/11/2016,80.396324,53.601566,55.02314,47.127823,59.933746
15/11/2016,79.108315,54.402824,55.774746,46.983879,59.439842
16/11/2016,78.611588,53.969955,55.811413,45.874691,58.774971
17/11/2016,79.798576,54.062061,56.23304,46.230305,59.040916
18/11/2016,79.007278,54.172581,55.994728,46.052498,59.325863
21/11/2016,79.226196,54.255466,56.003891,46.145638,60.646114
22/11/2016,79.478729,54.237049,53.895729,47.220955,61.035549
23/11/2016,79.15036,53.969955,54.363194,47.11935,60.807583
24/11/2016,79.630226,54.301517,55.096462,46.814541,60.665112
25/11/2016,79.756531,55.296185,55.279785,46.518188,60.579628
28/11/2016,78.998848,55.001469,55.169796,45.298927,60.123714
29/11/2016,79.849144,55.14883,56.251377,46.052498,60.883568
30/11/2016,80.884621,54.66991,56.123051,46.382713,61.519947
01/12/2016,80.792023,53.877861,55.518101,47.331028,61.928375
02/12/2016,80.236313,53.776554,55.307285,46.221844,61.652927
05/12/2016,81.086594,53.979172,55.472267,46.823002,62.194328
06/12/2016,82.652412,54.108109,56.3797,49.236126,62.783218
07/12/2016,85.026482,54.246262,56.691341,50.345314,63.239132
08/12/2016,86.49971,55.250134,57.13131,51.319031,63.134647
09/12/2016,87.551956,56.475052,57.177135,50.802536,63.201141
12/12/2016,87.34156,56.198753,57.708755,50.133636,63.723534
13/12/2016,87.551956,56.944756,58.698685,50.573925,64.122467
14/12/2016,87.425735,56.714512,58.057068,49.608677,64.008492
15/12/2016,88.730614,56.465843,58.478695,52.241943,65.395226
16/12/2016,89.277802,56.401375,58.909492,51.615379,65.167267
19/12/2016,89.235664,55.627743,59.175312,51.225891,65.061722
20/12/2016,88.477989,54.99226,58.955326,52.047199,65.253624
21/12/2016,88.604294,54.338356,58.863667,51.827053,65.301598
22/12/2016,88.435944,54.412037,58.918663,52.140339,65.31118
23/12/2016,88.562248,54.218632,59.101982,51.793182,65.224846
27/12/2016,88.730614,54.623863,59.147808,51.3783,65.244019
28/12/2016,88.814781,54.568607,58.836174,51.352898,65.51268
29/12/2016,88.814781,54.826481,59.019485,50.675529,65.387947
30/12/2016,88.941002,55.443542,59.303631,51.268227,65.647003
02/01/2017,88.730614,55.480385,59.257809,51.098881,65.752548
03/01/2017,88.941002,55.296185,59.899414,52.428215,65.915657
04/01/2017,88.856918,55.775105,59.496124,53.173321,65.73336
05/01/2017,88.898956,56.318481,59.706936,52.682232,65.013756
06/01/2017,89.277802,56.235596,60.247734,52.910843,64.956184
09/01/2017,88.141273,56.631622,60.495213,51.810116,64.869827
10/01/2017,87.930878,56.364532,60.412716,51.522236,64.601181
11/01/2017,88.772652,55.99614,60.101063,51.327496,64.889023
12/01/2017,87.720406,55.986931,60.046074,51.268227,64.486046
13/01/2017,88.351768,55.747471,60.23856,52.631428,64.908211
16/01/2017,86.625931,55.544857,60.009418,51.827053,64.47644
17/01/2017,86.289223,55.204082,59.569447,51.276695,64.399696
18/01/2017,86.205032,55.222504,59.725269,50.540054,64.543602
19/01/2017,86.920586,54.973839,59.743603,50.599327,61.041542
20/01/2017,86.752235,54.568607,60.348545,50.853344,61.837902
23/01/2017,86.415527,54.384407,61.320145,50.108234,62.87413
24/01/2017,86.49971,54.273888,61.008492,50.717865,62.269669
25/01/2017,87.257385,54.292309,61.090988,52.826168,62.288853
26/01/2017,87.088943,54.255466,60.357716,52.191135,61.866692
27/01/2017,86.078827,53.969955,60.091908,52.030266,61.051144
30/01/2017,85.236877,53.68446,59.523613,51.039616,60.264374
31/01/2017,84.184639,53.408161,59.486958,50.108234,60.158829
01/02/2017,84.437157,53.841022,59.835258,51.335964,60.187611
02/02/2017,84.563461,53.74892,60.669353,51.022678,60.580997
03/02/2017,84.942307,54.430454,60.99017,51.767784,60.936001
06/02/2017,83.721619,54.319935,60.330223,50.811005,60.494644
07/02/2017,84.352974,54.559395,59.780262,48.389416,60.772892
08/02/2017,84.310844,55.857994,62.575871,47.466507,60.897625
09/02/2017,85.321144,55.67379,63.070835,47.999928,61.099113
10/02/2017,85.53154,55.305393,63.025009,47.16169,61.291008
13/02/2017,86.920586,55.857994,63.574963,47.712048,61.713173
14/02/2017,86.415527,55.286976,63.07999,48.076134,61.598038
15/02/2017,89.067307,55.204082,63.611622,48.677296,63.373058
16/02/2017,88.309639,54.476505,63.153336,48.279343,62.269669
17/02/2017,88.225449,56.180336,62.520878,47.204025,61.770741
20/02/2017,88.309639,56.134289,62.81419,47.102421,62.595882
21/02/2017,88.014969,56.079029,62.612537,47.237892,62.528721
22/02/2017,86.836411,57.405254,62.777523,47.246357,62.10656
23/02/2017,86.415527,57.828911,62.484215,47.093948,63.315491
24/02/2017,85.994553,57.699966,61.860928,46.298046,62.845352
27/02/2017,86.247169,57.755222,61.815102,46.34885,63.104401
28/02/2017,85.784157,57.617077,62.337563,46.679062,64.438072
01/03/2017,87.17321,57.893375,63.914101,48.761963,65.176857
02/03/2017,86.49971,57.773647,64.088257,48.8297,65.982819
03/03/2017,86.54184,57.589447,64.161583,50.218307,65.819702
06/03/2017,86.54184,57.561821,64.152412,49.701813,66.203491
07/03/2017,85.952515,56.981594,64.216576,49.820351,66.011597
08/03/2017,86.078827,56.944756,64.454887,50.252174,66.491341
09/03/2017,86.120865,57.515774,64.839859,51.471436,66.337814
10/03/2017,86.120865,57.874954,64.473228,52.377415,66.25148
13/03/2017,87.088943,58.003895,64.079086,51.801655,65.934845
14/03/2017,87.17321,57.709175,63.950764,50.675529,65.627815
15/03/2017,87.551956,57.672337,63.657448,50.878738,65.090508
16/03/2017,88.141273,57.828911,64.500725,51.386761,65.052132
17/03/2017,88.814781,58.215721,65.719788,51.039616,65.349571
20/03/2017,88.941002,58.943306,65.710625,50.506187,65.435913
21/03/2017,88.983131,58.749897,66.168915,51.022678,65.387947
22/03/2017,89.235664,58.915676,66.168915,51.04808,66.385803
23/03/2017,89.698677,58.915676,67.580475,51.733917,67.028648
24/03/2017,89.404015,58.584118,68.157928,51.192024,66.779175
27/03/2017,89.614502,59.127495,68.148766,51.107353,66.827156
28/03/2017,89.404015,58.307819,67.763794,52.428215,66.932693
29/03/2017,90.119652,58.307819,67.598816,52.529823,67.028648
30/03/2017,89.909157,58.528854,67.974617,52.326611,67.201347
31/03/2017,90.161697,58.722263,68.102951,52.860043,67.19175
03/04/2017,90.035477,58.482807,68.249596,51.835522,67.825005
04/04/2017,89.993347,58.869621,67.644653,51.403702,67.700272
05/04/2017,90.161697,58.574905,67.800461,50.887207,67.949738
06/04/2017,90.877335,58.713058,68.405411,51.437569,69.014748
07/04/2017,91.97171,59.099869,68.322914,51.564575,69.878265
10/04/2017,91.256081,59.016983,67.562149,50.802536,69.897461
11/04/2017,90.119652,58.943306,68.726227,50.286041,70.108543
12/04/2017,90.45636,59.164341,67.543816,50.040497,70.108543
13/04/2017,90.498489,59.191967,67.690468,49.363129,69.849487
18/04/2017,89.867035,58.814362,66.508064,48.533356,69.782326
19/04/2017,89.235664,58.344658,66.196426,49.396999,69.705566
20/04/2017,90.035477,58.676216,67.818794,51.352898,70.674637
21/04/2017,89.025261,57.239475,67.213837,52.495956,70.741798
24/04/2017,93.234634,58.620956,71.952629,56.44162,72.766273
25/04/2017,93.403175,58.731472,72.597153,56.68716,72.699112
26/04/2017,94.455147,58.538071,72.120773,55.713451,72.919792
27/04/2017,93.444839,58.851208,72.438362,55.027611,73.639397
28/04/2017,93.107765,59.109081,72.952095,54.849804,72.93898
02/05/2017,94.581085,59.284069,72.905403,55.688042,74.205482
03/05/2017,95.086693,59.118294,71.989998,56.0098,73.840881
04/05/2017,95.381172,60.324787,74.101028,56.196075,74.675621
05/05/2017,96.938759,61.46888,74.259819,57.474602,74.96347
08/05/2017,95.549713,61.648525,73.78344,56.594021,74.74279
09/05/2017,96.307205,62.527863,73.792786,56.44162,74.560493
10/05/2017,95.885857,62.622421,73.157608,56.543221,74.349403
11/05/2017,95.422836,63.095192,72.653191,56.229942,72.747093
12/05/2017,96.222931,63.463943,73.35376,56.356941,73.908043
15/05/2017,96.619949,63.435574,73.204308,56.788769,73.879265
16/05/2017,95.84301,63.870525,72.56913,56.907303,73.792915
17/05/2017,94.591087,63.227566,71.877899,55.129219,72.315323
18/05/2017,94.634308,61.459423,71.8312,54.494186,73.255608
19/05/2017,95.670158,62.263119,71.597679,55.603374,73.265205
22/05/2017,95.497292,62.584606,71.457565,55.425564,72.871819
23/05/2017,96.188751,63.208649,71.765816,56.035202,73.082901
24/05/2017,95.454552,63.019547,71.485588,56.594021,73.025337
25/05/2017,95.627419,63.369385,71.821861,56.356941,75.289688
26/05/2017,95.800278,62.924995,71.924606,56.213005,76.3451
29/05/2017,95.583733,63.019547,71.8312,56.179138,76.364296
30/05/2017,94.029861,62.622421,71.494942,56.135006,75.942131
31/05/2017,93.684509,62.480595,72.606491,55.44656,75.606316
01/06/2017,94.850105,63.227566,72.447693,55.596607,76.671326
02/06/2017,95.929451,63.653053,72.942757,55.958481,76.546593
05/06/2017,95.368118,63.482857,72.671883,55.693691,76.824837
06/06/2017,94.504761,63.161381,71.709755,55.119987,76.431465
07/06/2017,93.727631,63.567955,71.644386,56.029091,76.01889
08/06/2017,93.554962,63.010086,71.980652,56.240921,75.510361
09/06/2017,94.806984,63.265381,72.868034,56.938198,75.990097
12/06/2017,94.24575,62.698063,72.485062,55.949654,74.896301
13/06/2017,95.108833,63.066822,72.56913,55.914349,75.116982
14/06/2017,93.770851,62.972271,73.372437,55.075855,74.857918
15/06/2017,92.77784,63.057369,73.288376,54.590408,74.704414
16/06/2017,94.806984,63.757057,74.343887,54.766937,76.95916
19/06/2017,97.138542,63.889431,74.540054,55.65839,78.364944
20/06/2017,97.354149,64.806595,74.642807,55.208248,78.665489
21/06/2017,97.224968,64.589127,74.259819,54.846371,78.995125
22/06/2017,96.619949,63.965076,73.792786,54.661022,79.421707
23/06/2017,96.275177,63.80434,73.764755,54.28149,79.32476
26/06/2017,96.275177,65.657578,74.269165,54.369751,79.508965
27/06/2017,95.886711,64.229828,72.578468,55.296513,78.888481
28/06/2017,95.368118,63.90834,72.26088,56.779327,78.442513
29/06/2017,93.46862,62.764248,69.953682,56.461578,77.405136
30/06/2017,93.425407,62.225296,69.804237,55.65839,77.792938
03/07/2017,95.022392,63.047909,70.103142,57.317726,78.520065
04/07/2017,94.24575,62.792622,69.860283,57.088242,78.423119
05/07/2017,93.813965,62.811531,70.374023,56.902893,79.392624
06/07/2017,93.080055,61.865997,68.608589,57.670773,78.578247
07/07/2017,92.734718,62.007832,69.0196,57.829643,79.470184
10/07/2017,93.209618,62.168568,69.916313,57.864948,79.499268
11/07/2017,92.389275,61.081207,70.168526,57.600166,79.024216
12/07/2017,94.288864,62.102383,71.989998,58.24448,80.652977
13/07/2017,93.943527,62.480595,72.821335,59.065323,80.565712
14/07/2017,94.461639,62.348221,72.755943,58.518097,80.885658
17/07/2017,94.634308,62.244213,72.634514,58.129742,80.51725
18/07/2017,93.684509,61.743084,72.06472,57.158855,79.159943
19/07/2017,94.332077,62.376587,73.213646,57.229462,80.236092
20/07/2017,93.641296,62.338764,72.811981,56.744019,79.014511
21/07/2017,91.569031,61.128487,71.102615,56.170311,78.578247
24/07/2017,91.871262,60.561169,71.728455,56.691063,78.558846
25/07/2017,91.957596,60.844826,72.055382,57.520725,79.179329
26/07/2017,92.648293,60.892105,72.11142,58.165047,79.751335
27/07/2017,92.216591,61.223038,72.167465,58.253307,78.985435
28/07/2017,90.662453,60.182957,70.364677,58.341572,77.715385
31/07/2017,89.539879,59.653458,70.747658,57.873775,77.492393
01/08/2017,89.885323,59.69128,70.476776,58.950584,78.277695
02/08/2017,89.539879,59.993851,69.75753,58.747574,76.891304
03/08/2017,90.014778,61.156849,70.579521,59.330112,77.172455
04/08/2017,91.482697,63.397755,71.971321,60.124474,79.276276
07/08/2017,91.007797,63.879978,72.251534,60.504005,79.256889
08/08/2017,91.137344,63.539581,72.214172,60.804096,79.140549
09/08/2017,89.928444,63.000633,71.849876,59.374241,78.936951
10/08/2017,89.06498,61.922729,71.560318,58.86232,78.772133
11/08/2017,88.805977,61.383778,70.654251,57.979694,77.792938
14/08/2017,89.798897,62.802071,71.728455,58.86232,79.353844
15/08/2017,90.057999,63.454491,71.877899,59.303635,79.586517
16/08/2017,90.53289,63.454491,72.587807,59.347763,80.73053
17/08/2017,90.187546,62.943897,72.083397,58.429829,81.098946
18/08/2017,88.978653,62.584606,71.522949,58.24448,80.459068
21/08/2017,88.503754,62.877712,71.121292,57.088242,80.255478
22/08/2017,89.669434,63.189743,71.597679,57.476601,81.186203
23/08/2017,89.539879,63.133007,71.083923,56.6381,80.885658
24/08/2017,89.06498,62.877712,70.738327,56.832279,80.808098
25/08/2017,89.021866,63.066822,71.457565,56.682236,80.905045
28/08/2017,88.460625,62.584606,70.990517,56.443928,79.790115
29/08/2017,87.985725,62.4995,70.504807,55.808434,77.996529
30/08/2017,88.460625,62.594051,71.289429,55.746651,79.033897
31/08/2017,88.546974,62.546783,72.251534,56.408619,79.101768
01/09/2017,88.892311,62.234756,73.194962,56.796974,79.731949
04/09/2017,88.676422,61.951092,73.465851,56.382141,79.140549
05/09/2017,88.374207,62.518421,73.325737,55.32299,79.092079
06/09/2017,88.935532,63.237011,74.222458,55.243553,78.772133
07/09/2017,89.539879,63.170822,74.390594,55.18177,79.450783
08/09/2017,89.194542,63.775967,73.830147,55.596607,78.878784
11/09/2017,91.2668,64.674225,74.969734,56.752846,80.546333
12/09/2017,92.475609,64.343285,74.073013,58.112087,81.098946
13/09/2017,91.31002,64.220367,74.904343,58.606361,81.147423
14/09/2017,92.30294,64.296013,74.979065,58.729927,82.417473
15/09/2017,91.439476,63.558495,74.960388,58.24448,82.407776
18/09/2017,91.828041,63.426128,75.184563,58.438656,83.086426
19/09/2017,92.734718,62.981724,75.203247,58.403351,82.776184
20/09/2017,93.295952,62.811531,75.100502,58.29744,82.242958
21/09/2017,94.375206,62.802071,75.221939,58.888798,82.407776
22/09/2017,94.763763,63.066822,74.894997,59.400723,82.38839
25/09/2017,94.893326,63.038456,74.726868,58.544575,82.495033
26/09/2017,96.275177,62.868259,74.857628,58.385704,82.51442
27/09/2017,95.713852,62.196934,75.193901,59.533112,82.485336
28/09/2017,96.317909,62.215847,75.436768,59.727291,83.173683
29/09/2017,97.440582,62.754795,75.100502,60.239216,83.803856
02/10/2017,89.194542,63.095192,75.763695,60.415737,84.385567
03/10/2017,90.317001,63.293755,75.782379,60.468704,84.530991
04/10/2017,90.61924,64.41893,75.231277,59.400723,84.385567
05/10/2017,90.53289,64.768776,74.838951,60.486351,84.521294
06/10/2017,90.014778,64.598579,74.633461,60.371613,84.278923
09/10/2017,90.360222,65.345543,75.156548,59.983253,84.007462
10/10/2017,90.014778,65.080795,74.913696,59.488987,83.871727
11/10/2017,89.798897,65.336098,75.072487,59.462509,83.008873
12/10/2017,89.755775,65.46846,75.343361,58.791714,83.338501
13/10/2017,90.144341,65.137535,75.277977,58.29744,83.212463
16/10/2017,90.317001,65.572472,75.165878,58.429829,82.979782
17/10/2017,89.669434,66.848938,75.137871,58.500443,83.096115
18/10/2017,89.798897,67.189323,75.296654,59.515465,83.474228
19/10/2017,89.712646,66.659836,75.567543,59.418373,82.902229
20/10/2017,90.61924,66.461273,75.735687,60.062695,83.706909
23/10/2017,91.137344,66.489639,75.156548,59.930298,84.45343
24/10/2017,90.273796,65.808853,75.203247,60.089172,84.676407
25/10/2017,92.518829,64.920059,75.184563,59.559597,85.054527
26/10/2017,93.382286,65.84668,77.49176,60.300999,87.100166
27/10/2017,94.288864,66.187065,77.482422,60.459873,88.438087
30/10/2017,94.116188,65.676483,78.27639,60.795269,86.043411
31/10/2017,94.375206,66.319443,78.509918,59.171238,87.67218
01/11/2017,95.411812,66.432915,78.650032,58.209171,87.497665
02/11/2017,95.670158,66.168159,79.21048,58.412182,87.546143
03/11/2017,96.231491,66.688202,80.172585,58.041481,88.55442
06/11/2017,95.756584,66.565285,80.051155,57.335377,87.79821
07/11/2017,94.979652,65.827766,80.182991,57.150024,87.255295
08/11/2017,94.159409,65.657578,80.521988,57.211807,85.8592
09/11/2017,92.130264,65.685944,80.164146,57.035286,84.259529
10/11/2017,92.087143,65.20372,79.401405,57.158855,84.346786
13/11/2017,91.180466,65.459015,78.789322,56.691063,84.007462
14/11/2017,91.007797,65.042984,78.911736,56.002613,85.161163
15/11/2017,90.662453,64.938972,78.939995,56.338013,85.296898
16/11/2017,91.007797,65.459015,80.606743,56.302704,85.267807
17/11/2017,90.748695,65.165894,79.909904,55.737823,84.550377
20/11/2017,91.655365,65.345543,80.371323,55.473034,84.249832
21/11/2017,92.562042,65.477921,80.625572,55.411251,84.463127
22/11/2017,91.439476,65.704849,81.510735,55.561302,84.278923
23/11/2017,91.655365,66.423454,81.783821,55.578953,84.346786
24/11/2017,91.784912,66.934036,81.59549,56.170311,84.152885
27/11/2017,90.878242,66.650375,81.124657,55.746651,84.337082
28/11/2017,91.007797,67.491898,81.859161,55.993786,86.198532
29/11/2017,91.007797,67.539169,81.830902,56.744019,87.67218
30/11/2017,90.791901,67.056953,80.832733,56.117355,86.799622
01/12/2017,89.1082,65.988503,79.9664,55.473034,85.073906
04/12/2017,91.353142,65.827766,81.463661,56.541012,86.411819
05/12/2017,92.087143,66.300537,82.019234,56.055569,86.237312
06/12/2017,92.821053,66.95295,82.838486,55.481865,86.091888
07/12/2017,92.691498,66.971863,83.064491,55.728996,86.789925
08/12/2017,93.123184,67.075867,82.640747,57.405987,86.353653
11/12/2017,92.691498,66.971863,81.40715,56.894066,85.21933
12/12/2017,93.339066,67.643181,81.877991,57.220638,85.461716
13/12/2017,93.166397,67.23661,81.199989,56.805801,84.938179
14/12/2017,92.432487,66.877312,81.40715,56.037918,83.212463
15/12/2017,93.598083,67.321701,81.953323,55.534817,83.483925
18/12/2017,93.857185,67.907928,82.716072,55.923176,85.393852
19/12/2017,93.080055,67.056953,82.122818,55.65839,85.413231
20/12/2017,92.30294,66.347801,81.209404,55.455387,85.161163
21/12/2017,92.389275,66.76384,81.209404,55.861393,85.801041
22/12/2017,92.000717,66.754387,80.917488,55.561302,85.364769
27/12/2017,92.130264,66.89621,80.747986,55.358295,85.151466
28/12/2017,91.396355,66.319443,80.625572,55.25238,83.90081
29/12/2017,90.705574,66.139793,80.182991,54.943459,83.290024
02/01/2018,90.230675,65.213173,79.9664,54.802242,82.601677
03/01/2018,90.921455,65.648117,79.627403,55.287682,83.008873
04/01/2018,92.993729,66.622009,81.623741,56.285053,85.975548
05/01/2018,93.770851,67.841743,83.092743,56.390965,86.479691
08/01/2018,94.806984,67.387886,83.243408,56.929371,86.32457
09/01/2018,94.893326,67.293335,83.394066,57.75021,86.964439
10/01/2018,93.727631,65.279358,82.471237,58.632835,86.848106
11/01/2018,92.475609,65.657578,80.343063,59.135937,87.255295
12/01/2018,93.080055,65.799393,80.230072,59.541939,87.720657
15/01/2018,93.339066,65.402275,79.64624,59.603725,87.15834
16/01/2018,93.598083,65.005157,82.433571,59.144764,87.875771
17/01/2018,94.029861,65.355003,82.32058,58.588703,87.352242
18/01/2018,94.806984,65.638657,82.301735,58.809361,88.399307
19/01/2018,94.116188,66.555824,82.640747,59.091797,88.476868
22/01/2018,94.288864,66.744926,82.866737,59.62138,88.030899
23/01/2018,93.770851,67.132599,82.546585,59.647858,87.740044
24/01/2018,92.864166,66.395088,81.887405,59.294807,87.274673
25/01/2018,93.727631,65.714302,82.113396,60.018562,86.770538
26/01/2018,93.986732,66.054695,82.94207,60.265694,87.294075
29/01/2018,94.20253,65.39283,82.452408,60.327477,87.487976
30/01/2018,93.382286,65.213173,81.680237,59.33894,87.042
31/01/2018,93.727631,65.676483,81.925072,58.782883,88.166626
01/02/2018,92.346161,65.563019,81.077568,58.809361,86.673592
02/02/2018,90.187546,64.768776,79.928734,58.253307,84.094711
05/02/2018,89.1082,63.577408,78.553902,57.706078,82.659851
06/02/2018,87.4244,62.055103,77.932404,55.826088,82.737404
07/02/2018,88.892311,63.501766,78.742241,56.973503,84.230438
08/02/2018,86.206963,61.572887,75.87957,56.858757,81.535217
09/02/2018,84.56646,60.315331,73.337059,55.781956,80.565712
12/02/2018,85.291733,60.854282,75.258064,55.931999,81.535217
13/02/2018,84.618225,60.400429,75.276894,55.605431,81.923027
14/02/2018,85.136345,60.759731,76.388069,56.117355,83.668129
15/02/2018,87.208611,60.627357,77.216728,56.399796,85.141777
16/02/2018,88.072075,61.922729,78.177231,57.061764,86.382736
19/02/2018,87.8993,60.958294,77.40506,57.026459,86.40213
20/02/2018,88.158409,60.996113,77.951233,57.441292,87.11956
21/02/2018,88.072075,61.185219,78.06424,57.32655,87.546143
22/02/2018,88.892311,61.733627,77.725235,57.458946,87.352242
23/02/2018,88.805977,62.234756,78.06424,57.273594,87.546143
26/02/2018,89.151321,63.643593,77.819397,57.255943,87.15834
27/02/2018,89.237747,62.972271,77.857071,57.829643,88.573814
28/02/2018,89.06498,62.168568,76.576401,57.697258,88.127846
01/03/2018,87.769852,61.686348,75.314568,57.114719,86.247009
02/03/2018,86.016991,60.296417,74.259903,55.499516,82.252647
05/03/2018,86.992714,61.327049,75.333405,54.775764,82.737404
06/03/2018,86.561035,61.062302,74.9944,55.11116,82.718018
07/03/2018,87.640289,61.676895,75.258064,55.155293,83.551788
08/03/2018,89.280876,62.943897,76.406898,55.561302,85.393852
09/03/2018,89.194542,63.823242,76.463387,55.543648,86.053108
12/03/2018,88.676422,64.050171,76.312737,55.499516,85.936768
13/03/2018,87.726631,63.482857,75.917236,55.23473,85.801041
14/03/2018,87.208611,63.161381,76.19973,54.396233,85.044823
15/03/2018,87.813057,63.690868,76.614075,54.555107,85.897987
16/03/2018,87.769852,63.615231,77.292068,55.119987,85.296898
19/03/2018,86.561035,62.631874,75.936073,54.484493,84.055931
20/03/2018,86.949509,63.047909,76.105576,54.369751,85.122391
21/03/2018,86.776833,62.159111,75.672401,54.043182,83.745689
22/03/2018,86.016991,61.506702,74.636566,53.054642,82.368996
23/03/2018,85.688934,60.66518,73.902069,52.286758,80.429985
26/03/2018,84.877235,60.476067,73.581902,51.969013,79.499268
27/03/2018,85.91346,60.561169,75.314568,52.542717,81.573997
28/03/2018,86.224236,61.799812,75.295731,52.975208,81.961807
29/03/2018,85.896187,62.149662,75.239235,53.107597,83.357887
03/04/2018,85.378067,61.241947,74.372902,52.683937,82.989471
04/04/2018,85.101768,61.090664,73.751404,52.46328,81.050468
05/04/2018,88.158409,62.386047,75.992561,53.92844,84.773361
06/04/2018,87.4244,61.894363,75.540565,53.460648,85.025436
09/04/2018,87.640289,62.007832,76.067902,53.71661,86.130661
10/04/2018,87.338158,61.449963,76.369225,54.113796,85.917381
11/04/2018,86.431488,61.270317,75.80423,53.769569,85.316284
12/04/2018,87.208611,61.374329,75.917236,54.043182,85.684692
13/04/2018,87.4244,61.705257,77.800568,54.237362,85.956161
16/04/2018,87.208611,61.733627,77.894737,54.316799,85.645912
17/04/2018,88.719643,62.461678,78.120735,54.661022,86.770538
18/04/2018,88.935532,63.426128,78.45974,54.934635,87.197121
19/04/2018,89.496765,62.839897,78.85524,55.243553,87.429802
20/04/2018,90.403343,62.764248,79.5709,55.790783,87.332855
23/04/2018,90.662453,62.329304,79.683914,56.399796,87.197121
24/04/2018,91.525818,62.329304,80.357071,56.488056,87.720657
25/04/2018,90.662453,62.603512,79.337708,56.046741,87.75943
26/04/2018,91.396355,63.227566,79.799301,55.817261,91.850739
27/04/2018,92.648293,63.350479,79.587738,56.108528,92.335487
30/04/2018,93.295952,63.435574,79.914703,56.470406,94.487785
02/05/2018,93.511833,63.010086,81.10717,56.796974,94.584732
03/05/2018,93.209618,63.14246,80.760979,55.958481,94.836807
04/05/2018,93.813965,63.337109,81.453369,55.314163,94.526566
07/05/2018,93.684509,63.444164,81.838043,55.049374,95.282776
08/05/2018,93.684509,63.619343,81.511078,54.6875,95.205215
09/05/2018,93.425407,62.986748,81.895752,55.296513,95.883873
10/05/2018,93.770851,63.473358,82.299644,55.384773,96.69825
11/05/2018,93.339066,62.996483,82.261177,55.402424,96.388016
14/05/2018,93.166397,63.045139,82.491982,55.499516,95.845085
15/05/2018,93.511833,63.122997,81.857269,55.773129,96.155334
16/05/2018,95.238953,62.879696,82.126541,54.961113,96.872765
17/05/2018,96.663643,63.453892,82.415039,54.88168,98.307625
18/05/2018,96.70639,63.14246,83.607513,54.352104,98.210686
21/05/2018,97.396881,64.144882,83.58828,54.396233,99.228661
22/05/2018,97.396881,63.872375,83.915245,55.340645,98.840851
23/05/2018,96.275177,63.833447,82.549675,54.537457,97.532021
24/05/2018,95.84301,64.621758,82.415039,54.05201,97.435081
25/05/2018,96.188751,65.390602,82.415039,53.434174,98.404579
28/05/2018,95.004814,65.672836,82.43428,52.860466,98.162201
29/05/2018,94.339844,65.049973,80.837898,50.503853,98.901001
30/05/2018,94.738838,64.952652,80.876373,50.541126,99.245781
31/05/2018,93.453178,63.638805,80.510941,49.441593,100.624878
01/06/2018,95.669777,64.17408,81.722649,50.214993,102.151733
04/06/2018,95.669777,63.434429,82.06884,50.401352,100.821884
05/06/2018,96.290474,63.035404,81.66494,49.497501,100.23085
06/06/2018,97.265793,62.14978,81.703407,50.028629,100.526375
07/06/2018,97.088387,62.003796,81.376442,50.419991,100.477112
08/06/2018,97.088387,62.587727,81.087944,50.037949,101.018906
11/06/2018,98.240814,63.171661,81.222572,50.951118,101.314423
12/06/2018,97.620514,63.677734,80.85714,50.93248,100.871147
13/06/2018,97.975533,63.677734,80.780205,50.792709,101.166664
14/06/2018,99.393639,63.249516,82.511215,51.100208,102.595016
15/06/2018,98.108177,63.171661,81.780342,50.447941,101.856216
18/06/2018,97.443108,62.470943,80.760979,50.270901,100.280106
19/06/2018,95.891472,62.247101,81.261032,50.084538,98.053841
20/06/2018,95.758438,62.062191,80.741737,50.037949,98.556229
21/06/2018,95.359436,61.955135,79.318474,49.572048,97.502205
22/06/2018,96.512161,63.015945,80.030106,50.242943,98.211449
25/06/2018,94.605804,61.643703,79.010742,49.264549,95.630577
26/06/2018,93.985115,61.361469,79.433868,49.143417,96.182213
27/06/2018,94.472778,61.565845,79.395401,49.245911,98.556229
28/06/2018,93.896454,61.332275,78.587601,49.115459,98.654739
29/06/2018,95.49247,61.186291,79.203064,49.562725,102.496513
02/07/2018,94.827499,61.945404,78.299095,49.329777,100.772636
03/07/2018,95.226494,62.38335,79.818535,49.562725,101.117409
04/07/2018,94.339844,63.093803,80.222435,49.581364,101.068153
05/07/2018,95.891472,63.794521,81.261032,50.447941,101.462181
06/07/2018,96.866791,63.998898,81.511078,50.187038,101.314423
09/07/2018,96.999817,62.714249,81.972672,50.233627,101.412926
10/07/2018,98.019417,62.714249,82.511215,49.767723,102.44725
11/07/2018,96.600723,61.925941,82.011147,49.003643,102.003975
12/07/2018,97.221413,63.054874,82.915115,48.826603,104.909927
13/07/2018,97.132751,63.434429,82.376579,48.807968,105.796494
16/07/2018,96.600723,63.453892,82.799706,48.947735,105.303955
17/07/2018,97.132751,63.337109,82.934349,48.584332,106.33828
18/07/2018,98.285683,63.823719,82.22271,48.519104,106.190521
19/07/2018,97.265793,64.057289,81.337975,48.286156,105.69799
20/07/2018,96.334747,64.563362,81.10717,48.174339,106.042763
23/07/2018,95.758438,64.076752,80.876373,48.565697,105.2547
24/07/2018,96.645096,63.794521,81.645706,49.879539,105.451721
25/07/2018,96.955444,63.551216,80.837898,49.54409,105.500969
26/07/2018,98.152061,63.882111,81.299515,50.1684,106.09201
27/07/2018,98.862091,65.779884,84.011414,51.062935,105.747238
30/07/2018,96.379128,65.390602,82.818947,51.342476,105.550224
31/07/2018,97.088387,65.410065,82.703552,51.873604,104.466652
01/08/2018,97.310066,65.478188,81.299515,51.631336,104.417397
02/08/2018,96.645096,66.315155,80.318604,50.89521,103.432327
03/08/2018,95.891472,66.37355,81.203346,50.708847,103.924858
06/08/2018,95.802818,66.208099,80.895615,50.345444,105.00843
07/08/2018,96.999817,66.315155,81.607239,50.820667,106.190521
08/08/2018,96.246094,66.743378,81.376442,50.690212,105.402466
09/08/2018,96.068787,66.393013,81.261032,50.485214,106.239769
10/08/2018,94.339844,65.711761,79.972404,48.975693,105.205452
13/08/2018,94.650085,65.789619,79.933945,48.463196,105.796494
14/08/2018,94.738838,66.22757,79.991638,48.323425,105.944252
15/08/2018,93.364525,65.176491,78.318344,47.894798,105.106941
16/08/2018,94.118149,65.857742,78.106773,47.894798,105.2547
17/08/2018,93.85218,65.877213,78.77993,47.512756,105.205452
20/08/2018,94.561523,66.217834,78.856865,47.6898,106.09201
21/08/2018,94.960434,66.616852,79.818535,48.248882,106.633804
22/08/2018,95.44809,66.470879,80.049332,48.519104,106.33828
23/08/2018,95.669777,66.519531,80.049332,48.45388,107.372604
24/08/2018,95.44809,66.568199,79.914703,48.425926,108.259171
27/08/2018,96.822411,66.996407,80.395531,48.882507,110.180054
28/08/2018,96.733757,67.045074,79.914703,48.444561,110.327812
29/08/2018,97.310066,67.20079,80.395531,48.45388,111.509895
30/08/2018,97.531761,66.66552,80.453239,47.801617,111.214378
31/08/2018,96.201813,66.003723,79.395401,47.158672,110.623337
03/09/2018,96.556442,66.052391,78.972275,47.205261,110.771088
04/09/2018,94.472778,64.835869,77.991364,47.410259,108.505432
05/09/2018,93.630493,63.697193,76.41423,47.624573,107.471107
06/09/2018,93.187111,63.667999,77.318199,47.512756,114.317345
07/09/2018,93.763519,63.444164,77.16433,47.009583,115.647194
10/09/2018,93.630493,63.53175,77.799034,47.158672,113.972565
11/09/2018,93.630493,63.093803,77.856728,47.177307,115.745697
12/09/2018,93.763519,63.093803,77.664398,47.149349,116.041222
13/09/2018,93.85218,63.541485,77.41436,47.792297,116.090469
14/09/2018,94.472778,63.648537,77.625938,48.025249,116.287491
17/09/2018,94.783119,63.054874,77.491295,48.295475,116.041222
18/09/2018,94.605804,63.14246,78.664536,48.351379,115.893456
19/09/2018,95.714157,62.597458,77.722107,49.348412,117.765091
20/09/2018,96.379128,64.222733,78.722237,50.60635,119.193443
21/09/2018,97.798027,64.962379,79.818535,50.811344,118.356133
24/09/2018,97.664406,64.018356,78.433731,50.857941,117.715836
25/09/2018,97.443108,64.475777,79.010742,50.951118,118.700905
26/09/2018,99.659904,65.127831,79.049194,50.90453,119.14418
27/09/2018,100.635216,65.332207,79.241539,50.75544,119.685974
28/09/2018,100.45771,64.913719,78.876091,49.115459,118.897919
01/10/2018,100.767868,66.285965,78.856865,48.444561,118.602402
02/10/2018,101.255524,65.81881,78.125999,48.435242,116.730766
03/10/2018,102.098198,65.90641,78.376038,48.584332,117.223297
04/10/2018,100.280205,64.475777,77.856728,48.733421,114.317345
05/10/2018,99.12738,63.726398,77.741325,48.314106,114.563614
08/10/2018,98.994736,63.697193,77.12587,47.661846,112.297951
09/10/2018,99.748657,63.882111,76.491158,47.736389,110.278557
10/10/2018,96.556442,63.580414,75.875694,47.960022,107.717377
11/10/2018,94.472778,62.217903,74.587059,46.767311,104.909927
12/10/2018,93.187111,62.159512,74.08699,46.511066,107.175591
15/10/2018,93.364525,62.655849,74.183159,46.124367,105.894997
16/10/2018,95.226494,63.29818,75.702591,46.329365,110.278557
17/10/2018,94.605804,60.553699,75.433327,46.217545,108.308418
18/10/2018,94.206802,61.13763,75.04866,45.868118,107.126335
19/10/2018,93.719139,62.091385,74.663986,45.402214,105.894997
22/10/2018,94.16243,61.449062,73.779259,45.01086,106.535294
23/10/2018,93.054176,61.186291,71.605888,44.316666,103.629333
24/10/2018,93.364525,61.419865,74.260094,43.291676,107.766632
25/10/2018,95.49247,61.643703,75.337158,43.939281,109.293488
26/10/2018,94.561523,60.923523,74.471657,43.683037,108.062149
29/10/2018,93.674774,60.086555,74.894791,44.237457,106.239769
30/10/2018,93.320145,60.612091,75.529495,42.998158,107.027832
31/10/2018,94.871773,60.90406,75.856453,42.984184,112.347206
01/11/2018,93.940834,61.098701,75.664131,43.100658,111.411385
02/11/2018,93.763519,61.254417,74.952499,43.426788,111.115868
05/11/2018,94.472778,61.633976,75.337158,43.300999,109.441246
06/11/2018,93.408798,61.234951,75.191513,43.263725,108.850204
07/11/2018,94.960434,61.332275,77.016922,43.55724,111.706909
08/11/2018,95.004814,61.653435,76.278992,43.60849,112.642723
09/11/2018,94.561523,63.852913,76.550865,43.203159,110.771088
12/11/2018,94.738838,64.213005,75.754669,42.485668,109.933784
13/11/2018,95.049187,64.748276,75.929443,43.072701,111.214378
14/11/2018,93.85218,63.512287,75.948868,42.904976,109.539757
15/11/2018,94.42849,63.453892,75.133255,42.392483,107.618874
16/11/2018,93.497459,63.356571,74.861382,42.112942,107.07708
19/11/2018,93.054176,62.977016,74.570099,42.196808,106.33828
20/11/2018,91.192192,63.239788,74.162285,41.283638,105.303955
21/11/2018,91.901543,63.667999,74.783707,41.735565,105.944252
22/11/2018,91.014885,63.53175,74.395325,41.264999,104.860672
23/11/2018,91.546822,64.105949,74.628357,41.334888,107.224838
26/11/2018,93.497459,64.057289,76.259575,42.248055,106.584541
27/11/2018,92.522141,64.631493,75.89061,42.010445,106.633804
28/11/2018,92.034485,63.667999,75.696419,41.70295,104.565155
29/11/2018,92.344826,63.78479,75.327454,41.721588,109.835274
30/11/2018,94.650085,64.290855,74.861382,41.348862,108.702446
03/12/2018,94.871773,63.667999,73.210747,41.786812,110.475571
04/12/2018,95.049187,63.775055,74.434166,40.868984,110.081543
05/12/2018,94.073868,62.860226,72.492241,40.458988,107.471107
06/12/2018,92.300545,61.731297,68.919083,38.935486,104.417397
07/12/2018,93.497459,62.091385,70.569725,38.758446,104.072624
10/12/2018,93.408798,61.283615,69.579338,37.644939,101.018906
11/12/2018,94.073868,61.127899,71.560097,37.905842,103.727844
12/12/2018,95.137749,62.412544,72.608742,39.047302,107.027832
13/12/2018,95.226494,62.597458,72.336876,39.312866,106.978577
14/12/2018,95.049187,62.363888,71.385323,38.758446,106.584541
17/12/2018,94.295464,61.536652,70.25901,37.812664,105.993507
18/12/2018,93.320145,61.011112,69.268623,37.789368,105.599472
19/12/2018,95.44809,61.13763,69.52108,38.092205,104.762169
20/12/2018,94.694458,60.592628,69.346306,36.713135,102.545761
21/12/2018,95.403809,60.563431,69.346306,36.806313,101.117409
24/12/2018,94.694458,59.969769,68.453018,36.14473,100.083084
27/12/2018,92.965515,58.665653,68.588959,35.916435,99.196518
28/12/2018,94.206802,59.045208,69.870628,36.689838,101.560692
31/12/2018,96.15744,59.862713,69.928879,36.783016,103.826355
