,DG.PA.Open,DG.PA.High,DG.PA.Low,DG.PA.Close,DG.PA.Volume,DG.PA.Adjusted
2012-12-28,36.575001,36.599998,35.68,35.695,1126609,28.360119
2013-01-02,36.599998,36.84,36.355,36.84,1976015,29.269838
2013-01-03,36.799999,37.049999,36.419998,37,1435165,29.396961
2013-01-04,36.715,37.145,36.625,37.119999,1575197,29.492302
2013-01-07,37.474998,37.52,36.560001,36.764999,1311218,29.210253
2013-01-08,36.580002,37.09,36.575001,36.665001,998306,29.1308
2013-01-09,36.845001,37.099998,36.724998,37.099998,1248813,29.476419
2013-01-10,37.150002,37.314999,36.880001,36.950001,1234472,29.357237
2013-01-11,37,37.205002,36.860001,37.095001,1116325,29.472441
2013-01-14,37.334999,37.375,37.029999,37.235001,965015,29.583673
2013-01-15,37,37.544998,36.950001,37.294998,1598955,29.63134
2013-01-16,37.389999,37.494999,36.900002,37.310001,1223247,29.643263
2013-01-17,37.310001,37.895,37.150002,37.794998,1508170,30.028597
2013-01-18,37.889999,37.889999,37.450001,37.689999,1481289,29.945179
2013-01-21,37.785,37.959999,37.509998,37.959999,745127,30.159691
2013-01-22,37.865002,37.985001,37.325001,37.865002,1539481,30.084221
2013-01-23,37.849998,37.924999,37.439999,37.779999,1238274,30.016684
2013-01-24,37.785,38.049999,37.474998,37.900002,1091812,30.112024
2013-01-25,37.895,38.494999,37.744999,38.494999,1818208,30.584759
2013-01-28,38.384998,38.419998,38.105,38.18,1238729,30.334486
2013-01-29,38.25,38.41,38.035,38.224998,875553,30.370243
2013-01-30,38.345001,38.5,37.764999,37.884998,1191749,30.100105
2013-01-31,37.855,38.049999,37.52,37.525002,1335831,29.814085
2013-02-01,37.505001,38.220001,37.5,37.98,1565427,30.175585
2013-02-04,38,38,36.200001,36.224998,2766186,28.781214
2013-02-05,36.205002,36.970001,36.18,36.615002,1808766,29.091084
2013-02-06,36.195,36.244999,35.09,35.404999,3567510,28.129715
2013-02-07,35.580002,35.849998,35,35.064999,2291131,27.859581
2013-02-08,35.174999,35.744999,35.09,35.5,1724929,28.205194
2013-02-11,35.540001,35.775002,35.16,35.400002,1091787,28.125744
2013-02-12,35.384998,35.915001,35.209999,35.915001,1317350,28.53492
2013-02-13,36.080002,36.080002,35.450001,35.59,1228621,28.276701
2013-02-14,35.415001,35.834999,35.355,35.735001,1509230,28.391905
2013-02-15,35.509998,35.764999,35.005001,35.005001,2090127,27.811913
2013-02-18,35.005001,35.259998,34.700001,35.259998,1071780,28.014511
2013-02-19,35.099998,35.810001,35.035,35.810001,1631366,28.451494
2013-02-20,35.715,35.794998,35.189999,35.224998,1541464,27.986706
2013-02-21,34.869999,34.994999,34.150002,34.494999,2222563,27.406706
2013-02-22,34.564999,35.610001,34.564999,35.610001,1879617,28.292585
2013-02-25,35.744999,36.514999,35.669998,35.950001,2334062,28.562723
2013-02-26,34.915001,35.314999,34.674999,34.799999,2720313,27.649031
2013-02-27,34.950001,35.619999,34.630001,35.599998,1854294,28.284645
2013-02-28,35.884998,35.939999,35.314999,35.450001,1589658,28.165462
2013-03-01,35.490002,35.490002,34.845001,35.380001,1566822,28.109852
2013-03-04,35.080002,35.560001,34.939999,35.400002,1087114,28.125744
2013-03-05,35.720001,36.130001,35.720001,36.064999,1488683,28.654093
2013-03-06,36.084999,36.27,35.849998,35.939999,1186988,28.554777
2013-03-07,35.919998,36.365002,35.810001,36.189999,1019478,28.753405
2013-03-08,36.294998,36.599998,36.25,36.575001,1312383,29.059294
2013-03-11,36.32,36.494999,36.055,36.494999,1036961,28.995726
2013-03-12,36.294998,36.685001,36.244999,36.490002,1586357,28.99176
2013-03-13,36.41,36.494999,36.005001,36.494999,1217688,28.995726
2013-03-14,36.669998,36.700001,36.275002,36.610001,2041988,29.087109
2013-03-15,36.595001,36.625,35.924999,36.185001,2848127,28.749437
2013-03-18,35.16,35.755001,35.150002,35.715,1842223,28.376019
2013-03-19,35.310001,35.669998,35.075001,35.310001,1684758,28.054239
2013-03-20,35.360001,35.860001,35.360001,35.724998,1743059,28.383965
2013-03-21,35.580002,35.775002,35.125,35.209999,2532822,27.974785
2013-03-22,35.09,35.349998,34.970001,35.125,2043877,27.907249
2013-03-25,35.424999,35.75,34.900002,35.09,2097544,27.879452
2013-03-26,35.09,36.060001,35.09,35.764999,3009423,28.415745
2013-03-27,35.490002,35.689999,34.759998,35.105,2410860,27.891361
2013-03-28,34.84,35.470001,34.814999,35.145,1936431,27.923145
2013-04-02,35.134998,35.794998,35.105,35.599998,2062266,28.284645
2013-04-03,35.404999,35.799999,35.279999,35.310001,1688074,28.054239
2013-04-04,35.325001,36.060001,35.205002,35.345001,2315633,28.082048
2013-04-05,35.209999,35.564999,34.580002,35.099998,2292229,27.887388
2013-04-08,35.285,35.529999,35.189999,35.209999,1617774,27.974785
2013-04-09,35.419998,35.509998,35.240002,35.360001,1812644,28.093966
2013-04-10,35.404999,36.209999,35.404999,36,1799615,28.602451
2013-04-11,35.830002,36.505001,35.830002,36.275002,1646382,28.820944
2013-04-12,36.07,36.27,35.665001,35.860001,1722983,28.49122
2013-04-15,35.705002,35.955002,35.435001,35.715,1785166,28.376019
2013-04-16,35.455002,35.68,35.200001,35.465,1870559,28.177389
2013-04-17,35.689999,35.77,34.305,34.619999,3133460,27.506021
2013-04-18,34.650002,34.794998,34.259998,34.525002,2120399,27.43054
2013-04-19,34.715,34.814999,34.419998,34.580002,2266103,27.474243
2013-04-22,34.810001,35.080002,34.355,34.650002,1873814,27.529863
2013-04-23,33.945,34.41,33.25,34.330002,2932499,28.271017
2013-04-24,34.470001,35.34,34.435001,35.185001,2919596,28.975115
2013-04-25,35.27,35.869999,35.27,35.5,1761461,29.234522
2013-04-26,36.23,36.994999,35.974998,36.705002,4380183,30.226847
2013-04-29,36.720001,37.244999,36.66,37.244999,1714582,30.671541
2013-04-30,37.314999,37.415001,36.5,36.560001,2033398,30.107439
2013-05-02,36.605,37.035,36.18,36.654999,2145763,30.185667
2013-05-03,36.705002,37.535,36.48,37.349998,1679300,30.758005
2013-05-06,37.349998,37.450001,37.009998,37.294998,1045982,30.712711
2013-05-07,37.264999,37.939999,37.264999,37.66,1361431,31.013294
2013-05-08,37.595001,37.959999,37.465,37.950001,993926,31.252115
2013-05-09,37.77,37.939999,37.695,37.849998,1142114,31.169754
2013-05-10,37.794998,37.93,37.369999,37.695,1387915,31.04212
2013-05-13,37.639999,37.82,37.305,37.549999,1485168,30.922714
2013-05-14,37.755001,37.785,37.259998,37.709999,1458124,31.05447
2013-05-15,37.740002,37.904999,37.494999,37.875,1120669,31.19035
2013-05-16,37.744999,37.869999,37.259998,37.715,1001178,31.058588
2013-05-17,37.634998,38.240002,37.57,38.025002,2761480,31.313881
2013-05-20,38.23,38.445,38.115002,38.439999,1140632,31.655636
2013-05-21,38.450001,38.610001,38.040001,38.535,1421475,31.733866
2013-05-22,38.560001,38.560001,37.865002,38.014999,1787629,31.305639
2013-05-23,37.005001,37.5,36.755001,37.255001,2392658,30.679777
2013-05-24,37.514999,38.055,37.32,37.494999,1619899,30.877417
2013-05-27,37.674999,37.974998,37.544998,37.865002,780953,31.182123
2013-05-28,38,39.450001,37.970001,39.305,3229184,32.36797
2013-05-29,38.91,39.404999,38.52,39.349998,2263142,32.405022
2013-05-30,39.07,40.099998,39,40,2487180,32.940304
2013-05-31,39.889999,40.064999,39.195,39.695,2422307,32.689133
2013-06-03,39.540001,39.900002,38.775002,39.494999,1785685,32.524433
2013-06-04,39.830002,40.334999,39.639999,39.799999,2741742,32.7756
2013-06-05,39.5,39.650002,38.759998,38.779999,2076027,31.935629
2013-06-06,38.799999,39.095001,38.564999,38.564999,1426914,31.758572
2013-06-07,39.174999,40.029999,39.145,39.790001,3418074,32.767357
2013-06-10,39.740002,39.900002,39.459999,39.674999,1108175,32.672661
2013-06-11,39.799999,39.799999,38.775002,39.099998,1624623,32.199146
2013-06-12,39.134998,39.275002,38.605,38.66,1187418,31.836805
2013-06-13,38.25,38.875,37.810001,38.599998,1596907,31.787399
2013-06-14,38.84,39,38.345001,38.595001,1225910,31.783281
2013-06-17,38.650002,39.470001,38.610001,39.16,1069216,32.248562
2013-06-18,38.915001,39.490002,38.77,39.244999,1409689,32.318558
2013-06-19,39.200001,39.200001,38.669998,38.799999,1265379,31.952099
2013-06-20,38.209999,38.424999,37.384998,37.5,2284194,30.881533
2013-06-21,37.615002,37.695,36.810001,36.810001,3231330,30.313313
2013-06-24,36.764999,36.865002,35.900002,36.174999,2193695,29.790388
2013-06-25,36.700001,37.810001,36.599998,37.595001,2594779,30.959774
2013-06-26,37.794998,38.654999,37.450001,38.490002,2381924,31.696808
2013-06-27,38.490002,39.014999,37.860001,38.810001,1592366,31.960333
2013-06-28,38.889999,39,38.299999,38.555,1472360,31.750332
2013-07-01,38.645,39.369999,38.224998,39.049999,1299255,32.157974
2013-07-02,39,39.165001,38.654999,38.700001,1356481,31.869747
2013-07-03,38.200001,38.325001,37.865002,38.150002,1870649,31.416819
2013-07-04,38.490002,39.285,38.220001,39.145,1534195,32.23621
2013-07-05,39.064999,39.299999,38.404999,38.404999,1550832,31.626808
2013-07-08,38.674999,39.334999,38.665001,39.279999,1424889,32.347378
2013-07-09,39.224998,39.375,38.959999,39.02,1384579,32.133266
2013-07-10,38.900002,39.235001,38.470001,39.165001,1195813,32.252674
2013-07-11,39.575001,39.849998,39.419998,39.849998,1876703,32.81678
2013-07-12,39.889999,39.990002,39.314999,39.330002,1522031,32.388557
2013-07-15,39.334999,39.610001,39.25,39.580002,950582,32.594437
2013-07-16,39.575001,39.639999,38.939999,39.345001,970816,32.400906
2013-07-17,39.400002,39.615002,38.900002,39.5,1093428,32.528557
2013-07-18,39.32,39.605,39.095001,39.605,1430146,32.615025
2013-07-19,39.400002,39.705002,38.970001,39.705002,1580918,32.697369
2013-07-22,39.744999,40.064999,39.400002,40.064999,1369305,32.993832
2013-07-23,40.099998,40.259998,39.674999,39.689999,1325984,32.68502
2013-07-24,39.834999,40.404999,39.705002,40.305,1620925,33.191479
2013-07-25,40.189999,40.650002,39.970001,40.32,1341296,33.203827
2013-07-26,40.490002,40.555,40.139999,40.450001,1132513,33.310879
2013-07-29,40.5,40.619999,40.380001,40.459999,1254322,33.319111
2013-07-30,40.5,40.919998,40.365002,40.849998,1453432,33.640293
2013-07-31,40.299999,40.650002,39.830002,40.59,2692087,33.426174
2013-08-01,40.68,40.985001,40.59,40.884998,1726979,33.669098
2013-08-02,40.955002,41,40.634998,40.805,1215064,33.60323
2013-08-05,40.779999,40.974998,40.470001,40.665001,960062,33.487942
2013-08-06,40.564999,40.715,39.939999,40.200001,1165082,33.105007
2013-08-07,40,40.040001,39.540001,40,1209639,32.940304
2013-08-08,40.174999,40.865002,40.145,40.865002,1766784,33.652637
2013-08-09,40.849998,41.025002,40.580002,40.915001,1096524,33.693813
2013-08-12,41,41.099998,40.715,41.095001,924131,33.842045
2013-08-13,41.099998,41.384998,41.044998,41.305,911707,34.014984
2013-08-14,41.299999,41.715,41.259998,41.715,1296635,34.352615
2013-08-15,41.735001,41.830002,41.084999,41.52,940014,34.192039
2013-08-16,41.52,41.735001,41.075001,41.700001,1155437,34.340275
2013-08-19,41.650002,41.689999,40.93,41.150002,1045342,33.887344
2013-08-20,41.049999,41.09,40.154999,40.380001,1359372,33.253242
2013-08-21,40.490002,40.645,40.294998,40.294998,813954,33.183235
2013-08-22,40.455002,40.790001,40.380001,40.68,1035437,33.500294
2013-08-23,40.775002,40.779999,40.145,40.575001,677724,33.413818
2013-08-26,40.630001,40.639999,40.150002,40.540001,503488,33.385002
2013-08-27,40.404999,40.564999,39.325001,39.584999,1659603,32.598553
2013-08-28,39.419998,39.639999,38.619999,39.34,1563614,32.396793
2013-08-29,39.474998,39.549999,39.07,39.435001,1039730,32.475018
2013-08-30,39.285,39.5,39.060001,39.07,1673607,32.174446
2013-09-02,39.459999,40.049999,39.450001,39.830002,1074628,32.800316
2013-09-03,39.965,40.099998,39.314999,39.790001,1252967,32.767357
2013-09-04,39.790001,40.220001,39.494999,40.025002,1291543,32.960888
2013-09-05,40.145,40.5,39.860001,40.395,1045667,33.265587
2013-09-06,40.380001,41.110001,40.185001,41.064999,2060198,33.817337
2013-09-09,40.764999,41.105,40.764999,40.970001,1125238,33.739109
2013-09-10,41.200001,41.645,41.060001,41.485001,1543311,34.163212
2013-09-11,41.400002,41.855,41.375,41.744999,1046140,34.377319
2013-09-12,41.669998,41.939999,41.509998,41.785,1693421,34.410263
2013-09-13,41.654999,42.150002,41.599998,42.009998,1368531,34.595554
2013-09-16,42.115002,42.43,42,42.314999,1252936,34.846722
2013-09-17,42.200001,42.445,42.145,42.299999,923217,34.83437
2013-09-18,41.98,42.325001,41.955002,42.145,1241475,34.70673
2013-09-19,42.5,42.985001,42.355,42.985001,2561206,35.398476
2013-09-20,42.75,43.105,42.66,43.105,2897485,35.497292
2013-09-23,43.060001,43.23,42.375,42.57,1503813,35.056721
2013-09-24,42.490002,43.119999,42.380001,42.965,1286368,35.382
2013-09-25,42.869999,43.139999,42.799999,43.029999,1228250,35.435532
2013-09-26,43.23,43.465,43,43.290001,1678361,35.649643
2013-09-27,43.455002,43.5,43.02,43.23,1076863,35.600235
2013-09-30,42.845001,42.970001,42.605,42.970001,1876277,35.38612
2013-10-01,43.134998,43.860001,43.029999,43.860001,1873638,36.119041
2013-10-02,43.755001,43.805,43.325001,43.610001,1539218,35.913166
2013-10-03,43.610001,44.014999,43.494999,43.605,1383168,35.90905
2013-10-04,43.514999,44.125,43.474998,44.005001,1553028,36.238453
2013-10-07,43.689999,43.959999,43.400002,43.895,1122394,36.147869
2013-10-08,43.834999,44.110001,43.740002,43.970001,1075672,36.209633
2013-10-09,43.764999,44.040001,43.299999,44.009998,1554022,36.242569
2013-10-10,44.16,45.27,44.150002,45.27,2447444,37.28019
2013-10-11,45.115002,45.529999,45.02,45.494999,1652469,37.465473
2013-10-14,45,45.485001,44.900002,45.34,1390032,37.337833
2013-10-15,45.5,46.25,45.404999,46.209999,1771910,38.054283
2013-10-16,46,46.424999,45.744999,46.345001,1445412,38.165466
2013-10-17,46.134998,46.48,45.970001,46.48,1465615,38.276634
2013-10-18,46.5,46.825001,46.200001,46.785,1517921,38.527805
2013-10-21,46.825001,47.200001,46.75,46.875,1231142,38.601917
2013-10-22,46.799999,47.474998,46.470001,47.365002,1509879,39.005447
2013-10-23,47.099998,47.259998,46.880001,47.259998,1282100,38.918964
2013-10-24,47.395,47.794998,47.240002,47.619999,1324349,39.215431
2013-10-25,47.52,48.349998,47.470001,48.110001,1988975,39.618954
2013-10-28,48,48.285,47.134998,47.235001,1497567,38.89838
2013-10-29,47.095001,47.509998,47.064999,47.355,1582179,38.997204
2013-10-30,47.290001,47.529999,46.869999,47.040001,1175768,38.737801
2013-10-31,46.849998,47.345001,46.540001,47.244999,1458125,38.906616
2013-11-01,47.255001,47.59,47,47.330002,776944,38.976612
2013-11-04,47.584999,47.744999,47.105,47.625,970940,39.219551
2013-11-05,47.744999,47.889999,47.220001,47.369999,1389897,39.009552
2013-11-06,47.494999,47.845001,47.345001,47.695,874310,39.277191
2013-11-07,47.634998,47.950001,46.93,47.055,1702703,38.750149
2013-11-08,46.764999,46.965,46.099998,46.880001,1539054,38.606045
2013-11-11,46.389999,46.900002,46.189999,46.830002,977120,39.022682
2013-11-12,46.974998,47.334999,46.849998,47.029999,1417403,39.189335
2013-11-13,46.950001,47.044998,46.115002,46.439999,1244769,38.697693
2013-11-14,46.880001,47.5,46.880001,47.5,1491298,39.580982
2013-11-15,47.494999,47.599998,47.02,47.16,1410924,39.297657
2013-11-18,47.035,47.490002,46.75,47.27,986419,39.389324
2013-11-19,47.009998,47.195,46.18,46.220001,1438529,38.514381
2013-11-20,46.150002,46.154999,45.455002,45.700001,1673905,38.08107
2013-11-21,45.584999,46.52,45.134998,46.349998,1682485,38.622692
2013-11-22,46.360001,46.455002,45.77,46.125,1323318,38.435207
2013-11-25,46.34,46.82,46.224998,46.73,992578,38.939342
2013-11-26,46.549999,47.349998,46.544998,47.009998,2071116,39.172672
2013-11-27,47.139999,47.435001,46.845001,47.279999,1500566,39.397655
2013-11-28,47.23,47.584999,47.23,47.564999,863337,39.635147
2013-11-29,47.419998,47.555,47.264999,47.325001,1179189,39.43515
2013-12-02,47.305,47.474998,46.924999,47.259998,994880,39.380989
2013-12-03,47.209999,47.424999,46.384998,46.384998,1749473,38.651871
2013-12-04,46.5,46.674999,45.615002,46.244999,1924642,38.535206
2013-12-05,46.110001,46.115002,45,45,2369594,37.497772
2013-12-06,44.705002,45.674999,44.625,45.34,1901086,37.78109
2013-12-09,45.514999,45.779999,45.125,45.529999,1567003,37.939411
2013-12-10,45.375,46.07,45.259998,45.445,1488813,37.868584
2013-12-11,45.384998,45.985001,45.355,45.43,1233570,37.856087
2013-12-12,45.345001,46.044998,45.259998,45.650002,1702573,38.039402
2013-12-13,45.5,45.849998,45.165001,45.314999,1073666,37.76025
2013-12-16,45.299999,46.325001,45.215,45.939999,1445896,38.281059
2013-12-17,45.189999,45.314999,44.68,44.68,2771756,37.231113
2013-12-18,44.924999,45.060001,44.52,44.790001,1876857,37.322781
2013-12-19,45,46.075001,45,46.075001,2270900,38.393551
2013-12-20,46.169998,46.389999,46.025002,46.310001,2351006,38.589371
2013-12-23,46.310001,46.98,46.23,46.98,1338545,39.147667
2013-12-24,46.650002,47.294998,46.650002,46.974998,252570,39.143497
2013-12-27,47.299999,47.665001,47.07,47.665001,1051536,39.718479
2013-12-30,47.720001,47.900002,47.509998,47.685001,970975,39.735138
2013-12-31,47.514999,47.849998,47.514999,47.720001,192580,39.764297
2014-01-02,47.720001,47.895,47.375,47.375,1697755,39.476822
2014-01-03,47.41,47.889999,47.375,47.669998,923478,39.722637
2014-01-06,47.485001,48.145,47.32,47.744999,1287180,39.785133
2014-01-07,47.825001,48.294998,47.580002,48.200001,1181061,40.16428
2014-01-08,48.299999,48.735001,47.950001,48.735001,1960950,40.610085
2014-01-09,48.685001,48.790001,47.84,47.965,1421933,39.968456
2014-01-10,48.275002,48.439999,47.985001,48.055,1508876,40.043453
2014-01-13,48.080002,48.424999,47.715,48.200001,1004821,40.16428
2014-01-14,47.654999,47.799999,47.264999,47.605,1732213,39.668476
2014-01-15,47.91,48.955002,47.645,48.810001,1794782,40.672581
2014-01-16,48.945,49.25,48.57,49.125,1703401,40.93507
2014-01-17,49.259998,49.259998,48.544998,48.744999,1960149,40.61842
2014-01-20,48.700001,49.235001,48.619999,49.005001,1055512,40.835075
2014-01-21,49.02,49.09,48.57,48.709999,1179713,40.589252
2014-01-22,48.860001,49.110001,48.535,48.709999,1062485,40.589252
2014-01-23,48.525002,48.924999,48.130001,48.404999,1084217,40.335102
2014-01-24,48.615002,49.049999,47.549999,47.775002,2738090,39.810139
2014-01-27,47.919998,48.564999,47.794998,48.200001,2187084,40.16428
2014-01-28,48.494999,49.5,48.075001,49.355,2508611,41.126724
2014-01-29,49.735001,49.959999,48.044998,48.759998,2343090,40.630909
2014-01-30,48.884998,49.185001,48.290001,48.955002,1224710,40.793407
2014-01-31,48.855,48.884998,47.650002,48.564999,2027686,40.46843
2014-02-03,48.48,48.955002,47.384998,47.474998,1498620,39.56015
2014-02-04,47.419998,48.470001,47.16,48.205002,1935189,40.168446
2014-02-05,48.349998,48.75,47.900002,47.970001,1974747,39.972622
2014-02-06,49.485001,51.139999,48.919998,50.599998,4640185,42.164158
2014-02-07,50.450001,51.18,49.720001,51.060001,3098944,42.547462
2014-02-10,51.009998,51.189999,50.5,50.740002,1924488,42.280819
2014-02-11,51.049999,52,50.959999,51.970001,2358666,43.305763
2014-02-12,52,52.299999,51.509998,51.990002,2250949,43.322426
2014-02-13,51.720001,52.279999,51.630001,52.23,1585770,43.522408
2014-02-14,52.189999,52.630001,51.889999,52.580002,1712219,43.81406
2014-02-17,52.419998,52.599998,52.009998,52.439999,1016448,43.697403
2014-02-18,52.52,52.77,52.220001,52.720001,1156934,43.930721
2014-02-19,52.470001,52.549999,52.080002,52.299999,1423693,43.580742
2014-02-20,51.619999,52.200001,51.189999,52.119999,1706676,43.430744
2014-02-21,52.459999,53.049999,52.080002,53.009998,1471600,44.172371
2014-02-24,52.66,53.66,52.360001,53.66,1318345,44.714008
2014-02-25,53.389999,53.98,53.360001,53.950001,1176064,44.955666
2014-02-26,53.959999,54,53.130001,53.509998,1247370,44.589012
2014-02-27,53.5,54.259998,53.419998,54.189999,1543200,45.15564
2014-02-28,54.119999,54.240002,53.459999,54.130001,1760804,45.105648
2014-03-03,53.119999,53.119999,52.369999,52.43,2207533,43.689068
2014-03-04,52.82,53.759998,52.580002,53.66,1808594,44.714008
2014-03-05,53.349998,54.470001,53.23,54.16,1829120,45.130646
2014-03-06,54.259998,54.599998,53.880001,53.959999,1327448,44.963989
2014-03-07,53.939999,54.369999,53.259998,53.259998,1722601,44.380692
2014-03-10,53.310001,54.049999,53.18,53.580002,1125512,44.647343
2014-03-11,53.720001,53.900002,52.849998,53.639999,1131549,44.697334
2014-03-12,53.349998,53.860001,53.049999,53.73,1718087,44.772335
2014-03-13,53.75,53.77,53.049999,53.049999,1239686,44.205704
2014-03-14,52.700001,53.09,51.869999,52.369999,2077798,43.639072
2014-03-17,52.279999,53.18,52.209999,53.130001,983092,44.272362
2014-03-18,53,54.130001,52.459999,53.650002,1260723,44.705677
2014-03-19,53.650002,53.810001,53.099998,53.299999,1141502,44.414032
2014-03-20,52.970001,53.720001,52.740002,53.700001,1489136,44.747334
2014-03-21,53.830002,53.849998,53.060001,53.060001,2589386,44.214039
2014-03-24,53.060001,53.400002,52.259998,52.419998,1287916,43.680737
2014-03-25,52.669998,53.91,52.66,53.5,1437033,44.580681
2014-03-26,53.709999,54.189999,53.57,53.709999,1261306,44.755676
2014-03-27,53.66,54.18,53.360001,54.040001,1072111,45.030659
2014-03-28,54.299999,54.5,53.880001,54.290001,1305211,45.238979
2014-03-31,54.5,54.59,53.889999,53.91,1108630,44.922329
2014-04-01,53.950001,54.709999,53.91,54.52,1388890,45.43063
2014-04-02,54.52,54.52,53.790001,54.040001,1307087,45.030659
2014-04-03,54.049999,54.669998,53.560001,54.23,1370585,45.188984
2014-04-04,54.380001,54.93,54.009998,54.75,1519332,45.622284
2014-04-07,54.41,54.790001,53.900002,53.950001,1438359,44.955666
2014-04-08,53.959999,54.299999,53.080002,53.91,1520294,44.922329
2014-04-09,54,54.52,53.82,54.400002,920110,45.330639
2014-04-10,54.650002,54.77,53.689999,53.880001,1037054,44.897335
2014-04-11,53.470001,53.830002,52.810001,53.77,1591789,44.805668
2014-04-14,53.52,53.75,52.470001,53.07,1464689,44.22237
2014-04-15,52.98,53.400002,52.459999,52.610001,1121670,43.839054
2014-04-16,53.240002,54.099998,53.110001,54,1461993,44.997326
2014-04-17,54.02,54.439999,53.810001,54.099998,1159095,45.080647
2014-04-22,54.25,54.84,54.040001,54.650002,1513310,45.538948
2014-04-23,54.369999,54.41,53.91,54,1635858,44.997326
2014-04-24,54.369999,54.650002,53.66,54.130001,1328091,45.105648
2014-04-25,53.099998,54.119999,53.009998,53.73,2535721,45.804699
2014-04-28,53.810001,54.380001,53.73,54.150002,1276802,46.162746
2014-04-29,54.349998,55.139999,54.150002,55.029999,1936494,46.912945
2014-04-30,54.860001,55.23,53.849998,54.34,1987678,46.324718
2014-05-01,54.34,54.34,54.34,54.34,0,46.324718
2014-05-02,54.34,54.650002,53.98,54.09,1699714,46.111599
2014-05-05,54.099998,54.400002,53.16,54.330002,970293,46.3162
2014-05-06,54.490002,54.57,53.919998,54.110001,1095386,46.128647
2014-05-07,54,54.400002,53.560001,54.130001,1831001,46.145695
2014-05-08,54.240002,54.869999,54.040001,54.599998,1626011,46.546368
2014-05-09,54.5,54.689999,54.349998,54.459999,1384038,46.427017
2014-05-12,54.73,55,54.389999,54.740002,1595957,46.665722
2014-05-13,54.73,54.75,54.330002,54.48,1300111,46.444069
2014-05-14,54.580002,54.700001,54.060001,54.369999,1262936,46.3503
2014-05-15,54.200001,54.509998,52.939999,53.119999,2340172,45.284668
2014-05-16,53.110001,53.41,52.610001,53.299999,2057656,45.438126
2014-05-19,53.27,53.799999,52.599998,53.689999,1695223,45.770596
2014-05-20,53.869999,54.09,53.419998,53.509998,1359749,45.617146
2014-05-21,53.369999,53.849998,53.080002,53.419998,1298328,45.540424
2014-05-22,53.5,53.849998,53.360001,53.66,992877,45.745022
2014-05-23,53.66,53.990002,53.150002,53.860001,947195,45.91552
2014-05-26,54,54.259998,53.880001,54.240002,801758,46.239475
2014-05-27,54.150002,54.580002,54.130001,54.330002,913220,46.3162
2014-05-28,54.290001,54.52,54.150002,54.52,831323,46.478172
2014-05-29,54.459999,54.549999,54.18,54.43,870918,46.40144
2014-05-30,54.43,54.5,54.099998,54.299999,1248944,46.290623
2014-06-02,54.509998,54.75,54.150002,54.450001,1044374,46.418491
2014-06-03,54.5,54.560001,54.23,54.419998,994167,46.392925
2014-06-04,54.23,54.700001,54.23,54.599998,1639432,46.546368
2014-06-05,54.599998,55.529999,54.389999,55.369999,2042323,47.202793
2014-06-06,55.619999,56.639999,55.400002,56.380001,1862070,48.063816
2014-06-09,56.43,56.939999,56.389999,56.630001,702447,48.276943
2014-06-10,56.709999,56.900002,56.450001,56.709999,1148634,48.345142
2014-06-11,56.810001,56.889999,55.880001,56.27,2508348,47.970043
2014-06-12,56.509998,56.939999,56.27,56.459999,1514695,48.132019
2014-06-13,56.5,56.580002,55.830002,56.189999,1182290,47.90184
2014-06-16,56.049999,56.220001,55.610001,55.689999,1185111,47.475594
2014-06-17,55.849998,56.169998,55.540001,55.779999,1089051,47.552322
2014-06-18,55.799999,55.869999,55.509998,55.75,955704,47.526749
2014-06-19,56.27,57.110001,56.27,56.849998,2033666,48.464485
2014-06-20,57.02,57.360001,56.25,56.25,5219269,47.952995
2014-06-23,56.34,56.490002,55.599998,55.900002,1097245,47.654613
2014-06-24,56.049999,56.220001,55.200001,55.23,1693063,47.083447
2014-06-25,55.130001,55.349998,54.639999,55.099998,1730382,46.972614
2014-06-26,55.400002,55.66,54.610001,55.099998,1355756,46.972614
2014-06-27,55.150002,55.360001,54.91,55.040001,1029412,46.921474
2014-06-30,55.220001,55.310001,54.369999,54.599998,1460957,46.546368
2014-07-01,54.209999,54.5,54.049999,54.439999,1535788,46.409969
2014-07-02,54.59,54.970001,54.099998,54.369999,1307137,46.3503
2014-07-03,54.32,54.48,53.73,54.209999,2019301,46.213898
2014-07-04,54.27,54.490002,53.959999,54.09,947667,46.111599
2014-07-07,53.91,54.02,52.889999,53,1581917,45.182377
2014-07-08,53.169998,53.349998,51.560001,51.700001,1867917,44.074131
2014-07-09,51.919998,52.139999,51.73,51.950001,1768559,44.287254
2014-07-10,51.860001,52.040001,51.099998,51.529999,1734610,43.929199
2014-07-11,51.549999,52.040001,51.509998,51.830002,1565688,44.184956
2014-07-14,51.810001,52.34,51.709999,52.029999,985245,44.35545
2014-07-15,51.810001,52.139999,51.459999,51.619999,1099084,44.005928
2014-07-16,51.73,52.66,51.709999,52.610001,1172676,44.849895
2014-07-17,52.23,52.540001,51.75,51.849998,1204498,44.202
2014-07-18,51.580002,52.59,51.369999,52.540001,1707981,44.790226
2014-07-21,52.549999,52.630001,51.700001,51.93,1243120,44.270203
2014-07-22,52.279999,53.619999,52.279999,53.439999,2009305,45.557472
2014-07-23,53.43,53.849998,53.290001,53.439999,1075387,45.557472
2014-07-24,53.540001,54,52.959999,53.91,1238060,45.958145
2014-07-25,53.73,53.900002,52.779999,52.939999,1348710,45.131222
2014-07-28,53.220001,53.360001,52.389999,52.860001,1470626,45.063026
2014-07-29,52.84,53.470001,52.52,53.130001,1156832,45.293194
2014-07-30,53.240002,53.450001,52.509998,52.73,1253629,44.952202
2014-07-31,52.779999,52.810001,51.290001,51.619999,1864303,44.005928
2014-08-01,48.700001,49.084999,45.5,48.355,6251402,41.222527
2014-08-04,48.325001,48.849998,48.040001,48.125,2575060,41.026451
2014-08-05,48.279999,48.52,47.599998,47.900002,2115833,40.834641
2014-08-06,47.535,47.869999,47.209999,47.505001,2022437,40.497902
2014-08-07,47.5,47.654999,46.275002,46.365002,2278765,39.526054
2014-08-08,45.759998,47.18,45.564999,46.779999,2924736,39.879833
2014-08-11,47.115002,48.115002,47.035,47.955002,3248448,40.881527
2014-08-12,47.919998,47.919998,47.165001,47.32,1693871,40.340191
2014-08-13,47.830002,47.869999,47.209999,47.5,1606686,40.493641
2014-08-14,47.424999,47.814999,47.099998,47.369999,1623400,40.382809
2014-08-15,47.450001,47.950001,46.810001,46.865002,2366898,39.952305
2014-08-18,47.595001,47.834999,47.279999,47.404999,1510799,40.412651
2014-08-19,47.615002,47.779999,47.43,47.599998,1341328,40.57888
2014-08-20,47.485001,47.709999,47.139999,47.599998,930621,40.57888
2014-08-21,47.599998,48.490002,47.365002,48.48,1730312,41.329082
2014-08-22,48.5,48.5,47.645,47.884998,1322963,40.82185
2014-08-25,48.494999,48.855,48.029999,48.855,1391602,41.648769
2014-08-26,48.98,49.27,48.84,49.18,2119476,41.925827
2014-08-27,49.035,49.365002,48.759998,49.264999,1636401,41.998291
2014-08-28,49.285,49.415001,48.834999,49.23,1689575,41.968452
2014-08-29,49.5,49.834999,49.235001,49.75,2183609,42.411755
2014-09-01,49.884998,49.950001,49.154999,49.360001,1193799,42.079285
2014-09-02,49.450001,49.5,48.91,49.029999,1804966,41.797958
2014-09-03,49.275002,49.990002,49.150002,49.674999,1839424,42.347813
2014-09-04,49.150002,49.18,48.32,48.790001,3704295,41.593361
2014-09-05,48.755001,48.895,47.82,47.880001,2950048,40.817585
2014-09-08,48,48.049999,47.450001,47.580002,2018059,40.561844
2014-09-09,47.599998,47.75,47.084999,47.220001,1455701,40.25494
2014-09-10,47.084999,47.169998,46.875,47.029999,1477930,40.09296
2014-09-11,46.57,46.720001,45.845001,46.255001,2268352,39.432278
2014-09-12,46.310001,46.349998,45.610001,45.869999,1729267,39.104069
2014-09-15,45.82,45.849998,45.150002,45.150002,1747713,38.490269
2014-09-16,45.119999,45.139999,44.785,45.040001,1694214,38.396492
2014-09-17,45.57,46.18,45.380001,46.060001,2092257,39.266045
2014-09-18,46.220001,46.650002,45.709999,46.195,2501802,39.381126
2014-09-19,46.799999,46.939999,45.945,46.134998,2617541,39.329975
2014-09-22,46.130001,46.669998,45.869999,46.435001,1656148,39.585735
2014-09-23,46.264999,46.32,45.419998,45.529999,1903617,38.814217
2014-09-24,45.5,46.470001,45.220001,46.369999,2018539,39.530312
2014-09-25,46.474998,46.73,45.59,45.810001,2077101,39.052921
2014-09-26,46.005001,46.619999,45.865002,46.389999,1831608,39.547371
2014-09-29,46.285,46.459999,45.220001,45.389999,1781100,38.694866
2014-09-30,45.395,46.264999,45.200001,46.005001,2722187,39.219154
2014-10-01,45.974998,46.360001,45.529999,45.619999,1399797,38.890942
2014-10-02,45.509998,45.959999,44.724998,44.724998,2697710,38.127956
2014-10-03,44.959999,45.549999,44.77,45.345001,1750263,38.656506
2014-10-06,45.700001,45.849998,45.16,45.299999,1533201,38.618137
2014-10-07,45.279999,45.494999,44.514999,44.514999,2482721,37.948936
2014-10-08,44.5,44.564999,43.294998,43.450001,2589701,37.041023
2014-10-09,44.235001,44.474998,43.119999,43.27,2693929,36.887569
2014-10-10,43.005001,43.130001,42.029999,42.084999,3352525,35.877361
2014-10-13,41.830002,43,41.57,42.900002,2510866,36.572151
2014-10-14,42.400002,43.735001,42.259998,43.645,2831230,37.207256
2014-10-15,43.709999,43.720001,41.375,41.404999,3234465,35.297657
2014-10-16,41.639999,42.535,39.974998,42.32,4968122,36.077694
2014-10-17,42.294998,43.959999,42.110001,43.799999,3923953,37.339397
2014-10-20,43.77,44.310001,43.465,44.025002,2685054,37.531216
2014-10-21,43.700001,44.700001,43.560001,44.685001,2461357,38.093857
2014-10-22,44.705002,44.970001,44.459999,44.619999,2036062,38.038441
2014-10-23,44.345001,44.965,43.965,44.785,1768132,38.179111
2014-10-24,44.334999,44.455002,43.845001,44.084999,2857475,37.582359
2014-10-27,44.68,44.685001,42.935001,43.525002,2370533,37.104961
2014-10-28,44.035,44.400002,43.709999,43.715,2603308,37.266941
2014-10-29,44,44.145,43.564999,43.619999,1629947,37.185944
2014-10-30,43.935001,44.064999,43.139999,43.919998,2399079,37.4417
2014-10-31,44.57,45.584999,44.200001,45.474998,2646666,38.767323
2014-11-03,45.580002,46.279999,45.564999,45.685001,2327601,38.946354
2014-11-04,45.689999,46.18,44.799999,44.974998,1978150,38.341084
2014-11-05,45.494999,46.150002,45.205002,45.790001,1824472,39.035866
2014-11-06,45.764999,46.794998,45.509998,46.23,2290610,39.410969
2014-11-07,46.305,46.470001,45.555,45.865002,1572878,39.099808
2014-11-10,45.794998,46.32,45.509998,46.305,1405922,39.474899
2014-11-11,45.794998,45.814999,45.48,45.549999,1783970,39.298038
2014-11-12,45.505001,45.639999,44.66,44.759998,1934251,38.616467
2014-11-13,45.09,45.139999,43.380001,43.650002,2486760,37.658825
2014-11-14,43.91,43.91,43.005001,43.384998,2000339,37.430191
2014-11-17,42.849998,43.77,42.759998,43.735001,1803447,37.732155
2014-11-18,43.650002,44.169998,43.525002,44.080002,1911066,38.029804
2014-11-19,44.200001,44.360001,43.805,44.310001,1157272,38.228233
2014-11-20,44.305,44.360001,43.544998,43.700001,1755758,37.701965
2014-11-21,43.865002,44,43.665001,43.700001,4034644,37.701965
2014-11-24,43.805,44.099998,43.575001,43.700001,1960724,37.701965
2014-11-25,43.84,43.955002,43.395,43.695,2724455,37.697647
2014-11-26,43.799999,44,43.455002,43.5,1654755,37.529415
2014-11-27,43.634998,43.814999,43.375,43.700001,1742210,37.701965
2014-11-28,43.84,43.900002,43.130001,43.474998,1461410,37.507839
2014-12-01,43.224998,43.709999,43.154999,43.584999,1317687,37.602749
2014-12-02,43.834999,44.264999,43.605,43.700001,2767388,37.701965
2014-12-03,43.805,43.965,43.669998,43.724998,1861787,37.723534
2014-12-04,43.900002,44.290001,42.715,43.119999,2111559,37.201572
2014-12-05,43.490002,45.395,43.294998,45.330002,2911513,39.108231
2014-12-08,45,45,44.360001,44.555,1724357,38.43961
2014-12-09,43.98,44.330002,43.259998,43.259998,2385755,37.322353
2014-12-10,43.525002,45.279999,43.334999,44.435001,3415067,38.336079
2014-12-11,44.349998,44.595001,43.98,44.240002,1385567,38.167847
2014-12-12,44.005001,44.044998,42.439999,42.494999,2236414,36.662361
2014-12-15,42.355,42.990002,41.235001,41.25,2205921,35.588234
2014-12-16,41.264999,42.119999,39.645,42.099998,4340326,36.321568
2014-12-17,41.755001,43.439999,41.639999,43.134998,2843325,37.214512
2014-12-18,44.014999,45.875,44.014999,45.724998,3859446,39.449017
2014-12-19,46.005001,46.310001,45.014999,45.41,5459421,39.177258
2014-12-22,45.610001,46.130001,45.075001,45.465,1345137,39.224709
2014-12-23,45.5,46.389999,45.48,46.389999,1012735,40.022751
2014-12-24,46.349998,46.400002,45.974998,45.985001,214881,39.673336
2014-12-29,45.900002,46.165001,45.470001,46.165001,909481,39.828625
2014-12-30,45.98,46.23,45.259998,45.259998,740284,39.04784
2014-12-31,45.68,45.779999,45.369999,45.509998,217604,39.263531
2015-01-02,45.935001,46.294998,44.860001,45.424999,1233321,39.190189
2015-01-05,44.965,45.32,43.825001,43.880001,2148890,37.857262
2015-01-06,44.220001,44.23,43.400002,43.400002,1592656,37.443138
2015-01-07,43.720001,46.02,43.700001,45,3580013,38.823536
2015-01-08,45.685001,46.740002,45.27,46.575001,2107098,40.182354
2015-01-09,46.529999,47.384998,46.279999,46.564999,2024266,40.173725
2015-01-12,46.665001,47.994999,46.605,47.634998,2374354,41.096863
2015-01-13,47.445,48.459999,47.130001,48.27,2169508,41.644707
2015-01-14,47.32,48.514999,46.985001,47.465,2467135,40.950195
2015-01-15,47.869999,48.560001,45.424999,48.200001,2766378,41.584316
2015-01-16,47.834999,48.125,47.025002,47.794998,2961228,41.234905
2015-01-19,47.785,48.544998,47.455002,48.470001,2167735,41.817253
2015-01-20,48.599998,48.785,47.91,48.18,2430626,41.567055
2015-01-21,48.150002,48.84,47.625,48.825001,2338050,42.123531
2015-01-22,48.814999,49,48.220001,48.73,3336035,42.041569
2015-01-23,49,49.799999,48.494999,49.290001,3126326,42.524708
2015-01-26,48.880001,49.68,48.52,49.525002,1894892,42.727451
2015-01-27,49.380001,49.52,47.02,47.775002,3896776,41.217648
2015-01-28,47.990002,48.07,46.384998,46.990002,3163689,40.540398
2015-01-29,46.645,47.445,46.450001,47.345001,1793592,40.846672
2015-01-30,47.48,47.5,46.634998,46.84,2574462,40.41098
2015-02-02,46.919998,47.439999,46.544998,47.305,1625983,40.812157
2015-02-03,47.744999,48.48,47.549999,48.200001,2257352,41.584316
2015-02-04,48.139999,48.395,47.744999,48.325001,1607767,41.692158
2015-02-05,47.700001,49.900002,47.509998,49.619999,3901334,42.80941
2015-02-06,49.57,49.625,49.099998,49.404999,2180482,42.623924
2015-02-09,49.099998,50.77,49.049999,50.48,4283896,43.551376
2015-02-10,50.84,51.970001,50.650002,51.34,2960358,44.293335
2015-02-11,51.09,51.400002,50.43,51.150002,1745167,44.12941
2015-02-12,50.799999,51.950001,50.68,51.41,2528401,44.353722
2015-02-13,51.889999,52.259998,51.450001,51.709999,2577171,44.612545
2015-02-16,51.560001,53.009998,51.5,52.740002,2903536,45.501183
2015-02-17,52.240002,52.880001,51.52,52.490002,1868834,45.285492
2015-02-18,52.790001,52.799999,52.119999,52.48,1430768,45.276863
2015-02-19,52.32,52.98,51.889999,52.68,1270807,45.449413
2015-02-20,52.599998,53,52.07,52.720001,2025969,45.483921
2015-02-23,53,53.189999,52.740002,52.82,1367898,45.570202
2015-02-24,52.919998,53.32,52.369999,53.16,1400585,45.863529
2015-02-25,53.029999,53.34,52.43,52.889999,1336171,45.630592
2015-02-26,52.66,53.59,52.330002,53.470001,1643514,46.130981
2015-02-27,53.279999,53.32,52.369999,53.02,2893378,45.742748
2015-03-02,52.810001,53.389999,52.639999,53.049999,1456261,45.76862
2015-03-03,52.950001,53.060001,51.82,52.040001,1870161,44.897251
2015-03-04,52.029999,52.84,51.889999,52.740002,1580862,45.501183
2015-03-05,53,53.830002,52.610001,53.650002,1968116,46.286278
2015-03-06,53.759998,54.709999,53.740002,54.150002,2033498,46.717648
2015-03-09,53.869999,54.23,53.630001,54.150002,1487168,46.717648
2015-03-10,54,54.299999,53.27,53.860001,1690596,46.467449
2015-03-11,54.110001,54.880001,53.990002,54.689999,1548366,47.183533
2015-03-12,54.560001,54.669998,53.740002,54.290001,1513327,46.838432
2015-03-13,54.279999,54.400002,53.68,54.27,1175703,46.821178
2015-03-16,54.209999,55.240002,54.110001,54.91,1714238,47.373333
2015-03-17,54.900002,54.970001,53.799999,54.82,1886966,47.295689
2015-03-18,54.810001,54.900002,53.919998,54.529999,1607548,47.04549
2015-03-19,54.599998,55.060001,54.02,54.400002,1581458,46.933334
2015-03-20,54.400002,55.66,54.169998,55.470001,2982394,47.856472
2015-03-23,55.5,55.5,54.540001,54.950001,1636442,47.407845
2015-03-24,54.810001,55.490002,54.68,55.290001,1296954,47.70118
2015-03-25,55.18,55.18,54.200001,54.369999,1829381,46.907455
2015-03-26,54.029999,54.34,53.240002,54.09,1866159,46.665882
2015-03-27,54.16,54.380001,53.709999,54.240002,1422083,46.795296
2015-03-30,54.330002,54.599998,54.02,54.139999,1559663,46.709019
2015-03-31,54.130001,54.560001,53.23,53.23,2780327,45.923923
2015-04-01,53.099998,54.650002,52.73,54.130001,1949774,46.70039
2015-04-02,54.009998,54.349998,53.799999,54.259998,714469,46.812553
2015-04-07,54.48,55.049999,54.41,54.560001,1079277,47.071373
2015-04-08,54.34,54.919998,53.900002,54.509998,1279927,47.028236
2015-04-09,54.799999,55.27,54.720001,55.27,1074706,47.683933
2015-04-10,55.459999,55.610001,54.810001,55.040001,1601355,47.485497
2015-04-13,55.099998,56.669998,54.82,56.560001,2457867,48.796864
2015-04-14,56.490002,56.919998,56.110001,56.450001,2043230,48.701962
2015-04-15,56.450001,57.009998,56.209999,56.669998,1408946,48.891758
2015-04-16,56.77,57.080002,56.169998,56.700001,2084857,48.917656
2015-04-17,56.599998,56.599998,55.400002,55.799999,2388349,48.141178
2015-04-20,55.869999,56.380001,55.740002,56.27,1345528,48.546673
2015-04-21,56.700001,57.349998,56.380001,57.09,2129368,49.25412
2015-04-22,57.299999,57.66,56.380001,56.77,1873926,48.978046
2015-04-23,56.900002,57.099998,55.91,56.27,1912702,48.546673
2015-04-24,55.849998,57.470001,55.84,56.689999,2075111,48.909016
2015-04-27,55.709999,56.560001,54.880001,56.27,2373587,49.614399
2015-04-28,56.119999,56.369999,55.700001,56.220001,1946560,49.570313
2015-04-29,56.389999,56.599998,54.59,54.77,2205578,48.291821
2015-04-30,54.599998,55.110001,53.25,54.82,1937908,48.335903
2015-05-04,54.509998,54.970001,54.009998,54.599998,1442022,48.141918
2015-05-05,54.48,55.060001,53.630001,53.759998,2952497,47.401272
2015-05-06,53.740002,53.810001,52.860001,53.299999,2469184,46.995686
2015-05-07,52.759998,53.029999,52.02,52.75,2839799,46.510742
2015-05-08,53.32,53.849998,52.91,53.669998,2176505,47.321922
2015-05-11,53.470001,53.57,52.84,53.099998,1647484,46.819344
2015-05-12,52.799999,52.869999,51.990002,52.669998,1876331,46.440197
2015-05-13,52.91,53.380001,52.470001,52.66,1574408,46.431389
2015-05-14,52.599998,53.950001,52.240002,53.720001,1672978,47.366013
2015-05-15,53.889999,54.189999,53.169998,53.599998,1691486,47.260201
2015-05-18,53.599998,53.84,52.610001,53.400002,1185021,47.083858
2015-05-19,54.200001,55.18,54.200001,55.040001,2875524,48.529884
2015-05-20,54.959999,55.490002,54.950001,55.290001,1388570,48.750313
2015-05-21,55.060001,55.700001,55.009998,55.459999,1281630,48.9002
2015-05-22,55.490002,55.709999,55.009998,55.470001,1131105,48.909016
2015-05-25,55.259998,55.349998,54.790001,55.150002,218566,48.626869
2015-05-26,55.099998,55.639999,54.52,55.029999,1297173,48.521065
2015-05-27,55.299999,56.48,55.200001,56.330002,1808369,49.667305
2015-05-28,56.130001,56.130001,54.880001,55.389999,1540013,48.83849
2015-05-29,55.389999,55.73,54.080002,54.080002,2067093,47.68343
2015-06-01,54.68,55.32,54.330002,54.790001,1732946,48.309452
2015-06-02,54.950001,55.09,54.130001,54.759998,1640921,48.283001
2015-06-03,54.799999,55.139999,54.029999,54.290001,2011974,47.868595
2015-06-04,53.990002,54.349998,52.82,53.77,1640486,47.410095
2015-06-05,53.450001,53.66,52.91,53.299999,1206235,46.995686
2015-06-08,53.09,53.310001,52.630001,52.630001,1205944,46.404938
2015-06-09,52.41,52.599998,51.560001,52.25,2081807,46.069881
2015-06-10,52.110001,53.18,51.75,52.810001,1750379,46.563648
2015-06-11,52.740002,53.549999,52.639999,53.02,1504099,46.74881
2015-06-12,52.91,53,51.669998,52.299999,1720520,46.113968
2015-06-15,51.619999,51.689999,51.02,51.119999,1565550,45.073536
2015-06-16,50.830002,51.759998,50.360001,51.650002,1524635,45.540855
2015-06-17,51.709999,51.860001,50.82,50.990002,1565247,44.958912
2015-06-18,50.77,51.66,50.080002,51.599998,2405720,45.496761
2015-06-19,51.650002,52.32,51.419998,52.200001,3474848,46.025795
2015-06-22,53.330002,54.490002,53.259998,54.34,2756515,47.912678
2015-06-23,55,55.099998,54.419998,54.799999,1933326,48.318264
2015-06-24,54.630001,55.07,54.259998,54.82,2002402,48.335903
2015-06-25,54.310001,55.34,54.18,54.950001,2074076,48.450527
2015-06-26,54.299999,55.259998,53.830002,55.049999,2330328,48.538692
2015-06-29,51.630001,54.009998,51.099998,52.830002,3682031,46.58128
2015-06-30,52.580002,53.110001,51.869999,51.880001,3114780,45.743645
2015-07-01,52.549999,53.73,52.279999,53.299999,2900823,46.995686
2015-07-02,53.490002,53.669998,53.029999,53.099998,1661449,46.819344
2015-07-03,53.049999,53.330002,52.650002,53.299999,1823338,46.995686
2015-07-06,51.860001,52.84,51.720001,52.099998,1893555,45.937622
2015-07-07,52.130001,52.369999,51.25,51.450001,2731626,45.364506
2015-07-08,51.299999,52.299999,51.099998,51.639999,1984335,45.532032
2015-07-09,51.91,53.07,51.68,52.849998,1460812,46.598911
2015-07-10,54.169998,54.57,53.639999,54.349998,2251205,47.921497
2015-07-13,55,55.549999,54.689999,55.32,1783764,48.77676
2015-07-14,55.110001,55.740002,55.07,55.740002,1119705,49.147087
2015-07-15,55.869999,56.349998,55.650002,56.09,1420023,49.455688
2015-07-16,56.380001,56.849998,56.139999,56.669998,1944893,49.967079
2015-07-17,56.900002,56.919998,56.330002,56.59,1288834,49.896545
2015-07-20,56.580002,57.099998,56.349998,56.52,1355747,49.834827
2015-07-21,56.75,56.799999,56.310001,56.5,1226436,49.817192
2015-07-22,56.34,56.91,56.16,56.82,1154179,50.09935
2015-07-23,57,57,56.16,56.330002,1229425,49.667305
2015-07-24,56.200001,56.57,55.700001,55.959999,1189988,49.341061
2015-07-27,55.630001,55.75,54.799999,54.959999,1283362,48.459343
2015-07-28,55.279999,55.849998,55.049999,55.549999,1180146,48.979557
2015-07-29,55.650002,56.380001,55.580002,56.209999,1614875,49.561497
2015-07-30,56.5,56.720001,55.689999,56.080002,1337704,49.446865
2015-07-31,56.650002,58.549999,56.650002,58.400002,2623627,51.492466
2015-08-03,58.310001,59.450001,58.240002,59.450001,1844602,52.41827
2015-08-04,59.310001,59.400002,58.880001,59.299999,1708551,52.286011
2015-08-05,59.290001,59.48,59,59.310001,2023097,52.294827
2015-08-06,59.5,59.66,59.220001,59.450001,1185288,52.41827
2015-08-07,59.540001,59.68,59.130001,59.200001,1707033,52.197838
2015-08-10,59.43,60.349998,59.25,60.330002,1282421,53.194183
2015-08-11,60.189999,60.310001,59.509998,59.75,1239620,52.682781
2015-08-12,59.169998,59.279999,57.5,57.950001,1982816,51.095695
2015-08-13,58.900002,59.27,58.380001,58.599998,1459283,51.668804
2015-08-14,58.48,59.169998,58.040001,58.23,1165407,51.342567
2015-08-17,58.490002,59.029999,57.650002,58.299999,1270224,51.404289
2015-08-18,58.220001,58.75,58,58.310001,1036394,51.413109
2015-08-19,57.98,58.279999,57.52,57.799999,1215486,50.963425
2015-08-20,57.619999,58,56.639999,57,1938708,50.258049
2015-08-21,56.07,57.09,55.939999,56.18,2911461,49.535042
2015-08-24,54.200001,55.080002,51.110001,52.900002,5757267,46.643005
2015-08-25,53.549999,54.669998,53.32,54.290001,4090388,47.868595
2015-08-26,53.759998,55.810001,53.009998,54.959999,3365349,48.459343
2015-08-27,56.310001,57.66,56.029999,57.119999,2897957,50.363857
2015-08-28,57.060001,57.369999,56.720001,57.34,1391464,50.557838
2015-08-31,57.009998,57.529999,56.549999,57.41,1288666,50.619556
2015-09-01,56.610001,56.799999,55.57,56.299999,1883206,49.640854
2015-09-02,56.75,56.98,55.93,56.43,1504660,49.75547
2015-09-03,56.900002,57.77,56.650002,57.200001,1678032,50.434395
2015-09-04,56.599998,57.189999,56.360001,56.939999,2278133,50.205151
2015-09-07,57.240002,57.5,56.599998,56.919998,1193432,50.187515
2015-09-08,57.5,58.41,57.41,57.740002,1728094,50.910526
2015-09-09,59,59.68,58.740002,58.990002,1826906,52.012676
2015-09-10,58.41,59.57,58.369999,58.959999,2098880,51.986221
2015-09-11,59.220001,59.23,57.84,58,1708563,51.139771
2015-09-14,58,58.299999,57.32,57.32,1351904,50.540207
2015-09-15,57.349998,58.299999,57.290001,58,1439259,51.139771
2015-09-16,58.41,58.779999,58.040001,58.68,1445862,51.739346
2015-09-17,58.84,59.279999,58.41,59.240002,1359022,52.233112
2015-09-18,58.77,58.939999,57.700001,58.150002,3851421,51.27203
2015-09-21,58,59.209999,58,59.029999,1181818,52.047943
2015-09-22,59.09,59.09,57.099998,57.52,1826297,50.716545
2015-09-23,57.73,58.27,57.23,57.459999,1560501,50.663647
2015-09-24,56.869999,57.09,55.380001,55.82,3074159,49.217621
2015-09-25,56.689999,58.099998,56.540001,57.709999,1982208,50.884075
2015-09-28,57.639999,58.040001,56.650002,57.02,1899053,50.275692
2015-09-29,56.23,57,56,56.18,1981559,49.535042
2015-09-30,57.240002,57.330002,56.619999,56.709999,2614494,50.00235
2015-10-01,57.66,57.66,56.099998,56.470001,1751571,49.790741
2015-10-02,57.040001,57.27,55.700001,56.450001,1984048,49.773109
2015-10-05,57.369999,59,57.349998,58.77,2111857,51.818699
2015-10-06,58.060001,58.450001,57.549999,58.200001,2736518,51.31612
2015-10-07,58.310001,58.52,57.880001,58.009998,1843717,51.148586
2015-10-08,57.810001,58.029999,57.48,57.919998,1654387,51.069233
2015-10-09,58.279999,58.400002,56.77,56.939999,2012126,50.205151
2015-10-12,56.950001,56.990002,55.939999,56.360001,1338813,49.693748
2015-10-13,56.049999,57.349998,55.799999,57.279999,1909788,50.504932
2015-10-14,56.919998,57.759998,56.470001,57.32,1532287,50.540207
2015-10-15,57.799999,58.139999,57.169998,57.849998,1185366,51.007511
2015-10-16,58.139999,58.419998,57.900002,58.240002,1839383,51.351383
2015-10-19,58,58.509998,57.59,57.689999,1254089,50.866444
2015-10-20,57.700001,58.380001,57.68,57.950001,1259295,51.095695
2015-10-21,58.299999,58.580002,57.939999,58.27,1509159,51.377838
2015-10-22,58.23,58.950001,57.689999,58.779999,1956438,51.827515
2015-10-23,59.330002,60.639999,59.25,60.119999,4162389,53.009022
2015-10-26,59.869999,60.41,59.619999,60.380001,1370717,53.238266
2015-10-27,60.099998,60.299999,59.740002,59.959999,1201908,52.867947
2015-10-28,59.990002,60.84,59.73,60.529999,1086109,53.370525
2015-10-29,60.700001,61.080002,60,61.080002,1447364,53.855476
2015-10-30,61.09,61.59,60.779999,61.380001,1560889,54.119991
2015-11-02,60.549999,61.98,60.459999,61.48,1231320,54.208157
2015-11-03,61.349998,61.619999,60.950001,61.310001,1275105,54.058262
2015-11-04,61.5,61.630001,59.84,60.040001,1952765,52.93848
2015-11-05,60.240002,61.360001,59.990002,60.830002,1651814,53.63504
2015-11-06,60.959999,62.599998,60.93,62.220001,1820566,54.860634
2015-11-09,61.91,62.509998,61.689999,61.830002,1768725,54.516766
2015-11-10,61.540001,61.560001,59.580002,60.610001,2253118,53.938309
2015-11-11,60.830002,61.740002,60.700001,61.07,1040337,54.347672
2015-11-12,60.849998,61.119999,59.91,59.93,1229215,53.333164
2015-11-13,59.810001,60.130001,59.169998,59.91,1270275,53.315369
2015-11-16,59.529999,60.310001,59.209999,59.529999,2175925,52.977184
2015-11-17,60.32,61.860001,60.200001,61.830002,2277549,55.024021
2015-11-18,61.43,61.959999,61.049999,61.75,1260095,54.95282
2015-11-19,62.119999,62.52,61.900002,62.060001,1823787,55.228695
2015-11-20,62.279999,62.369999,61.259998,61.490002,1773311,54.721447
2015-11-23,61.529999,61.740002,60.73,61.220001,1178648,54.481159
2015-11-24,61.02,61.02,60,60.5,1376391,53.840416
2015-11-25,60.599998,61.599998,60.43,61.200001,1391499,54.463371
2015-11-26,61.049999,62.02,60.860001,61.91,941079,55.095211
2015-11-27,61.619999,62.290001,61.5,62.110001,838706,55.273193
2015-11-30,61.91,62.040001,61.52,61.560001,1923054,54.783745
2015-12-01,61.790001,61.939999,60.540001,60.860001,1750732,54.160789
2015-12-02,61.099998,61.369999,60.740002,60.990002,1391649,54.276482
2015-12-03,60.990002,61.740002,58.580002,58.939999,2448192,52.452137
2015-12-04,58.68,59.34,58.279999,59.040001,2190898,52.54113
2015-12-07,59.57,60.459999,59.349998,60.209999,1521773,53.582336
2015-12-08,60.290001,60.610001,59.419998,59.709999,1968711,53.137379
2015-12-09,60.049999,60.349998,59.299999,59.41,1258603,52.870403
2015-12-10,59.310001,59.349998,58.470001,58.599998,1347554,52.149563
2015-12-11,58.380001,58.48,57.25,57.630001,1642970,51.286335
2015-12-14,57.860001,58.419998,57.110001,57.16,1414916,50.868069
2015-12-15,57.77,58.049999,57.490002,57.68,2419083,51.330833
2015-12-16,58.02,58.189999,57.68,57.939999,1934712,51.56221
2015-12-17,58.970001,59.459999,58.77,59.16,2867356,52.647919
2015-12-18,58.419998,58.599998,57.98,58.400002,5627928,51.971581
2015-12-21,58.32,59.130001,57.900002,57.900002,1292910,51.526615
2015-12-22,58.349998,58.580002,57.459999,58.029999,977432,51.642303
2015-12-23,58.700001,59.16,58.68,59.029999,1028093,52.532227
2015-12-24,59.240002,59.279999,58.970001,59.279999,181173,52.754707
2015-12-28,59.200001,59.23,58.400002,58.459999,487039,52.024975
2015-12-29,58.939999,59.669998,58.939999,59.5,706167,52.950497
2015-12-30,59.290001,59.669998,59,59.48,627230,52.932693
2016-01-04,58.759998,58.759998,57.23,57.73,1723329,51.375324
2016-01-05,58.139999,58.439999,57.400002,58.049999,1176286,51.660103
2016-01-06,57.889999,57.889999,56.720001,57.709999,1313092,51.357533
2016-01-07,56.34,57.200001,55.91,57.049999,1997682,50.77018
2016-01-08,56.98,57.540001,56.689999,56.860001,1623185,50.601089
2016-01-11,57.189999,58.700001,57.060001,58.09,2348417,51.695694
2016-01-12,58.209999,59.599998,57.740002,59.040001,1881715,52.54113
2016-01-13,59.540001,60.369999,59.25,59.48,1802666,52.932693
2016-01-14,58.66,58.720001,57,58.09,2568151,51.695694
2016-01-15,58.150002,58.380001,56.610001,57.400002,2808343,51.08165
2016-01-18,57.220001,58.02,56.950001,57.34,1467665,51.028255
2016-01-19,58.27,59.220001,57.889999,59.049999,1695579,52.550022
2016-01-20,57.900002,58.040001,56.459999,57.209999,2183990,50.912567
2016-01-21,57.290001,58.610001,56.900002,58.25,2698648,51.838089
2016-01-22,59.049999,60.639999,58.849998,60.220001,2326912,53.591244
2016-01-25,60.779999,62.18,60.450001,61.630001,2307944,54.846027
2016-01-26,60.59,61.709999,60.380001,61.369999,1710896,54.614655
2016-01-27,61.400002,62.610001,61.16,62.610001,1980004,55.718159
2016-01-28,62.16,62.970001,61.119999,61.84,2105156,55.032913
2016-01-29,62.650002,62.689999,61.869999,62.419998,2281997,55.549065
2016-02-01,63.029999,63.639999,62.540001,63.639999,2110747,56.634781
2016-02-02,64,64,62.450001,62.84,2059440,55.92284
2016-02-03,62.5,62.709999,60.439999,61.080002,2572082,54.356579
2016-02-04,61.950001,62.259998,60.290001,60.290001,1857727,53.653538
2016-02-05,61.599998,62.130001,60.490002,60.75,2695238,54.062901
2016-02-08,61.509998,61.82,58.889999,59.360001,3115460,52.825905
2016-02-09,59.310001,59.689999,57.450001,59.23,2972009,52.710213
2016-02-10,59.59,60.619999,59.119999,59.84,2384081,53.253071
2016-02-11,59.200001,59.299999,58.09,58.209999,2211754,51.80249
2016-02-12,58.610001,59.040001,58.060001,58.630001,2109268,52.176262
2016-02-15,59.73,60.540001,59.509998,60.360001,1764794,53.715836
2016-02-16,60.799999,61.689999,60.419998,61.389999,1852036,54.63245
2016-02-17,61.889999,63.299999,61.700001,63.18,2501776,56.225418
2016-02-18,63.200001,63.900002,62.689999,63.66,1952708,56.652584
2016-02-19,63.52,63.880001,62.029999,62.889999,1950964,55.967335
2016-02-22,63.189999,63.950001,63.009998,63.060001,1489647,56.118626
2016-02-23,63,63.68,62.889999,63.060001,1412269,56.118626
2016-02-24,62.990002,63.130001,61.709999,62.369999,1800669,55.504578
2016-02-25,63.299999,63.98,62.959999,63.639999,1609827,56.634781
2016-02-26,64,64.540001,63.279999,63.41,1826835,56.430096
2016-02-29,63.07,63.849998,62.439999,63.82,1707436,56.794968
2016-03-01,63.900002,64.07,63.419998,64,3023425,56.955154
2016-03-02,64.5,64.660004,62.790001,62.959999,2559771,56.029629
2016-03-03,62.93,63.02,62.360001,63.009998,1190273,56.074131
2016-03-04,63.369999,64.029999,62.689999,63.959999,1645984,56.919556
2016-03-07,64,64.5,63.509998,63.700001,1205373,56.688179
2016-03-08,63.32,63.650002,62.540001,63.27,1349275,56.305508
2016-03-09,63.400002,64.300003,63.169998,63.889999,1487025,56.857258
2016-03-10,64.139999,66.440002,63.599998,63.599998,3070329,56.599178
2016-03-11,64.769997,65.559998,64.550003,65.349998,2021197,58.156551
2016-03-14,65.400002,65.830002,64.480003,64.599998,1240803,57.489109
2016-03-15,64.220001,65.209999,64.110001,65.160004,1361675,57.987469
2016-03-16,65.199997,65.290001,64.620003,65.290001,1382387,58.103161
2016-03-17,65.690002,65.93,64.25,65.379997,1778763,58.18325
2016-03-18,65.879997,65.900002,64.769997,64.769997,3488052,57.640392
2016-03-21,64.970001,65.43,64.480003,64.940002,1325295,57.791679
2016-03-22,64.540001,65.099998,64.150002,65.07,1091539,57.907375
2016-03-23,65.330002,65.699997,65.07,65.440002,1334887,58.236649
2016-03-24,64.839996,65.389999,64.650002,65,1054381,57.845078
2016-03-29,65.25,65.769997,64.870003,65.199997,1145950,58.023064
2016-03-30,65.720001,66.690002,65.620003,66.290001,1605031,58.99308
2016-03-31,65.779999,65.779999,65.160004,65.470001,1583725,58.263348
2016-04-01,64.75,65.32,63.849998,65.279999,2398022,58.094257
2016-04-04,65,65.870003,64.360001,65.449997,1352648,58.245544
2016-04-05,64.620003,64.910004,64.300003,64.739998,1638176,57.613701
2016-04-06,64.779999,65.209999,64.43,65.099998,1388967,57.934071
2016-04-07,65.07,65.639999,64.440002,64.849998,1368549,57.711578
2016-04-08,64.949997,65.089996,64.370003,65.019997,1436803,57.862873
2016-04-11,64.959999,65.080002,64.150002,64.580002,1649475,57.471313
2016-04-12,64.5,64.860001,64,64.75,1611154,57.622593
2016-04-13,65.410004,65.650002,64.43,64.900002,2099709,57.756084
2016-04-14,65.010002,65.839996,64.68,65.839996,1942243,58.592609
2016-04-15,65.800003,66.239998,65.769997,65.949997,1825781,58.690502
2016-04-18,65.349998,66.18,65.32,66.050003,1307927,58.779507
2016-04-19,66.139999,66.5,65.739998,66.18,1844213,58.895195
2016-04-20,66.080002,66.330002,65.150002,65.559998,1673880,58.343441
2016-04-21,65.720001,66,63.82,64.239998,2323439,57.168732
2016-04-22,64.419998,65.239998,63.990002,65.010002,1353267,57.853985
2016-04-25,65.019997,65.480003,64.730003,65.480003,1093521,58.27224
2016-04-26,64.910004,65.339996,64.470001,65.129997,1945248,59.107162
2016-04-27,65.230003,66.019997,65.199997,65.800003,1399014,59.715218
2016-04-28,65.650002,66,64.970001,66,1498661,59.896713
2016-04-29,63.099998,65.879997,63.099998,65.239998,3018538,59.206989
2016-05-02,65,65.360001,64.790001,64.940002,1070542,58.934731
2016-05-03,65,65.599998,64.580002,65.5,1890890,59.442944
2016-05-04,65.269997,65.629997,64.25,64.470001,1657780,58.508202
2016-05-05,64.480003,64.860001,64.139999,64.309998,1157250,58.362988
2016-05-06,64.160004,64.339996,63.27,63.75,1509342,57.854786
2016-05-09,63.869999,64.330002,63.720001,63.919998,1325502,58.009056
2016-05-10,64.470001,64.720001,63.810001,64.089996,1306247,58.163334
2016-05-11,63.93,64.790001,63.790001,64.559998,1664009,58.589874
2016-05-12,64.419998,65,64.040001,64.620003,1319234,58.644333
2016-05-13,64.220001,65.459999,64,65.089996,1400021,59.070862
2016-05-16,64.650002,65.599998,64.470001,65.519997,759385,59.461098
2016-05-17,65.550003,65.830002,64.730003,65.129997,1509709,59.107162
2016-05-18,64.739998,65.360001,64.589996,65.360001,1512938,59.315899
2016-05-19,65.010002,65.379997,64.599998,65.150002,1087076,59.125317
2016-05-20,65.489998,66.010002,65.309998,66.010002,2293771,59.905788
2016-05-23,66.209999,66.82,66.169998,66.349998,1808552,60.214352
2016-05-24,66.419998,67.93,66.269997,67.739998,2340123,61.4758
2016-05-25,67.970001,68.07,67.360001,67.410004,1750294,61.176327
2016-05-26,67.449997,68.07,67.449997,67.919998,1307968,61.639156
2016-05-27,67.730003,68.18,67.610001,68.18,1378466,61.875114
2016-05-30,68.099998,68.290001,67.809998,68.150002,853502,61.8479
2016-05-31,67.559998,67.75,67.160004,67.589996,3237326,61.33968
2016-06-01,67.470001,67.779999,67.019997,67.199997,1617734,60.985744
2016-06-02,67.330002,67.629997,66.629997,66.790001,1613686,60.613663
2016-06-03,66.900002,67.239998,66.269997,66.690002,1498098,60.522907
2016-06-06,66.519997,67.019997,66.169998,66.830002,1241771,60.649956
2016-06-07,67.099998,67.470001,66.889999,66.900002,1839903,60.713486
2016-06-08,66.620003,66.790001,66.040001,66.150002,1665028,60.032841
2016-06-09,66.160004,66.160004,65.519997,65.790001,1436405,59.706131
2016-06-10,65.550003,65.550003,64.620003,64.669998,1567479,58.689697
2016-06-13,64.139999,64.440002,63.650002,63.650002,1964753,57.76403
2016-06-14,62.970001,63.110001,62.18,62.18,2483398,56.429962
2016-06-15,62.75,63.330002,62.5,62.599998,1855638,56.811123
2016-06-16,62,62.540001,61.5,62.330002,1835471,56.566093
2016-06-17,62.709999,63.119999,62.5,62.900002,2480050,57.083382
2016-06-20,64.339996,65.239998,64.25,64.800003,1943891,58.807686
2016-06-21,64.949997,64.949997,64.379997,64.730003,2087560,58.744152
2016-06-22,65.190002,65.370003,64.419998,64.419998,1976592,58.462818
2016-06-23,64.800003,65.370003,64,64.650002,2932191,58.671558
2016-06-24,61.130001,61.639999,58.73,59.990002,6320771,54.442482
2016-06-27,59.52,60.73,58.290001,58.57,3716007,53.153793
2016-06-28,59.439999,60.509998,58.990002,60.360001,3383689,54.778271
2016-06-29,61.09,62.790001,60.84,62.52,2424373,56.738522
2016-06-30,62.580002,63.880001,62.02,63.689999,2778358,57.800327
2016-07-01,64.019997,64.93,63.860001,64.349998,2094620,58.3993
2016-07-04,64.720001,64.889999,63.549999,63.560001,1103888,57.68235
2016-07-05,63.07,63.299999,62.400002,62.669998,1464382,56.874653
2016-07-06,62.240002,62.73,61.689999,62.209999,1839953,56.457188
2016-07-07,62.619999,63.439999,62.52,63.130001,1698499,57.292114
2016-07-08,62.889999,63.959999,62.669998,63.599998,1432892,57.718647
2016-07-11,64.220001,65.480003,63.93,65.449997,1453904,59.397575
2016-07-12,65.5,66.32,65.410004,65.760002,1481432,59.678905
2016-07-13,65.519997,66.480003,65.519997,66.089996,1381234,59.97839
2016-07-14,66.400002,66.669998,65.669998,66.309998,1216754,60.178043
2016-07-15,66.18,66.370003,65.75,66.269997,1011320,60.141747
2016-07-18,66.279999,66.68,65.610001,65.900002,969798,59.805962
2016-07-19,65.760002,66.099998,65.32,65.940002,1110642,59.842255
2016-07-20,66.290001,66.610001,65.830002,66.379997,1076802,60.24157
2016-07-21,66.410004,66.650002,65.389999,65.970001,975250,59.869484
2016-07-22,66.019997,66.860001,65.989998,66.550003,1053160,60.395855
2016-07-25,66.699997,67.260002,66.540001,67.209999,944684,60.99482
2016-07-26,67.199997,67.480003,66.970001,67.379997,1124216,61.149094
2016-07-27,67.510002,68.050003,67.510002,67.610001,1270824,61.357834
2016-07-28,67.330002,68.300003,66.959999,67.080002,1326589,60.876835
2016-07-29,67.599998,67.889999,65.839996,67.889999,1841239,61.611927
2016-08-01,68,68.080002,67.050003,67.220001,1049597,61.003895
2016-08-02,67.230003,67.82,67.230003,67.370003,1426484,61.140022
2016-08-03,67.379997,67.400002,66.5,67.089996,1645642,60.88591
2016-08-04,67.639999,67.870003,66.650002,67.230003,1081728,61.01297
2016-08-05,67.349998,67.68,66.790001,67.040001,2327781,60.840542
2016-08-08,67.019997,67.400002,66.510002,67.269997,1051345,61.049263
2016-08-09,67.360001,67.68,67.099998,67.68,1023160,61.421352
2016-08-10,67.440002,67.75,67.199997,67.709999,919423,61.448578
2016-08-11,68,69.68,67.93,69.68,1854732,63.236404
2016-08-12,69.669998,69.800003,68.900002,68.900002,1248590,62.528545
2016-08-15,68.830002,69.279999,68.639999,68.699997,676310,62.347031
2016-08-16,68.400002,68.43,67.599998,67.599998,1590266,61.348763
2016-08-17,67.550003,67.620003,66.629997,66.989998,1479893,60.795162
2016-08-18,67.5,67.900002,67.349998,67.720001,1038090,61.457653
2016-08-19,67.739998,67.739998,66.82,67.019997,1111616,60.822388
2016-08-22,66.839996,67.489998,66.370003,66.900002,894131,60.713486
2016-08-23,67.419998,67.550003,67.040001,67.150002,1247171,60.940369
2016-08-24,66.730003,67.419998,66.459999,67.019997,1111234,60.822388
2016-08-25,66.949997,67.18,66.480003,66.940002,693106,60.749783
2016-08-26,66.980003,67.660004,66.739998,67.440002,863133,61.203548
2016-08-29,67.260002,67.400002,66.870003,67.260002,540816,61.040192
2016-08-30,67.57,68.220001,67.519997,68.029999,1153418,61.738995
2016-08-31,67.879997,69.059998,67.769997,67.989998,1739632,61.702682
2016-09-01,68.239998,68.93,67.93,68.25,1171283,61.938641
2016-09-02,68.5,69.43,68.260002,69.32,1248590,62.909702
2016-09-05,69.300003,69.5,68.800003,68.82,848626,62.455936
2016-09-06,69.110001,69.349998,68.900002,69.029999,929035,62.646523
2016-09-07,69.239998,69.489998,68.93,69.32,1054701,62.909702
2016-09-08,69.209999,69.660004,68.260002,68.739998,1283540,62.383335
2016-09-09,68.629997,68.889999,66.959999,67.279999,1780869,61.058338
2016-09-12,66.32,66.980003,65.910004,66.980003,1487198,60.786098
2016-09-13,67.309998,67.470001,66.370003,66.389999,1043890,60.250641
2016-09-14,66.739998,67.120003,66.349998,66.349998,1440347,60.214352
2016-09-15,66.080002,66.849998,65.900002,66.760002,1278616,60.58643
2016-09-16,66.489998,66.910004,65.660004,66.110001,2652390,59.99654
2016-09-19,66.769997,67.489998,66.589996,67.379997,1164032,61.149094
2016-09-20,67.349998,67.870003,67.07,67.07,1123761,60.867767
2016-09-21,67.629997,68.029999,66.970001,67.019997,925016,60.822388
2016-09-22,67.68,69.190002,67.639999,68.800003,1592415,62.437786
2016-09-23,68.730003,68.779999,68.260002,68.690002,1021196,62.337948
2016-09-26,68.279999,68.279999,67.510002,67.699997,1011654,61.439507
2016-09-27,67.940002,68.139999,67.080002,67.690002,846849,61.430439
2016-09-28,67.910004,68.699997,67.900002,67.970001,876036,61.68454
2016-09-29,68.550003,68.889999,67.699997,67.760002,783542,61.493954
2016-09-30,67.050003,68.470001,66.519997,68.120003,1621669,61.820671
2016-10-03,68.040001,68.309998,67.650002,68.059998,581419,61.766216
2016-10-04,68.190002,68.739998,68.059998,68.43,1193002,62.101994
2016-10-05,67.809998,67.889999,67.059998,67.290001,1125656,61.067421
2016-10-06,67.379997,67.629997,67.010002,67.019997,943012,60.822388
2016-10-07,67.080002,67.099998,66.260002,66.349998,1118585,60.214352
2016-10-10,66.43,66.589996,66.040001,66.480003,992230,60.332325
2016-10-11,66.190002,66.349998,65.07,65.169998,1539364,59.143467
2016-10-12,65.32,65.650002,65.059998,65.199997,1189342,59.170696
2016-10-13,65.110001,65.639999,64.440002,65.599998,1652740,59.533703
2016-10-14,66.059998,67.489998,66,67.040001,1320116,60.840542
2016-10-17,66.849998,67.389999,66.510002,66.879997,968055,60.695335
2016-10-18,67.5,67.989998,67.389999,67.440002,1222945,61.203548
2016-10-19,67.43,67.449997,67.110001,67.230003,899728,61.01297
2016-10-20,67.470001,67.5,66.660004,67.169998,882286,60.958515
2016-10-21,67.379997,67.529999,67.120003,67.379997,1112456,61.149094
2016-10-24,67.660004,68.199997,67.650002,67.730003,853613,61.46674
2016-10-25,67.82,68.110001,67.279999,67.480003,633133,61.239853
2016-10-26,65.459999,66.82,65.099998,66.650002,1662524,60.486599
2016-10-27,66.489998,67.080002,65.720001,65.790001,1233290,59.706131
2016-10-28,65.440002,65.839996,64.589996,65.709999,1359848,59.63353
2016-10-31,65.540001,66.349998,65.529999,65.980003,1575701,59.878567
2016-11-01,66.239998,66.410004,64.879997,65.019997,1133378,59.007336
2016-11-02,64.720001,65.199997,64.519997,64.82,1047891,58.825832
2016-11-03,64.519997,64.910004,63.639999,63.639999,1335186,57.754951
2016-11-04,63.400002,63.439999,62.68,62.849998,1652452,57.038006
2016-11-07,63,63.869999,63,63.68,1308240,57.791252
2016-11-08,63.07,63.869999,62.91,63.580002,1088593,58.277046
2016-11-09,61.869999,64.220001,61.279999,64.220001,1932406,58.863667
2016-11-10,64.470001,65.099998,60.98,61.23,3704198,56.123051
2016-11-11,61.48,61.59,60.470001,60.700001,2071717,55.637257
2016-11-14,61.299999,61.349998,59.610001,60.029999,2176089,55.02314
2016-11-15,60.34,61.139999,60.209999,60.849998,1428352,55.774746
2016-11-16,60.91,61.540001,60.630001,60.889999,1382313,55.811413
2016-11-17,61,61.41,60.650002,61.349998,1350445,56.23304
2016-11-18,61.59,61.75,60.75,61.09,1319858,55.994728
2016-11-21,61.25,61.380001,60.43,61.099998,1069875,56.003891
2016-11-22,61.540001,62.200001,49.93,58.799999,6309680,53.895729
2016-11-23,60.650002,60.75,59.240002,59.310001,3543086,54.363194
2016-11-24,59.900002,60.240002,59.740002,60.110001,1361492,55.096462
2016-11-25,60.380001,60.619999,59.790001,60.310001,1353456,55.279785
2016-11-28,60.310001,60.41,59.880001,60.189999,1316733,55.169796
2016-11-29,60.380001,61.369999,60.220001,61.369999,2254348,56.251377
2016-11-30,61.349998,62.02,61.029999,61.23,1847866,56.123051
2016-12-01,61.080002,61.25,60.259998,60.57,1693725,55.518101
2016-12-02,60.509998,60.549999,59.759998,60.34,1240931,55.307285
2016-12-05,60.139999,61.290001,60.099998,60.52,1308363,55.472267
2016-12-06,60.790001,61.57,60.32,61.509998,1299681,56.3797
2016-12-07,62.049999,62.25,61.419998,61.849998,1411844,56.691341
2016-12-08,62.259998,62.68,61.740002,62.330002,1916467,57.13131
2016-12-09,62.43,62.98,62.259998,62.380001,1506587,57.177135
2016-12-12,62.720001,62.98,62.009998,62.959999,1691427,57.708755
2016-12-13,63,64.110001,62.849998,64.040001,2070441,58.698685
2016-12-14,63.66,63.66,62.77,63.34,1701022,58.057068
2016-12-15,63.5,63.84,63.07,63.799999,2011045,58.478695
2016-12-16,63.950001,64.949997,63.84,64.269997,3461423,58.909492
2016-12-19,64.269997,64.660004,64.019997,64.559998,1219364,59.175312
2016-12-20,64.57,64.57,64.080002,64.32,1254873,58.955326
2016-12-21,64.269997,64.599998,64.059998,64.220001,973473,58.863667
2016-12-22,64.720001,64.720001,64.129997,64.279999,1139451,58.918663
2016-12-23,64.209999,64.639999,64.209999,64.480003,714276,59.101982
2016-12-27,64.620003,64.790001,64.379997,64.529999,438164,59.147808
2016-12-28,64.459999,64.57,64.150002,64.190002,762233,58.836174
2016-12-29,64.07,64.519997,64,64.389999,540175,59.019485
2016-12-30,64.559998,64.699997,64.029999,64.699997,963937,59.303631
2017-01-02,64.510002,64.910004,64.480003,64.650002,489504,59.257809
2017-01-03,65,65.419998,64.900002,65.349998,1270473,59.899414
2017-01-04,65.5,65.529999,64.629997,64.910004,1039802,59.496124
2017-01-05,64.760002,65.220001,64.57,65.139999,971938,59.706936
2017-01-06,65.110001,65.760002,64.93,65.730003,768607,60.247734
2017-01-09,65.75,66,65.260002,66,866657,60.495213
2017-01-10,66,66.389999,65.510002,65.910004,1060917,60.412716
2017-01-11,65.849998,66.089996,65.400002,65.57,1160686,60.101063
2017-01-12,65.260002,65.720001,64.690002,65.510002,1540664,60.046074
2017-01-13,65.739998,65.989998,65.279999,65.720001,1434547,60.23856
2017-01-16,65.339996,65.629997,65.25,65.470001,835389,60.009418
2017-01-17,64.989998,65.239998,64.589996,64.989998,1035492,59.569447
2017-01-18,65.160004,65.269997,64.559998,65.160004,1085945,59.725269
2017-01-19,65.290001,65.610001,64.779999,65.18,1342183,59.743603
2017-01-20,65.029999,66.230003,64.970001,65.839996,1936532,60.348545
2017-01-23,66,67.5,65.940002,66.900002,1742478,61.320145
2017-01-24,66.949997,67.089996,66.300003,66.559998,1165066,61.008492
2017-01-25,66.970001,67.059998,66.589996,66.650002,1277956,61.090988
2017-01-26,66.790001,66.790001,65.540001,65.849998,1327903,60.357716
2017-01-27,65.940002,66.059998,65.239998,65.559998,1130576,60.091908
2017-01-30,65.529999,65.760002,64.739998,64.940002,960201,59.523613
2017-01-31,65.010002,65.339996,64.900002,64.900002,1513707,59.486958
2017-02-01,65.169998,65.779999,65.080002,65.279999,1177550,59.835258
2017-02-02,65.07,66.669998,64.959999,66.190002,1401809,60.669353
2017-02-03,66.190002,66.93,66.029999,66.540001,1009542,60.99017
2017-02-06,66.57,66.599998,65.660004,65.82,990420,60.330223
2017-02-07,65.68,65.800003,64.900002,65.220001,1234132,59.780262
2017-02-08,66.699997,68.769997,66.699997,68.269997,3234172,62.575871
2017-02-09,68.400002,68.809998,67.669998,68.809998,2091885,63.070835
2017-02-10,68.839996,68.989998,68.459999,68.760002,1418066,63.025009
2017-02-13,69,69.589996,68.690002,69.360001,1358885,63.574963
2017-02-14,69.269997,69.739998,68.769997,68.82,1233819,63.07999
2017-02-15,68.980003,69.849998,68.760002,69.400002,1359178,63.611622
2017-02-16,69.589996,69.779999,68.709999,68.900002,1323954,63.153336
2017-02-17,68.849998,69.150002,68.139999,68.209999,1500979,62.520878
2017-02-20,68.599998,68.980003,68.400002,68.529999,812723,62.81419
2017-02-21,68.68,68.830002,68.239998,68.309998,1283041,62.612537
2017-02-22,68.199997,68.620003,67.970001,68.489998,1315843,62.777523
2017-02-23,68.440002,68.860001,68.050003,68.169998,968167,62.484215
2017-02-24,68.470001,68.559998,67.160004,67.489998,1478918,61.860928
2017-02-27,67.760002,67.809998,67.010002,67.440002,959970,61.815102
2017-02-28,67.93,68.220001,67.129997,68.010002,1183448,62.337563
2017-03-01,68.529999,70.190002,68.529999,69.730003,1798012,63.914101
2017-03-02,69.760002,69.919998,69.419998,69.919998,1124566,64.088257
2017-03-03,69.120003,70.349998,69.120003,70,1340932,64.161583
2017-03-06,70.029999,70.360001,69.849998,69.989998,974492,64.152412
2017-03-07,70.129997,70.25,69.68,70.059998,943153,64.216576
2017-03-08,70.199997,70.459999,69.879997,70.32,1180720,64.454887
2017-03-09,70.309998,70.82,70.199997,70.739998,971943,64.839859
2017-03-10,70.730003,70.870003,70.290001,70.339996,1099892,64.473228
2017-03-13,70.510002,70.510002,69.860001,69.910004,880761,64.079086
2017-03-14,70.300003,70.300003,69.639999,69.769997,888545,63.950764
2017-03-15,70.019997,70.089996,69.370003,69.449997,1277981,63.657448
2017-03-16,69.82,70.57,69.540001,70.370003,1243605,64.500725
2017-03-17,70.459999,71.699997,70.330002,71.699997,2938575,65.719788
2017-03-20,71.43,71.949997,71.400002,71.690002,1166306,65.710625
2017-03-21,71.650002,72.629997,71.57,72.190002,1829932,66.168915
2017-03-22,72.07,72.510002,71.629997,72.190002,1261908,66.168915
2017-03-23,72.900002,73.889999,72.610001,73.730003,1925845,67.580475
2017-03-24,73.93,74.480003,73.660004,74.360001,1726331,68.157928
2017-03-27,74.860001,75.029999,74.239998,74.349998,2204052,68.148766
2017-03-28,74.550003,74.779999,73.489998,73.93,1292176,67.763794
2017-03-29,74.25,74.25,73.489998,73.75,1164176,67.598816
2017-03-30,74.050003,74.169998,73.760002,74.160004,1100737,67.974617
2017-03-31,74.089996,74.379997,73.510002,74.300003,1503518,68.102951
2017-04-03,74.400002,74.720001,73.919998,74.459999,1265564,68.249596
2017-04-04,74.459999,74.639999,73.800003,73.800003,1440197,67.644653
2017-04-05,74,74.449997,73.779999,73.970001,1341834,67.800461
2017-04-06,74.040001,74.790001,73.879997,74.629997,1060652,68.405411
2017-04-07,74.290001,74.650002,74.110001,74.540001,1043240,68.322914
2017-04-10,74.269997,74.480003,73.709999,73.709999,846668,67.562149
2017-04-11,73.519997,75.220001,73.389999,74.980003,1814511,68.726227
2017-04-12,74.309998,74.919998,73.68,73.690002,1335662,67.543816
2017-04-13,73.599998,74.129997,73.169998,73.849998,1515149,67.690468
2017-04-18,73.669998,74.110001,72.330002,72.559998,1819981,66.508064
2017-04-19,72.559998,72.900002,71.830002,72.220001,1986686,66.196426
2017-04-20,72.220001,74.269997,71.910004,73.989998,2120481,67.818794
2017-04-21,73.629997,73.699997,72.720001,73.330002,2272707,67.213837
2017-04-24,77.669998,78.68,76.75,78.5,3998482,71.952629
2017-04-25,77,78.18,76.739998,77.720001,2335419,72.597153
2017-04-26,77.349998,77.660004,76.900002,77.209999,1498800,72.120773
2017-04-27,76.879997,77.779999,76.790001,77.550003,1245884,72.438362
2017-04-28,77.550003,78.25,77.410004,78.099998,1896695,72.952095
2017-05-02,77.959999,78.089996,77.349998,78.050003,1650025,72.905403
2017-05-03,78,78.029999,77.010002,77.07,1506238,71.989998
2017-05-04,77.410004,79.330002,77.199997,79.330002,1686232,74.101028
2017-05-05,79.199997,79.5,78.269997,79.5,1874950,74.259819
2017-05-08,79.739998,79.839996,78.519997,78.989998,1320022,73.78344
2017-05-09,78.639999,79.139999,78.470001,79,1387230,73.792786
2017-05-10,78.650002,78.919998,77.43,78.32,1663893,73.157608
2017-05-11,78.489998,78.809998,77.400002,77.779999,1537006,72.653191
2017-05-12,77.989998,78.529999,77.540001,78.529999,1181698,73.35376
2017-05-15,78.489998,78.68,77.589996,78.370003,1214594,73.204308
2017-05-16,78.43,78.480003,77.5,77.690002,1341757,72.56913
2017-05-17,77.360001,77.790001,76.580002,76.949997,1240230,71.877899
2017-05-18,77.040001,77.650002,76.379997,76.900002,1909331,71.8312
2017-05-19,76.830002,77.18,76.349998,76.650002,1693181,71.597679
2017-05-22,75.970001,76.779999,75.099998,76.5,1448134,71.457565
2017-05-23,76.5,77.080002,76.5,76.830002,840935,71.765816
2017-05-24,77.209999,77.260002,76.349998,76.529999,1345736,71.485588
2017-05-25,76.970001,77.370003,76.690002,76.889999,617678,71.821861
2017-05-26,76.639999,77.089996,75.959999,77,1041440,71.924606
2017-05-29,76.790001,77.019997,76.419998,76.900002,486469,71.8312
2017-05-30,76.25,76.690002,75.889999,76.540001,987477,71.494942
2017-05-31,76.779999,78.279999,76.57,77.730003,1939025,72.606491
2017-06-01,78.019997,78.32,77.370003,77.559998,1149434,72.447693
2017-06-02,78,78.300003,77.599998,78.089996,969193,72.942757
2017-06-05,78.010002,78.260002,77.550003,77.800003,612051,72.671883
2017-06-06,77.279999,77.440002,76.690002,76.769997,1197832,71.709755
2017-06-07,76.589996,77.260002,76.43,76.699997,1082112,71.644386
2017-06-08,76.790001,77.230003,76.529999,77.059998,884957,71.980652
2017-06-09,77.209999,78.150002,77.169998,78.010002,1223473,72.868034
2017-06-12,77.690002,77.980003,77.440002,77.599998,1340139,72.485062
2017-06-13,77.849998,77.900002,77.449997,77.690002,1071330,72.56913
2017-06-14,77.779999,79.410004,77.779999,78.550003,1556474,73.372437
2017-06-15,78.230003,78.489998,77.459999,78.459999,1651811,73.288376
2017-06-16,78.559998,79.589996,78.5,79.589996,2637799,74.343887
2017-06-19,79.5,80.400002,79.489998,79.800003,1272950,74.540054
2017-06-20,79.989998,80.43,79.910004,79.910004,1159982,74.642807
2017-06-21,79.830002,79.93,79.400002,79.5,1135240,74.259819
2017-06-22,79.260002,79.410004,78.730003,79,1143909,73.792786
2017-06-23,78.779999,79.209999,78.400002,78.970001,948391,73.764755
2017-06-26,79.25,79.779999,79.040001,79.510002,1007946,74.269165
2017-06-27,78.779999,79.080002,77.5,77.699997,1615007,72.578468
2017-06-28,77.300003,77.839996,76.830002,77.360001,1499053,72.26088
2017-06-29,77.440002,77.510002,74.269997,74.889999,2763013,69.953682
2017-06-30,74.82,75.720001,74.529999,74.730003,1803182,69.804237
2017-07-03,74.989998,75.239998,74.75,75.050003,980106,70.103142
2017-07-04,74.809998,75.279999,74.519997,74.790001,1019180,69.860283
2017-07-05,74.910004,75.660004,74.550003,75.339996,1451795,70.374023
2017-07-06,74.550003,74.839996,72.769997,73.449997,1828103,68.608589
2017-07-07,73.290001,73.919998,73.25,73.889999,1005934,69.0196
2017-07-10,74.010002,75.059998,73.690002,74.849998,1067756,69.916313
2017-07-11,75.339996,75.849998,74.989998,75.120003,1376979,70.168526
2017-07-12,75.620003,77.410004,75.269997,77.07,1655819,71.989998
2017-07-13,77.18,78.529999,77.120003,77.959999,1574138,72.821335
2017-07-14,78,78.07,77.510002,77.889999,1020715,72.755943
2017-07-17,77.959999,78.349998,77.589996,77.760002,799294,72.634514
2017-07-18,77.519997,78.080002,77.059998,77.150002,1276247,72.06472
2017-07-19,77.5,78.379997,77.019997,78.379997,1214188,73.213646
2017-07-20,79.050003,79.610001,77.639999,77.949997,1318384,72.811981
2017-07-21,77.580002,77.879997,75.779999,76.120003,1839351,71.102615
2017-07-24,76.400002,77.330002,76.099998,76.790001,1168633,71.728455
2017-07-25,76.739998,78.199997,76.739998,77.139999,1204374,72.055382
2017-07-26,77.120003,77.989998,76.900002,77.199997,950358,72.11142
2017-07-27,76.879997,77.860001,76.529999,77.260002,1172666,72.167465
2017-07-28,76.050003,76.459999,74.580002,75.330002,2055570,70.364677
2017-07-31,75.300003,76.339996,75.169998,75.739998,1363891,70.747658
2017-08-01,76.809998,76.809998,74.949997,75.449997,1181222,70.476776
2017-08-02,75.360001,75.470001,74.360001,74.68,1119682,69.75753
2017-08-03,74.68,75.839996,74.440002,75.559998,1067465,70.579521
2017-08-04,75.5,77.160004,75.339996,77.050003,1102687,71.971321
2017-08-07,77,77.480003,76.949997,77.349998,864130,72.251534
2017-08-08,77.309998,77.699997,77.080002,77.309998,689741,72.214172
2017-08-09,76.970001,77.230003,76.449997,76.919998,1065395,71.849876
2017-08-10,77.169998,77.660004,76.279999,76.610001,1045159,71.560318
2017-08-11,76.300003,76.470001,75.330002,75.639999,1050770,70.654251
2017-08-14,75.900002,76.889999,75.800003,76.790001,734817,71.728455
2017-08-15,77.07,77.349998,76.760002,76.949997,499478,71.877899
2017-08-16,77.080002,78.169998,76.959999,77.709999,715822,72.587807
2017-08-17,77.550003,77.879997,77.150002,77.169998,806061,72.083397
2017-08-18,76.800003,76.800003,75.849998,76.57,975745,71.522949
2017-08-21,76.300003,76.43,75.730003,76.139999,687231,71.121292
2017-08-22,76.459999,76.75,76.269997,76.650002,557772,71.597679
2017-08-23,76.790001,77.239998,76.010002,76.099998,694157,71.083923
2017-08-24,76.360001,76.629997,75.669998,75.730003,983661,70.738327
2017-08-25,76.019997,77.120003,75.830002,76.5,961059,71.457565
2017-08-28,76.040001,76.589996,75.809998,76,525646,70.990517
2017-08-29,75.410004,75.889999,74.790001,75.480003,1146471,70.504807
2017-08-30,76.040001,76.489998,75.760002,76.32,683957,71.289429
2017-08-31,76.910004,77.889999,76.910004,77.349998,1356698,72.251534
2017-09-01,77.699997,78.769997,77.699997,78.360001,1194136,73.194962
2017-09-04,77.75,78.699997,77.650002,78.650002,943753,73.465851
2017-09-05,78.699997,79.150002,78.440002,78.5,990276,73.325737
2017-09-06,78.160004,79.589996,77.910004,79.459999,1323883,74.222458
2017-09-07,79.459999,80.599998,79.099998,79.639999,1622175,74.390594
2017-09-08,78.760002,79.199997,78.459999,79.040001,1002179,73.830147
2017-09-11,79.419998,80.260002,79.400002,80.260002,1027789,74.969734
2017-09-12,80.25,80.400002,79.110001,79.300003,1273615,74.073013
2017-09-13,79.019997,80.239998,78.849998,80.190002,1101332,74.904343
2017-09-14,80.199997,80.389999,79.870003,80.269997,896376,74.979065
2017-09-15,80.279999,80.529999,79.970001,80.25,3641879,74.960388
2017-09-18,80.480003,80.599998,80.150002,80.489998,652490,75.184563
2017-09-19,80.080002,80.519997,80.029999,80.510002,701561,75.203247
2017-09-20,80.279999,80.82,80.239998,80.400002,949023,75.100502
2017-09-21,80.650002,80.709999,80.260002,80.529999,873767,75.221939
2017-09-22,80.239998,80.559998,79.82,80.18,831144,74.894997
2017-09-25,79.980003,80.160004,79.739998,80,656111,74.726868
2017-09-26,80.199997,80.459999,79.739998,80.139999,1002305,74.857628
2017-09-27,80.260002,80.599998,80.160004,80.5,799063,75.193901
2017-09-28,80.589996,80.769997,80.160004,80.760002,813803,75.436768
2017-09-29,80.559998,80.879997,80.019997,80.400002,1779478,75.100502
2017-10-02,80.309998,81.110001,80.019997,81.110001,1028377,75.763695
2017-10-03,81.110001,81.290001,80.589996,81.129997,742232,75.782379
2017-10-04,81,81.07,80.489998,80.540001,874464,75.231277
2017-10-05,80.209999,80.68,79.809998,80.120003,1241687,74.838951
2017-10-06,79.919998,80.260002,79.669998,79.900002,1066335,74.633461
2017-10-09,80.199997,80.599998,80.129997,80.459999,789278,75.156548
2017-10-10,80.300003,80.440002,80.010002,80.199997,774393,74.913696
2017-10-11,80.230003,80.43,79.610001,80.370003,710109,75.072487
2017-10-12,80.540001,80.769997,80.029999,80.660004,881063,75.343361
2017-10-13,80.910004,80.919998,80.209999,80.589996,714123,75.277977
2017-10-16,80.709999,80.790001,80.330002,80.470001,690665,75.165878
2017-10-17,80.5,80.93,80.279999,80.440002,708063,75.137871
2017-10-18,80.550003,80.790001,80.290001,80.610001,897669,75.296654
2017-10-19,80.370003,80.900002,80.25,80.900002,1219039,75.567543
2017-10-20,81,81.360001,80.610001,81.080002,1178797,75.735687
2017-10-23,80.93,81.339996,80.459999,80.459999,961176,75.156548
2017-10-24,80.300003,80.989998,80.300003,80.510002,1008619,75.203247
2017-10-25,81.459999,81.610001,80.379997,80.489998,1274808,75.184563
2017-10-26,80.910004,83.129997,80.760002,82.959999,1885780,77.49176
2017-10-27,83.010002,83.410004,82.410004,82.949997,1326149,77.482422
2017-10-30,82.949997,84.07,82.860001,83.800003,1146921,78.27639
2017-10-31,83.900002,84.300003,83.480003,84.050003,1173233,78.509918
2017-11-01,84.209999,84.589996,83.949997,84.199997,1037923,78.650032
2017-11-02,84.449997,85.43,84.449997,84.800003,1237290,79.21048
2017-11-03,85.010002,85.830002,84.760002,85.830002,1105120,80.172585
2017-11-06,85.5,85.860001,85.220001,85.699997,1279758,80.051155
2017-11-07,85.150002,85.610001,84.989998,85.150002,1265729,80.182991
2017-11-08,85.239998,85.800003,85,85.510002,1265573,80.521988
2017-11-09,86.730003,86.760002,84.690002,85.129997,1501212,80.164146
2017-11-10,85.120003,85.120003,84.32,84.32,1283382,79.401405
2017-11-13,84.610001,84.720001,83.32,83.669998,1519781,78.789322
2017-11-14,83.709999,84.269997,83.379997,83.800003,1309574,78.911736
2017-11-15,83.620003,84.059998,82.989998,83.830002,1297592,78.939995
2017-11-16,84.550003,86,84.440002,85.599998,1461498,80.606743
2017-11-17,85.589996,85.599998,84.669998,84.860001,1180115,79.909904
2017-11-20,84.779999,85.559998,84.300003,85.349998,979771,80.371323
2017-11-21,85.379997,86.32,84.82,85.620003,1103793,80.625572
2017-11-22,85.529999,86.879997,85.300003,86.559998,1372869,81.510735
2017-11-23,86.510002,87.419998,86.220001,86.849998,1006792,81.783821
2017-11-24,86.699997,87.370003,86.300003,86.650002,699044,81.59549
2017-11-27,86.730003,87.480003,86.150002,86.150002,1295847,81.124657
2017-11-28,86.400002,87.239998,86.260002,86.93,1274844,81.859161
2017-11-29,87.199997,87.349998,86.720001,86.900002,1208165,81.830902
2017-11-30,87.059998,87.309998,85.839996,85.839996,2414075,80.832733
2017-12-01,86.279999,86.279999,84.620003,84.919998,1955794,79.9664
2017-12-04,85.660004,86.839996,85.300003,86.510002,1187995,81.463661
2017-12-05,86.589996,87.269997,86.589996,87.099998,1130714,82.019234
2017-12-06,86.410004,88.150002,86.150002,87.970001,1150761,82.838486
2017-12-07,88.080002,88.57,87.620003,88.209999,1016495,83.064491
2017-12-08,88.589996,88.769997,87.559998,87.760002,1102432,82.640747
2017-12-11,88,88,86.379997,86.449997,1099258,81.40715
2017-12-12,86.540001,87.059998,85.849998,86.949997,1027996,81.877991
2017-12-13,86.769997,87.25,86.230003,86.230003,1500199,81.199989
2017-12-14,86.529999,87.32,86.449997,86.449997,1173227,81.40715
2017-12-15,86.150002,87.029999,85.800003,87.029999,1860064,81.953323
2017-12-18,87.550003,87.889999,87.080002,87.839996,1659510,82.716072
2017-12-19,87.419998,87.730003,86.849998,87.209999,958000,82.122818
2017-12-20,86.68,87.120003,86,86.239998,1079205,81.209404
2017-12-21,85.769997,86.379997,85.620003,86.239998,1041663,81.209404
2017-12-22,85.800003,86.230003,85.510002,85.93,843798,80.917488
2017-12-27,85.480003,86.029999,85.25,85.75,756664,80.747986
2017-12-28,85.870003,86.279999,85.480003,85.620003,820795,80.625572
2017-12-29,85.510002,85.699997,85.150002,85.150002,836140,80.182991
2018-01-02,85.660004,85.660004,84.360001,84.919998,1109673,79.9664
2018-01-03,84.779999,84.919998,84.300003,84.559998,1340638,79.627403
2018-01-04,84.919998,87.080002,84.720001,86.68,1492458,81.623741
2018-01-05,87,88.239998,86.720001,88.239998,1360842,83.092743
2018-01-08,88.440002,88.620003,87.900002,88.400002,940734,83.243408
2018-01-09,87.980003,88.800003,87.860001,88.559998,948516,83.394066
2018-01-10,88.360001,88.419998,86.779999,87.580002,1153011,82.471237
2018-01-11,87.580002,87.720001,85.279999,85.32,1942606,80.343063
2018-01-12,85.620003,85.720001,84.639999,85.199997,1325463,80.230072
2018-01-15,85.300003,85.400002,84.32,84.580002,1234315,79.64624
2018-01-16,84.839996,87.540001,84.839996,87.540001,1854817,82.433571
2018-01-17,86.959999,87.839996,86.739998,87.419998,1324738,82.32058
2018-01-18,87.620003,87.720001,87.019997,87.400002,1108787,82.301735
2018-01-19,87.279999,88,87.040001,87.760002,1243740,82.640747
2018-01-22,87.279999,88,87.160004,88,969356,82.866737
2018-01-23,88,88.360001,87.239998,87.660004,870553,82.546585
2018-01-24,87.660004,87.919998,86.959999,86.959999,845590,81.887405
2018-01-25,86.980003,87.940002,86.639999,87.199997,1130110,82.113396
2018-01-26,87.339996,88.459999,87.279999,88.080002,994221,82.94207
2018-01-29,88.099998,88.260002,87.559998,87.559998,952111,82.452408
2018-01-30,87,87.419998,86.739998,86.739998,1376200,81.680237
2018-01-31,86.739998,87.440002,86.639999,87,1355628,81.925072
2018-02-01,87,87.160004,85.739998,86.099998,1387208,81.077568
2018-02-02,85.800003,86.040001,84.879997,84.879997,1571498,79.928734
2018-02-05,84.18,84.199997,82.239998,83.419998,1801817,78.553902
2018-02-06,81.099998,83.379997,81,82.760002,3730691,77.932404
2018-02-07,83.160004,83.620003,82.139999,83.620003,1840880,78.742241
2018-02-08,83.5,83.800003,80.120003,80.580002,2579678,75.87957
2018-02-09,80.199997,80.68,77.559998,77.879997,3585612,73.337059
2018-02-12,78.879997,80.080002,78.68,79.919998,2251811,75.258064
2018-02-13,80,80.339996,79.300003,79.940002,1653476,75.276894
2018-02-14,80.68,81.379997,79.68,81.120003,1967374,76.388069
2018-02-15,81.839996,82.040001,81.339996,82,1519000,77.216728
2018-02-16,82.379997,83.599998,81.980003,83.019997,1961526,78.177231
2018-02-19,83.459999,83.5,82.099998,82.199997,863365,77.40506
2018-02-20,82.019997,82.839996,82.019997,82.779999,1187714,77.951233
2018-02-21,82.379997,82.919998,81.779999,82.900002,951412,78.06424
2018-02-22,82.160004,82.739998,81.080002,82.540001,1469911,77.725235
2018-02-23,82.620003,83.199997,82.400002,82.900002,1054426,78.06424
2018-02-26,82.279999,82.860001,82.279999,82.639999,1350458,77.819397
2018-02-27,83,83.120003,82.519997,82.68,1205547,77.857071
2018-02-28,82.480003,82.68,81.260002,81.32,1639121,76.576401
2018-03-01,81,81.68,79.940002,79.980003,1634512,75.314568
2018-03-02,79.419998,79.540001,78.540001,78.860001,1955518,74.259903
2018-03-05,78.760002,80.040001,78.720001,80,1205915,75.333405
2018-03-06,80.599998,80.919998,79.220001,79.639999,1181287,74.9944
2018-03-07,79.5,80.379997,79.059998,79.919998,1268385,75.258064
2018-03-08,80.080002,81.260002,79.620003,81.139999,1687786,76.406898
2018-03-09,81.239998,81.760002,80.699997,81.199997,1048055,76.463387
2018-03-12,81.82,81.860001,80.540001,81.040001,881487,76.312737
2018-03-13,81.160004,81.400002,80.279999,80.620003,1222310,75.917236
2018-03-14,80.620003,81.239998,80.32,80.919998,1052340,76.19973
2018-03-15,81.5,81.82,81.040001,81.360001,1150187,76.614075
2018-03-16,81.32,82.18,81.099998,82.080002,2984740,77.292068
2018-03-19,81.919998,81.940002,80.540001,80.639999,1120168,75.936073
2018-03-20,80.720001,81.120003,80.519997,80.82,871923,76.105576
2018-03-21,80.82,80.980003,80.080002,80.360001,874264,75.672401
2018-03-22,80,80.400002,78.739998,79.260002,1412669,74.636566
2018-03-23,78.519997,79.300003,77.940002,78.480003,2066636,73.902069
2018-03-26,78.82,79.5,77.860001,78.139999,1680563,73.581902
2018-03-27,79.519997,80.059998,79.260002,79.980003,1485647,75.314568
2018-03-28,79.300003,80.32,78.639999,79.959999,1359885,75.295731
2018-03-29,80.139999,80.220001,79.519997,79.900002,1249232,75.239235
2018-04-03,79.199997,79.720001,78.980003,78.980003,1107475,74.372902
2018-04-04,78.940002,79.080002,77.599998,78.32,1237373,73.751404
2018-04-05,79.540001,80.699997,79.279999,80.699997,1321786,75.992561
2018-04-06,80.580002,80.599998,79.900002,80.220001,682636,75.540565
2018-04-09,80.900002,80.919998,80.260002,80.779999,937686,76.067902
2018-04-10,81.099998,81.099998,80.559998,81.099998,791021,76.369225
2018-04-11,80.639999,80.940002,80.160004,80.5,1070320,75.80423
2018-04-12,80.540001,80.839996,79.900002,80.620003,1107097,75.917236
2018-04-13,81.239998,82.959999,81.18,82.620003,1537415,77.800568
2018-04-16,82.620003,82.82,82.300003,82.720001,835064,77.894737
2018-04-17,82.860001,83.18,82.019997,82.959999,1259237,78.120735
2018-04-18,82.959999,83.339996,82.419998,83.32,1182926,78.45974
2018-04-19,83.379997,83.739998,82.900002,83.739998,1017653,78.85524
2018-04-20,83.779999,84.5,83.599998,84.5,1632023,79.5709
2018-04-23,84.5,84.779999,83.739998,84.620003,1243848,79.683914
2018-04-24,83.160004,84.080002,82.68,83.559998,1838337,80.357071
2018-04-25,83.059998,83.199997,81.639999,82.5,1111378,79.337708
2018-04-26,82.360001,83.559998,82.220001,82.980003,1251113,79.799301
2018-04-27,82.580002,83.019997,82.220001,82.760002,1156828,79.587738
2018-04-30,82.720001,83.139999,82.699997,83.099998,1247289,79.914703
2018-05-02,83.419998,84.440002,83.360001,84.339996,1602736,81.10717
2018-05-03,85,85.220001,83.959999,83.980003,1389689,80.760979
2018-05-04,84.360001,84.900002,84.139999,84.699997,1099191,81.453369
2018-05-07,84.620003,85.099998,84.379997,85.099998,569048,81.838043
2018-05-08,84.919998,85,84.379997,84.760002,1094454,81.511078
2018-05-09,84.699997,85.199997,84.580002,85.160004,1012757,81.895752
2018-05-10,84.980003,85.879997,84.980003,85.580002,672237,82.299644
2018-05-11,85.559998,85.720001,85.32,85.540001,853596,82.261177
2018-05-14,85.480003,85.779999,85.120003,85.779999,782016,82.491982
2018-05-15,85.580002,85.739998,84.720001,85.120003,1152207,81.857269
2018-05-16,84.839996,85.639999,84.839996,85.400002,957036,82.126541
2018-05-17,85.080002,85.760002,84.839996,85.699997,1143247,82.415039
2018-05-18,85.699997,86.940002,85.68,86.940002,2769390,83.607513
2018-05-21,86.919998,87.32,86.5,86.919998,724479,83.58828
2018-05-22,87,87.339996,86.739998,87.260002,1165751,83.915245
2018-05-23,86.959999,87.32,85.739998,85.839996,1612525,82.549675
2018-05-24,86.080002,86.300003,85.419998,85.699997,1032886,82.415039
2018-05-25,86.040001,86.400002,85.300003,85.699997,1331670,82.415039
2018-05-28,86.239998,86.68,85.559998,85.720001,764543,82.43428
2018-05-29,84.940002,85.080002,84.059998,84.059998,1672303,80.837898
2018-05-30,84.18,84.400002,83.620003,84.099998,1638422,80.876373
2018-05-31,84.300003,84.68,83.519997,83.720001,1790176,80.510941
2018-06-01,84.360001,85.260002,84.220001,84.980003,1261742,81.722649
2018-06-04,85.440002,85.660004,85.139999,85.339996,895144,82.06884
2018-06-05,85.220001,86,84.919998,84.919998,880952,81.66494
2018-06-06,84.959999,85.400002,84.220001,84.959999,1111582,81.703407
2018-06-07,85.279999,85.5,84.519997,84.620003,886634,81.376442
2018-06-08,84.160004,84.68,83.800003,84.32,1157669,81.087944
2018-06-11,84.32,84.5,83.760002,84.459999,1363373,81.222572
2018-06-12,84.940002,84.980003,83.879997,84.080002,1138989,80.85714
2018-06-13,84.32,84.459999,83.739998,84,1051470,80.780205
2018-06-14,83.540001,85.860001,83.419998,85.800003,1651187,82.511215
2018-06-15,85.959999,86.239998,85.040001,85.040001,2396375,81.780342
2018-06-18,84.879997,84.940002,83.739998,83.980003,1148826,80.760979
2018-06-19,83.220001,84.559998,82.980003,84.5,1604767,81.261032
2018-06-20,84.82,84.980003,83.900002,83.959999,1187321,80.741737
2018-06-21,84.160004,84.239998,82.239998,82.480003,1490876,79.318474
2018-06-22,82.940002,83.239998,82.540001,83.220001,1366400,80.030106
2018-06-25,82.779999,83.220001,82.160004,82.160004,990298,79.010742
2018-06-26,82.459999,83.040001,82.040001,82.599998,880075,79.433868
2018-06-27,82.300003,83.32,81.779999,82.559998,1170518,79.395401
2018-06-28,82.160004,82.620003,81.440002,81.720001,1436333,78.587601
2018-06-29,82.5,83.019997,82.099998,82.360001,1587964,79.203064
2018-07-02,81.540001,81.82,81.080002,81.419998,1189434,78.299095
2018-07-03,81.760002,83.059998,81.559998,83,1536955,79.818535
2018-07-04,83.080002,83.480003,82.720001,83.419998,710321,80.222435
2018-07-05,83.639999,84.779999,83.440002,84.5,1343755,81.261032
2018-07-06,84.620003,85.099998,84.400002,84.760002,1011556,81.511078
2018-07-09,85.080002,85.459999,84.940002,85.239998,969492,81.972672
2018-07-10,85.5,85.940002,85.279999,85.800003,923106,82.511215
2018-07-11,85.199997,85.82,84.980003,85.279999,1093555,82.011147
2018-07-12,85.599998,86.220001,85,86.220001,1067951,82.915115
2018-07-13,86.32,86.68,85.540001,85.660004,962939,82.376579
2018-07-16,85.739998,86.300003,85.739998,86.099998,668645,82.799706
2018-07-17,86.040001,86.360001,85.620003,86.239998,759550,82.934349
2018-07-18,86.419998,86.519997,85.480003,85.5,959852,82.22271
2018-07-19,85.239998,85.800003,84.580002,84.580002,1063282,81.337975
2018-07-20,84.559998,84.559998,83.339996,84.339996,1519076,81.10717
2018-07-23,84.279999,84.279999,83.599998,84.099998,636729,80.876373
2018-07-24,84.5,85.82,84.099998,84.900002,1208103,81.645706
2018-07-25,84.940002,85.019997,83.959999,84.059998,1247176,80.837898
2018-07-26,83.760002,84.559998,83.360001,84.540001,1427005,81.299515
2018-07-27,86.959999,87.360001,84.779999,87.360001,1762499,84.011414
2018-07-30,87,87.379997,86.120003,86.120003,953893,82.818947
2018-07-31,86.440002,86.519997,85.68,86,1187217,82.703552
2018-08-01,85.980003,85.980003,84.540001,84.540001,1056199,81.299515
2018-08-02,84.239998,84.599998,83.239998,83.519997,1378897,80.318604
2018-08-03,83.720001,84.580002,83.720001,84.440002,867917,81.203346
2018-08-06,84.480003,84.580002,83.82,84.120003,648803,80.895615
2018-08-07,84.300003,85.199997,84.279999,84.860001,673093,81.607239
2018-08-08,84.959999,85.099998,84.419998,84.620003,639194,81.376442
2018-08-09,84.519997,84.620003,83.839996,84.5,571236,81.261032
2018-08-10,83.959999,84.220001,82.660004,83.160004,1487617,79.972404
2018-08-13,83.18,83.540001,82.779999,83.120003,1059898,79.933945
2018-08-14,83.300003,83.440002,82.760002,83.18,813613,79.991638
2018-08-15,83.360001,83.459999,81.18,81.440002,1280649,78.318344
2018-08-16,81.760002,81.919998,80.040001,81.220001,1415378,78.106773
2018-08-17,81.160004,82.459999,81.139999,81.919998,1171465,78.77993
2018-08-20,82.080002,82.660004,81.919998,82,857921,78.856865
2018-08-21,81.699997,83.400002,81.660004,83,777762,79.818535
2018-08-22,82.959999,83.419998,82.779999,83.239998,835691,80.049332
2018-08-23,83.379997,83.639999,83.059998,83.239998,658979,80.049332
2018-08-24,83.059998,83.379997,82.879997,83.099998,621991,79.914703
2018-08-27,83.400002,83.839996,83.059998,83.599998,536842,80.395531
2018-08-28,83.68,83.800003,83.099998,83.099998,772759,79.914703
2018-08-29,83.260002,83.660004,83.120003,83.599998,690433,80.395531
2018-08-30,83.720001,85.379997,83.559998,83.660004,1027399,80.453239
2018-08-31,83.599998,83.760002,82.480003,82.559998,1543118,79.395401
2018-09-03,82.199997,82.540001,81.580002,82.120003,637072,78.972275
2018-09-04,82.239998,82.260002,80.559998,81.099998,1167046,77.991364
2018-09-05,80.839996,80.900002,79.199997,79.459999,1594497,76.41423
2018-09-06,80.059998,81.18,79.360001,80.400002,1726724,77.318199
2018-09-07,80.68,80.860001,80.199997,80.239998,1092254,77.16433
2018-09-10,80.160004,81.339996,79.620003,80.900002,857060,77.799034
2018-09-11,81.019997,81.260002,80.459999,80.959999,755647,77.856728
2018-09-12,80.860001,81.080002,80.5,80.760002,938101,77.664398
2018-09-13,80.599998,81.199997,80.32,80.5,920872,77.41436
2018-09-14,80.980003,80.980003,80.139999,80.720001,937747,77.625938
2018-09-17,80.339996,80.82,80.220001,80.580002,830764,77.491295
2018-09-18,80.760002,81.980003,80.540001,81.800003,1108432,78.664536
2018-09-19,81.739998,81.800003,80.800003,80.82,970684,77.722107
2018-09-20,80.980003,82.419998,80.879997,81.860001,1233146,78.722237
2018-09-21,81.879997,83.019997,81.839996,83,3552921,79.818535
2018-09-24,82.5,82.800003,81.540001,81.559998,1163129,78.433731
2018-09-25,81.5,82.400002,81.5,82.160004,868280,79.010742
2018-09-26,82.279999,82.440002,82.019997,82.199997,1183192,79.049194
2018-09-27,81.779999,82.559998,81.239998,82.400002,917591,79.241539
2018-09-28,82.019997,82.139999,81.160004,82.019997,1194769,78.876091
2018-10-01,82.360001,82.519997,81.82,82,680417,78.856865
2018-10-02,81.480003,81.739998,81.059998,81.239998,872782,78.125999
2018-10-03,81.360001,82.059998,81.220001,81.5,900728,78.376038
2018-10-04,81.120003,81.639999,80.900002,80.959999,981821,77.856728
2018-10-05,80.900002,81.360001,80.660004,80.839996,916974,77.741325
2018-10-08,80.5,80.760002,80.099998,80.199997,936621,77.12587
2018-10-09,80.300003,80.339996,78.919998,79.540001,1081010,76.491158
2018-10-10,79.839996,79.839996,78.900002,78.900002,1421893,75.875694
2018-10-11,78.120003,78.419998,77.120003,77.559998,1916660,74.587059
2018-10-12,78.019997,78.160004,76.940002,77.040001,1605911,74.08699
2018-10-15,77.040001,77.360001,76.779999,77.139999,1293892,74.183159
2018-10-16,77.160004,78.82,77.019997,78.720001,1123878,75.702591
2018-10-17,78.82,79.099998,78.099998,78.440002,1097920,75.433327
2018-10-18,78.339996,78.980003,77.660004,78.040001,1027251,75.04866
2018-10-19,78.040001,78.220001,77.160004,77.639999,2131234,74.663986
2018-10-22,77.959999,78.419998,76.720001,76.720001,1195131,73.779259
2018-10-23,75.5,76.080002,74.059998,74.459999,2077496,71.605888
2018-10-24,76.68,79.620003,76.32,77.220001,2675790,74.260094
2018-10-25,77.099998,78.599998,76.580002,78.339996,1566604,75.337158
2018-10-26,77.68,77.68,75.959999,77.440002,1995350,74.471657
2018-10-29,75.120003,78.220001,75,77.879997,998384,74.894791
2018-10-30,78.019997,78.720001,77.739998,78.540001,1722387,75.529495
2018-10-31,78.980003,79.699997,78.459999,78.879997,1858222,75.856453
2018-11-01,78.919998,79.620003,78.540001,78.68,919318,75.664131
2018-11-02,79.599998,79.699997,77.879997,77.940002,1117261,74.952499
2018-11-05,78.120003,78.639999,77.779999,78.339996,752338,75.337158
2018-11-06,78.040001,78.160004,77.040001,77.440002,819529,75.191513
2018-11-07,77.879997,79.5,77.879997,79.32,1034589,77.016922
2018-11-08,79.279999,79.540001,78.379997,78.559998,779907,76.278992
2018-11-09,78.160004,79.440002,78.160004,78.839996,1010969,76.550865
2018-11-12,79.080002,79.239998,77.959999,78.019997,777119,75.754669
2018-11-13,78.379997,78.940002,77.639999,78.199997,953896,75.929443
2018-11-14,77.839996,79.360001,77.160004,78.220001,1044117,75.948868
2018-11-15,78.839996,79.360001,77.220001,77.379997,1161162,75.133255
2018-11-16,77.599998,78.239998,76.160004,77.099998,1179890,74.861382
2018-11-19,77.660004,78.639999,76.760002,76.800003,956508,74.570099
2018-11-20,76.699997,76.940002,75.599998,76.379997,1125240,74.162285
2018-11-21,76.660004,77.279999,76.120003,77.019997,1138245,74.783707
2018-11-22,76.760002,77.120003,76.279999,76.620003,791656,74.395325
2018-11-23,76.68,77.5,76.099998,76.860001,780809,74.628357
2018-11-26,77.260002,78.580002,77.18,78.540001,1319495,76.259575
2018-11-27,78.379997,78.959999,77.82,78.160004,1068648,75.89061
2018-11-28,78.739998,79.300003,77.940002,77.959999,1107078,75.696419
2018-11-29,78.459999,78.860001,77.459999,77.580002,985253,75.327454
2018-11-30,77.959999,77.959999,76.739998,77.099998,1646434,74.861382
2018-12-03,78.32,78.339996,74.639999,75.400002,2086704,73.210747
2018-12-04,76.139999,76.739998,75.519997,76.660004,1464955,74.434166
2018-12-05,76.040001,76.139999,74.660004,74.660004,1291965,72.492241
2018-12-06,73.580002,73.779999,70.980003,70.980003,2541701,68.919083
2018-12-07,71.239998,73.459999,71.239998,72.68,1821018,70.569725
2018-12-10,72.540001,72.779999,71.400002,71.660004,1679373,69.579338
2018-12-11,72.199997,73.879997,72.099998,73.699997,1809049,71.560097
2018-12-12,73.379997,75.139999,72.860001,74.779999,1722988,72.608742
2018-12-13,75.459999,75.599998,74.360001,74.5,1167016,72.336876
2018-12-14,73.720001,73.919998,73.019997,73.519997,1260594,71.385323
2018-12-17,73.279999,73.699997,72.360001,72.360001,1184866,70.25901
2018-12-18,72.379997,72.5,71.339996,71.339996,1495296,69.268623
2018-12-19,71.459999,72,71.239998,71.599998,1237664,69.52108
2018-12-20,70.760002,71.720001,70,71.419998,1544190,69.346306
2018-12-21,71,71.68,70.580002,71.419998,2394009,69.346306
2018-12-24,71.099998,71.120003,70.5,70.5,222408,68.453018
2018-12-27,70.099998,71.68,69.980003,70.639999,1322492,68.588959
2018-12-28,71,72.339996,71,71.959999,936902,69.870628
2018-12-31,72.68,73,71.839996,72.019997,402143,69.928879
