date,FP.PA.Open,FP.PA.High,FP.PA.Low,FP.PA.Close,FP.PA.Volume,FP.PA.Adjusted
28/12/2012,39.630001,39.75,38.855,38.91,3015559,26.978865
02/01/2013,39.794998,40.099998,39.450001,39.974998,5127884,27.717295
03/01/2013,39.849998,39.974998,39.470001,39.855,2898938,27.634102
04/01/2013,39.880001,40,39.68,39.82,3317539,27.609829
07/01/2013,39.744999,39.775002,39.080002,39.154999,4191402,27.148748
08/01/2013,39.09,39.43,39.029999,39.384998,2661710,27.308222
09/01/2013,39.639999,39.720001,39.445,39.529999,3292952,27.408756
10/01/2013,39.619999,39.775002,39.355,39.549999,3608802,27.422617
11/01/2013,39.595001,39.73,39.240002,39.485001,3145847,27.377558
14/01/2013,39.779999,39.84,39.34,39.610001,3061695,27.464226
15/01/2013,39.555,40,39.459999,39.73,4311762,27.547434
16/01/2013,39.825001,39.994999,39.610001,39.895,3036350,27.661835
17/01/2013,39.869999,39.970001,39.634998,39.709999,3498234,27.533554
18/01/2013,39.965,39.965,39.264999,39.310001,4796723,27.256214
21/01/2013,39.474998,39.59,39.285,39.419998,1691022,27.332483
22/01/2013,39.345001,39.564999,39.075001,39.490002,2522763,27.381027
23/01/2013,39.650002,39.650002,39.25,39.419998,2612949,27.332483
24/01/2013,39.349998,39.735001,39.16,39.735001,2654389,27.550898
25/01/2013,39.564999,39.985001,39.525002,39.825001,3420231,27.613308
28/01/2013,39.834999,39.919998,39.494999,39.494999,2989202,27.384487
29/01/2013,39.514999,40.345001,39.5,40.134998,4727889,27.828245
30/01/2013,40.200001,40.82,40.150002,40.619999,5751960,28.164526
31/01/2013,40.450001,40.759998,39.93,39.93,6875297,27.686098
01/02/2013,39.950001,40.48,39.645,40.16,4323932,27.845577
04/02/2013,40.189999,40.330002,39,39,6073779,27.041281
05/02/2013,39.009998,39.73,38.959999,39.450001,4379289,27.353289
06/02/2013,39.424999,39.584999,38.665001,38.895,5048713,26.968468
07/02/2013,39.110001,39.43,38.369999,38.404999,5377081,26.628723
08/02/2013,38.404999,38.709999,38.209999,38.380001,4851318,26.611387
11/02/2013,38.220001,38.334999,37.98,38.16,4141133,26.458843
12/02/2013,38.110001,38.369999,38.029999,38.360001,4485462,26.597523
13/02/2013,38.889999,38.895,38.119999,38.505001,5527988,26.698055
14/02/2013,38.205002,38.404999,37.625,37.735001,6490137,26.164164
15/02/2013,37.830002,37.904999,37.16,37.299999,7321322,25.862547
18/02/2013,37.490002,37.630001,37.040001,37.445,3110931,25.963089
19/02/2013,37.32,38.470001,37.314999,38.299999,6366987,26.555914
20/02/2013,38.400002,38.445,37.860001,37.955002,4250584,26.316704
21/02/2013,37.654999,37.700001,37.165001,37.23,6167478,25.814011
22/02/2013,37.525002,38.240002,37.5,38.060001,5461439,26.389509
25/02/2013,38.18,39.18,38.150002,38.41,6305883,26.632187
26/02/2013,37.724998,37.915001,37.169998,37.195,8304812,25.789751
27/02/2013,37.529999,38.049999,37.325001,38.005001,5475658,26.351374
28/02/2013,38.150002,38.375,37.724998,38.294998,5121760,26.552454
01/03/2013,38.16,38.525002,37.825001,38.314999,5060081,26.566313
04/03/2013,38.009998,38.400002,38.009998,38.169998,2818133,26.46578
05/03/2013,38.5,39.115002,38.439999,39,5039228,27.041281
06/03/2013,39.130001,39.355,38.970001,39.075001,3616257,27.093277
07/03/2013,39.259998,39.264999,38.814999,39.16,3699829,27.152212
08/03/2013,39.305,39.5,38.959999,39.189999,4120369,27.173014
11/03/2013,39.014999,39.375,39.014999,39.314999,3169736,27.25968
12/03/2013,39.23,39.474998,39.130001,39.349998,3314248,27.283945
13/03/2013,39.435001,39.48,38.919998,39.209999,3129485,27.186884
14/03/2013,39.400002,39.595001,39.299999,39.564999,4500077,27.433018
15/03/2013,39.535,39.544998,38.98,39.165001,7815901,27.155676
18/03/2013,38.139999,38.860001,37.91,38.724998,5223660,27.261272
19/03/2013,38.549999,38.724998,38.27,38.395,5050343,27.028967
20/03/2013,38.73,38.935001,38.419998,38.73,3834080,27.264793
21/03/2013,38.650002,38.805,38.224998,38.25,5175851,26.926889
22/03/2013,38.330002,38.505001,38.080002,38.099998,4596773,26.821289
25/03/2013,38.584999,38.855,37.799999,37.799999,5359299,26.6101
26/03/2013,38.035,38.134998,37.599998,37.700001,5966158,26.539713
27/03/2013,37.955002,38.095001,37.130001,37.439999,6256551,26.356674
28/03/2013,37.525002,37.794998,37.185001,37.355,6351612,26.296833
02/04/2013,37.564999,38.345001,37.5,38.200001,6008285,26.891687
03/04/2013,38,38.105,37.505001,37.505001,4551117,26.402435
04/04/2013,37.560001,38.119999,37.27,37.32,4288695,26.272194
05/04/2013,37.27,37.59,36.715,36.744999,6078230,25.867413
08/04/2013,36.904999,37.215,36.75,36.75,3427195,25.870934
09/04/2013,37.075001,37.200001,36.82,37.110001,3350769,26.124363
10/04/2013,37.25,37.669998,37.200001,37.459999,4853079,26.37075
11/04/2013,37.465,37.66,37.215,37.505001,3698572,26.402435
12/04/2013,37.535,37.744999,37.07,37.189999,4223265,26.180677
15/04/2013,37.240002,37.325001,36.305,36.549999,4715286,25.730141
16/04/2013,36.325001,36.73,36.185001,36.185001,3985258,25.47319
17/04/2013,36.355,36.400002,35.174999,35.25,7115606,24.81497
18/04/2013,35.68,35.700001,35.224998,35.279999,4307667,24.836088
19/04/2013,35.66,35.75,35.355,35.540001,6406229,25.019129
22/04/2013,35.889999,35.985001,35.52,35.790001,3318954,25.195118
23/04/2013,35.825001,36.945,35.705002,36.945,6115538,26.008209
24/04/2013,36.994999,37.945,36.970001,37.764999,6702717,26.585463
25/04/2013,37.779999,38.220001,37.73,38.099998,4783778,26.821289
26/04/2013,37.514999,37.849998,37.200001,37.549999,5147859,26.434113
29/04/2013,37.775002,38.185001,37.674999,38.125,4071389,26.838898
30/04/2013,38.25,38.330002,37.764999,38.27,5923009,26.940962
02/05/2013,38.205002,38.445,37.814999,37.900002,6751185,26.680496
03/05/2013,38.169998,38.5,37.939999,38.435001,6278417,27.057129
06/05/2013,38.474998,38.59,38.23,38.459999,1691582,27.074715
07/05/2013,38.695,38.715,38.419998,38.525002,3285298,27.120481
08/05/2013,38.599998,38.799999,38.535,38.724998,2713405,27.261272
09/05/2013,38.700001,38.91,38.375,38.759998,2087943,27.285912
10/05/2013,38.889999,39.095001,38.580002,38.849998,3797024,27.349272
13/05/2013,38.830002,38.895,38.619999,38.810001,2901782,27.321119
14/05/2013,39.084999,39.084999,38.345001,38.974998,3587022,27.437262
15/05/2013,39.09,39.099998,38.599998,38.900002,3108325,27.384474
16/05/2013,38.900002,38.919998,38.185001,38.549999,4607695,27.138077
17/05/2013,38.610001,39.380001,38.595001,39,9759872,27.454874
20/05/2013,39.165001,39.334999,38.77,39.334999,2311567,27.690697
21/05/2013,39.330002,39.674999,39.18,39.674999,4460609,27.930048
22/05/2013,39.794998,39.880001,39.290001,39.674999,4224770,27.930048
23/05/2013,39.040001,39.459999,38.970001,39.355,6146446,27.704773
24/05/2013,39.584999,39.755001,39.310001,39.474998,5129778,27.789251
27/05/2013,39.799999,39.889999,39.52,39.799999,2319553,28.018038
28/05/2013,39.939999,40.400002,39.860001,40.07,5423399,28.208111
29/05/2013,40,40,39.080002,39.400002,6156695,27.736458
30/05/2013,39.450001,39.814999,39.294998,39.395,3744225,27.732931
31/05/2013,39.439999,39.439999,38.584999,38.584999,7205647,27.162724
03/06/2013,38.424999,39.130001,38.220001,38.66,4752926,27.215515
04/06/2013,38.884998,39.125,38.580002,38.700001,3132096,27.243679
05/06/2013,38.5,38.615002,38,38,4286283,26.750898
06/06/2013,38.014999,38.154999,37.435001,37.435001,3921103,26.353159
07/06/2013,37.584999,37.994999,37.205002,37.900002,5351486,26.680496
10/06/2013,37.900002,37.965,37.580002,37.830002,2763720,26.63122
11/06/2013,37.740002,37.939999,37.27,37.529999,5177726,26.420027
12/06/2013,37.540001,37.810001,37.189999,37.189999,3482237,26.180677
13/06/2013,37,37.549999,36.935001,37.310001,4226624,26.265154
14/06/2013,37.525002,37.68,37.215,37.445,3417401,26.360191
17/06/2013,37.695,38.549999,37.66,38.299999,5485592,26.962086
18/06/2013,38.25,38.41,37.93,38.325001,3156170,26.979685
19/06/2013,38.580002,38.580002,37.735001,38.099998,4453701,26.821289
20/06/2013,37.509998,37.639999,36.895,36.895,9055909,25.973009
21/06/2013,37,37.205002,36.505001,36.505001,10273588,25.698465
24/06/2013,36.299999,36.57,35.68,35.720001,8100174,25.558929
25/06/2013,36.349998,36.41,35.945,36.294998,5747156,25.970366
26/06/2013,36.264999,36.700001,35.994999,36.599998,5154268,26.188601
27/06/2013,36.540001,37.290001,36.465,37.145,4664298,26.578571
28/06/2013,37.27,37.580002,37.044998,37.505001,6560980,26.836163
01/07/2013,37.68,37.810001,37.330002,37.5,3758649,26.832582
02/07/2013,37.619999,37.619999,37.005001,37.145,3435185,26.578571
03/07/2013,36.865002,37.055,36.615002,37.025002,4296423,26.492702
04/07/2013,37.365002,37.875,37.200001,37.73,5217726,26.997156
05/07/2013,37.724998,38.119999,37.185001,37.185001,3664321,26.607187
08/07/2013,37.555,38.205002,37.490002,38.040001,4125361,27.218967
09/07/2013,38.220001,38.41,38.049999,38.169998,3359263,27.311991
10/07/2013,38.169998,38.285,37.884998,38.240002,3038588,27.362082
11/07/2013,38.650002,38.73,38.365002,38.5,3740976,27.548122
12/07/2013,38.625,38.895,38.465,38.599998,2928106,27.619673
15/07/2013,38.605,39,38.599998,38.994999,2417292,27.902308
16/07/2013,39,39,38.724998,38.849998,3167680,27.798557
17/07/2013,38.950001,39.314999,38.715,39.044998,3560766,27.938086
18/07/2013,39.049999,39.950001,38.924999,39.869999,5443157,28.5284
19/07/2013,39.73,39.77,39.465,39.77,5409610,28.456844
22/07/2013,39.794998,40.244999,39.59,40.18,3845571,28.750216
23/07/2013,40.154999,40.32,39.810001,39.869999,3316370,28.5284
24/07/2013,39.799999,40.345001,39.77,40.200001,3747747,28.764521
25/07/2013,40.084999,40.200001,39.580002,40.005001,3077318,28.624998
26/07/2013,39.875,40.220001,39.68,40.064999,4027105,28.667929
29/07/2013,40.025002,40.389999,39.82,39.855,4370417,28.517672
30/07/2013,39.900002,40.355,39.849998,40.205002,3645356,28.768112
31/07/2013,39.970001,40.259998,39.810001,40.099998,4994460,28.692974
01/08/2013,40.395,40.619999,39.900002,40.5,4170047,28.979189
02/08/2013,40.695,40.790001,40.285,40.529999,4366484,29.000656
05/08/2013,40.535,40.700001,40.209999,40.474998,3008242,28.961296
06/08/2013,40.325001,40.395,39.810001,40.130001,3354000,28.714434
07/08/2013,39.924999,40.150002,39.689999,40.09,2944828,28.685823
08/08/2013,40.255001,40.389999,39.955002,40.299999,2874261,28.836082
09/08/2013,40.334999,40.48,39.955002,40.25,2986652,28.800306
12/08/2013,40.285,40.445,40.049999,40.369999,2176304,28.886171
13/08/2013,40.400002,40.77,40.334999,40.650002,2755667,29.086517
14/08/2013,40.700001,41.035,40.610001,40.790001,3205957,29.186693
15/08/2013,40.709999,41.189999,40.709999,41.189999,3862648,29.472914
16/08/2013,41.145,41.615002,41.040001,41.555,4942034,29.734079
19/08/2013,41.599998,41.610001,41.005001,41.064999,3017223,29.383471
20/08/2013,40.91,41.119999,40.509998,40.674999,4872630,29.10441
21/08/2013,40.845001,40.959999,40.535,40.689999,2953583,29.115147
22/08/2013,40.705002,41.34,40.645,41.240002,3551687,29.508682
23/08/2013,41.165001,42.080002,40.785,42.009998,5321478,30.059645
26/08/2013,41.994999,42.110001,41.709999,42,2233165,30.052494
27/08/2013,41.625,42.169998,41.485001,41.724998,6790927,29.855715
28/08/2013,41.724998,42.900002,41.535,42.814999,10393777,30.635656
29/08/2013,42.810001,42.825001,42.16,42.509998,4544010,30.41741
30/08/2013,42.27,42.325001,41.779999,41.915001,5004358,29.991674
02/09/2013,42.064999,42.389999,41.93,42.389999,3177784,30.331547
03/09/2013,42.255001,42.255001,41.560001,41.84,4279377,29.938004
04/09/2013,41.849998,42,41.435001,41.965,4254783,30.027445
05/09/2013,41.849998,42.139999,41.5,42.139999,3779693,30.152672
06/09/2013,41.98,42.419998,41.639999,42.404999,4067075,30.342285
09/09/2013,42.255001,42.255001,41.919998,42.16,2630858,30.166979
10/09/2013,42.48,42.610001,41.884998,42.389999,4491689,30.331547
11/09/2013,42.189999,42.580002,41.889999,42.580002,3800340,30.467501
12/09/2013,42.485001,42.759998,42.23,42.575001,3060887,30.463919
13/09/2013,42.384998,42.91,42.23,42.845001,3468455,30.657122
16/09/2013,42.98,43.02,42.665001,42.950001,3416964,30.732248
17/09/2013,42.715,42.775002,41.974998,42.380001,5205227,30.324406
18/09/2013,42.400002,42.445,41.950001,42.154999,3738931,30.163393
19/09/2013,42.490002,42.889999,42.215,42.615002,4921808,30.492546
20/09/2013,42.5,42.740002,42.310001,42.375,9859671,30.320808
23/09/2013,42.5,43.049999,42.48,42.709999,6771007,30.56052
24/09/2013,42.525002,43.52,42.525002,43.195,7148022,31.340498
25/09/2013,43.099998,43.369999,42.880001,43.299999,3907540,31.416685
26/09/2013,43.119999,43.360001,42.869999,43.139999,4063217,31.300585
27/09/2013,43.389999,43.785,43.205002,43.674999,4317544,31.688766
30/09/2013,43.145,43.290001,42.57,42.895,5704738,31.122829
01/10/2013,42.994999,43.16,42.610001,43.154999,4182313,31.311474
02/10/2013,42.834999,43.035,42.560001,42.900002,3564209,31.126457
03/10/2013,42.900002,43.040001,42.419998,42.419998,3054179,30.778187
04/10/2013,42.445,43.169998,42.435001,42.889999,3189334,31.1192
07/10/2013,42.68,43.035,42.049999,42.990002,3087401,31.191755
08/10/2013,42.855,43.154999,42.790001,42.985001,2968884,31.188128
09/10/2013,42.855,43.474998,42.634998,43.064999,3910191,31.246178
10/10/2013,43.25,43.66,43.080002,43.634998,4664340,31.65974
11/10/2013,43.75,43.775002,43.400002,43.615002,2509219,31.645231
14/10/2013,43.450001,43.855,43.259998,43.630001,2430690,31.656122
15/10/2013,43.535,44.365002,43.174999,44.290001,4270608,32.134991
16/10/2013,44.294998,44.560001,44.040001,44.380001,3991659,32.200283
17/10/2013,44.09,44.445,43.720001,44.419998,3631892,32.229309
18/10/2013,44.285,44.794998,44.005001,44.794998,6305140,32.501389
21/10/2013,44.645,44.66,44.259998,44.395,2910592,32.21117
22/10/2013,44.189999,44.200001,43.435001,44.200001,5450109,32.069679
23/10/2013,43.82,43.994999,43.595001,43.810001,3576248,31.786713
24/10/2013,44.080002,44.200001,43.790001,43.990002,2720732,31.917324
25/10/2013,44,44.900002,43.950001,44.575001,5497801,32.34177
28/10/2013,44.685001,44.845001,44.330002,44.700001,2967220,32.432461
29/10/2013,44.740002,45.23,44.740002,45.139999,4352870,32.751717
30/10/2013,45.235001,45.669998,45.18,45.23,4105392,32.817013
31/10/2013,45,45.264999,44.099998,45.264999,6257990,32.842403
01/11/2013,44.970001,45.139999,44.599998,44.755001,3199400,32.472366
04/11/2013,44.755001,44.799999,44.209999,44.5,3992321,32.28735
05/11/2013,44.705002,44.799999,44.105,44.314999,3137264,32.153126
06/11/2013,44.275002,44.715,44.275002,44.575001,3093893,32.34177
07/11/2013,44.435001,44.904999,44,44.325001,4873203,32.160381
08/11/2013,43.880001,43.955002,43.439999,43.799999,6089988,31.779463
11/11/2013,43.990002,44.205002,43.91,44.134998,3162557,32.022514
12/11/2013,44.169998,44.169998,43.884998,43.889999,3106883,31.844757
13/11/2013,43.73,43.98,43.474998,43.849998,3342039,31.815737
14/11/2013,44.380001,44.400002,43.915001,44.02,4555822,31.939081
15/11/2013,44.200001,44.439999,44.105,44.240002,3753160,32.098705
18/11/2013,44.154999,44.810001,44.035,44.66,3575324,32.403442
19/11/2013,44.48,44.490002,44.150002,44.205002,3398327,32.073322
20/11/2013,44.025002,44.634998,43.959999,44.349998,2864883,32.178516
21/11/2013,44.169998,44.57,44.044998,44.459999,3057021,32.258331
22/11/2013,44.455002,44.900002,44.314999,44.880001,3362152,32.563065
25/11/2013,44.990002,45,44.605,44.779999,3101906,32.490501
26/11/2013,44.84,44.985001,44.580002,44.580002,3966706,32.345402
27/11/2013,44.599998,44.939999,44.580002,44.68,4405426,32.417946
28/11/2013,44.744999,44.880001,44.5,44.560001,2387984,32.330879
29/11/2013,44.494999,44.650002,44.32,44.595001,3051084,32.356285
02/12/2013,44.5,44.615002,44.18,44.439999,3170643,32.243816
03/12/2013,44.439999,44.525002,43.68,43.724998,4759563,31.725046
04/12/2013,43.695,43.744999,42.799999,43.220001,5637525,31.358643
05/12/2013,43.209999,43.244999,42.560001,42.560001,5593124,30.879774
06/12/2013,42.82,43.139999,42.424999,42.919998,4623171,31.140966
09/12/2013,43.095001,43.099998,42.645,42.959999,3467473,31.169987
10/12/2013,42.619999,42.759998,42.25,42.25,4971230,30.654842
11/12/2013,42.290001,42.639999,41.939999,41.939999,4773053,30.429918
12/12/2013,41.845001,42.09,41.755001,41.775002,4812976,30.310204
13/12/2013,41.77,41.849998,41.5,41.560001,4153270,30.154209
16/12/2013,41.07,42.215,41.049999,42.150002,6337048,31.022696
17/12/2013,42.084999,42.18,41.610001,41.935001,4501474,30.864462
18/12/2013,42.09,42.490002,41.715,42.490002,5269632,31.272942
19/12/2013,42.785,43.244999,42.775002,43.174999,7240881,31.777102
20/12/2013,42.764999,43.75,42.759998,43.75,23623961,32.200314
23/12/2013,43.75,44.09,43.459999,43.990002,3991218,32.376961
24/12/2013,43.549999,44.099998,43.529999,44,735234,32.384312
27/12/2013,44.200001,44.66,44.09,44.5,4468518,32.752323
30/12/2013,44.634998,44.700001,44.310001,44.325001,3112369,32.623516
31/12/2013,44.299999,44.650002,44.220001,44.529999,993294,32.774391
02/01/2014,44.5,44.709999,43.744999,43.75,4721748,32.200314
03/01/2014,43.900002,44.099998,43.755001,43.880001,2084652,32.29599
06/01/2014,43.970001,44.099998,43.424999,43.5,2558819,32.016304
07/01/2014,43.555,44.025002,43.395,43.970001,2794669,32.362228
08/01/2014,43.924999,43.950001,43.314999,43.544998,4347377,32.049423
09/01/2014,43.599998,43.974998,43.18,43.345001,3216463,31.902227
10/01/2014,43,43.82,43,43.584999,3745864,32.078876
13/01/2014,43.610001,43.665001,42.970001,43.055,3303305,31.688784
14/01/2014,42.834999,43.73,42.650002,43.669998,4415035,32.14143
15/01/2014,43.645,43.98,43.34,43.904999,4489833,32.314388
16/01/2014,43.849998,43.855,43.485001,43.700001,3290740,32.163509
17/01/2014,43.869999,44.400002,43.705002,44.105,6809977,32.461586
20/01/2014,44.014999,44.490002,43.900002,44.384998,2511873,32.667675
21/01/2014,44.5,44.744999,44.060001,44.154999,3050447,32.49839
22/01/2014,44.360001,44.599998,44.16,44.294998,2607371,32.601425
23/01/2014,44.349998,44.630001,43.695,43.919998,3819065,32.325428
24/01/2014,44.075001,44.279999,42.794998,42.880001,6362201,31.55998
27/01/2014,42.990002,43.105,42.185001,42.375,5364467,31.188299
28/01/2014,42.525002,42.880001,42.264999,42.744999,5088675,31.460625
29/01/2014,42.974998,43.055,41.790001,42.360001,5891111,31.177261
30/01/2014,42.474998,43.215,42.450001,42.884998,4689000,31.563658
31/01/2014,42.75,42.75,41.650002,42.34,6182909,31.162535
03/02/2014,42.255001,42.605,41.724998,41.764999,4068706,30.739332
04/02/2014,41.720001,41.880001,41.404999,41.634998,5689677,30.643656
05/02/2014,41.48,42.125,41.310001,41.880001,4590454,30.823984
06/02/2014,42.035,42.880001,41.615002,42.685001,6065581,31.416464
07/02/2014,42.290001,43.34,41.919998,43.174999,6649012,31.777102
10/02/2014,43.215,43.25,42.775002,42.945,3332127,31.607817
11/02/2014,42.970001,43.584999,42.884998,43.584999,3997637,32.078876
12/02/2014,43.950001,44.424999,43.595001,44,5064734,32.384312
13/02/2014,44.220001,44.395,43.849998,44,4753558,32.384312
14/02/2014,44.195,44.445,43.98,44.439999,5294987,32.708149
17/02/2014,44.400002,44.450001,44.259998,44.290001,2260118,32.597752
18/02/2014,44.25,44.494999,44.139999,44.439999,3344743,32.708149
19/02/2014,44.305,44.605,44.305,44.43,3243799,32.700798
20/02/2014,43.959999,44.919998,43.830002,44.889999,4956657,33.03936
21/02/2014,45,45.639999,44.959999,45.599998,6464467,33.561932
24/02/2014,45.700001,46.235001,45.529999,46.235001,4724384,34.029285
25/02/2014,46.049999,46.439999,45.880001,46.404999,3673863,34.1544
26/02/2014,46.400002,46.709999,46.150002,46.555,4237408,34.264805
27/02/2014,46.41,46.540001,46.049999,46.34,4466212,34.106567
28/02/2014,46.705002,47.029999,46.435001,47.029999,6737351,34.614414
03/03/2014,46.5,47.02,46.220001,46.220001,6156901,34.018253
04/03/2014,46.599998,47.264999,46.505001,47.02,5519483,34.607048
05/03/2014,46.790001,47.07,46.540001,46.924999,5128934,34.537136
06/03/2014,46.990002,47.125,46.689999,47.060001,4144080,34.63649
07/03/2014,46.965,47.264999,46.139999,46.139999,5265907,33.959373
10/03/2014,46.380001,46.994999,46.105,46.5,4114121,34.224331
11/03/2014,46.715,46.84,46.27,46.384998,3200226,34.139687
12/03/2014,45.990002,46.465,45.685001,46.240002,4409732,34.032967
13/03/2014,46.235001,46.599998,45.715,45.715,4524724,33.646561
14/03/2014,45.615002,46.224998,45.445,46,9342742,33.856327
17/03/2014,46.049999,46.68,45.924999,46.474998,3932078,34.205929
18/03/2014,46.299999,47.700001,46.150002,47.325001,5851895,34.831532
19/03/2014,47.200001,47.799999,47.174999,47.290001,4428646,34.805779
20/03/2014,46.625,47.240002,46.424999,47.240002,6987373,34.768974
21/03/2014,47.02,47.599998,46.805,47.564999,10296592,35.008171
24/03/2014,46.700001,47.064999,46.259998,46.330002,6374471,34.527489
25/03/2014,46.34,46.830002,46.310001,46.799999,4734220,34.87775
26/03/2014,46.945,47.580002,46.805,47.5,4968263,35.399426
27/03/2014,47.419998,47.939999,47.34,47.889999,4438880,35.690083
28/03/2014,47.945,48.07,47.715,48.029999,3760273,35.794411
31/03/2014,48.145,48.25,47.599998,47.599998,3609570,35.473965
01/04/2014,47.544998,48.025002,47.529999,47.884998,3760473,35.686359
02/04/2014,47.794998,48.035,47.52,47.84,3247878,35.652821
03/04/2014,47.825001,48.23,47.575001,48,3689295,35.77206
04/04/2014,48.224998,48.825001,48.130001,48.685001,4059384,36.282555
07/04/2014,48.25,48.549999,47.91,47.91,4404899,35.704983
08/04/2014,47.950001,48.525002,47.764999,48.299999,6527939,35.995636
09/04/2014,48.23,48.950001,48.18,48.639999,3741066,36.24902
10/04/2014,48.639999,48.66,47.855,47.889999,3887951,35.690083
11/04/2014,47.645,48.014999,47.310001,47.724998,6053872,35.567116
14/04/2014,47.619999,49.139999,47.52,49.099998,5696088,36.591835
15/04/2014,48.924999,49.685001,48.834999,48.990002,5817823,36.509861
16/04/2014,49.490002,49.529999,48.805,49,5463235,36.517311
17/04/2014,49.095001,49.279999,48.610001,49.279999,8701326,36.725983
22/04/2014,49.34,49.744999,49.119999,49.744999,5065445,37.072521
23/04/2014,49.59,49.775002,49.174999,49.174999,5445870,36.647724
24/04/2014,49.355,49.990002,49.305,49.945,5690007,37.221584
25/04/2014,49.619999,49.790001,49.459999,49.634998,4654126,36.990551
28/04/2014,49.490002,50.330002,49.450001,50.299999,4879965,37.486141
29/04/2014,50.259998,51.490002,50,51.490002,6437367,38.372986
30/04/2014,50.650002,51.799999,50.32,51.48,6541204,38.365532
01/05/2014,51.48,51.48,51.48,51.48,0,38.365532
02/05/2014,50.75,51.259998,50.599998,50.849998,5418723,37.896023
05/05/2014,50.799999,51.240002,50.360001,51.139999,3396223,38.112144
06/05/2014,51.299999,51.560001,50.59,50.720001,4085764,37.799145
07/05/2014,50.75,51.790001,50.720001,51.700001,6301281,38.529488
08/05/2014,51.73,53.080002,51.509998,53.080002,8104437,39.55793
09/05/2014,52.650002,52.73,52,52.259998,5614472,38.946823
12/05/2014,52.27,52.380001,52.040001,52.360001,3908210,39.021355
13/05/2014,52.110001,52.200001,51.740002,51.77,4254314,38.581657
14/05/2014,51.950001,52.040001,51.73,51.91,4475115,38.685997
15/05/2014,51.77,52.040001,51.09,51.09,5221242,38.074886
16/05/2014,51.25,52.009998,51.189999,52.009998,5683978,38.760517
19/05/2014,51.830002,52.369999,51.5,52.150002,4694072,38.864853
20/05/2014,52.09,52.279999,51.349998,51.439999,3673732,38.335724
21/05/2014,51.450001,52.299999,51.419998,52.130001,4037050,38.849945
22/05/2014,52.029999,52.209999,51.779999,52.049999,2689780,38.790318
23/05/2014,52.060001,52.380001,51.970001,52.290001,2838596,38.969181
26/05/2014,52.400002,52.650002,52.220001,52.650002,1973746,39.237476
27/05/2014,52.330002,52.380001,51.91,52.18,4318099,38.887215
28/05/2014,52.029999,52.380001,51.540001,51.799999,3875344,38.604019
29/05/2014,51.740002,52.049999,51.610001,51.720001,2423366,38.544395
30/05/2014,51.970001,52.169998,51.48,51.48,4599840,38.365532
02/06/2014,51.490002,51.580002,51.150002,51.470001,3562344,38.818039
03/06/2014,51.549999,51.619999,51.099998,51.259998,2355294,38.659664
04/06/2014,51.099998,51.200001,50.43,50.580002,3902849,38.146816
05/06/2014,50.630001,51.580002,50.349998,51.43,5739725,38.787872
06/06/2014,51.599998,52.09,51.330002,51.93,4672670,39.164963
09/06/2014,51.639999,52.040001,51.630001,52.040001,2308257,39.24794
10/06/2014,52,52.049999,51.68,51.919998,3523387,39.157425
11/06/2014,52,52.099998,51.459999,51.720001,3996382,39.006599
12/06/2014,51.720001,52.59,51.720001,52.389999,5236602,39.511902
13/06/2014,52.560001,53.049999,52.459999,52.860001,5693425,39.866367
16/06/2014,52.5,52.98,52.419998,52.419998,3994947,39.534519
17/06/2014,52.599998,52.630001,52,52.470001,4374393,39.572235
18/06/2014,52.599998,52.939999,52.400002,52.849998,4316452,39.858818
19/06/2014,53,53.82,52.91,53.68,7046345,40.48481
20/06/2014,53.43,54.169998,53.360001,53.950001,10739308,40.688435
23/06/2014,53.66,54.540001,53.619999,54.23,4534252,40.899597
24/06/2014,54.43,54.709999,54.369999,54.52,4081579,41.118317
25/06/2014,54.009998,54.32,53.419998,53.470001,4716829,40.326427
26/06/2014,53.470001,53.57,52.27,52.93,4717426,39.919159
27/06/2014,52.919998,53.5,52.669998,52.720001,3060676,39.76078
30/06/2014,52.5,52.98,52.209999,52.779999,4409035,39.806038
01/07/2014,52.779999,53.470001,52.740002,53.290001,3113822,40.19067
02/07/2014,53.09,53.650002,52.799999,53,3478348,39.971951
03/07/2014,52.93,53.349998,52.560001,53.060001,4760090,40.0172
04/07/2014,52.880001,53.5,52.799999,53.080002,2504716,40.032288
07/07/2014,52.849998,52.950001,51.970001,52.029999,3636727,39.240387
08/07/2014,52.169998,52.580002,51.419998,51.419998,3910578,38.780334
09/07/2014,51.349998,51.700001,51.220001,51.540001,3505533,38.870846
10/07/2014,51.450001,51.52,50.34,50.59,3771518,38.154362
11/07/2014,50.75,51.02,50.599998,50.77,3266547,38.290115
14/07/2014,50.779999,51.18,50.68,51.110001,2554107,38.546535
15/07/2014,50.900002,51.060001,50.060001,50.060001,4181463,37.754642
16/07/2014,50.16,51.220001,50.16,50.889999,4613753,38.380619
17/07/2014,50.459999,50.610001,49.68,49.73,4909854,37.505756
18/07/2014,49.509998,50.259998,49.470001,50.25,4276193,37.897938
21/07/2014,50.34,50.509998,49.759998,49.790001,3888673,37.55101
22/07/2014,50.279999,51.41,50.200001,51.349998,4641807,38.727547
23/07/2014,51.32,51.790001,50.93,51.41,3618512,38.772793
24/07/2014,51.619999,51.990002,51.099998,51.919998,3396295,39.157425
25/07/2014,51.869999,51.880001,50.860001,51.099998,4357397,38.539001
28/07/2014,51.290001,51.82,51.080002,51.779999,3626928,39.051834
29/07/2014,51.75,52.360001,51.439999,52.220001,4758605,39.383694
30/07/2014,50.91,51.389999,49.424999,49.645,9383832,37.441658
31/07/2014,49.974998,49.985001,48.09,48.09,11143282,36.268887
01/08/2014,48.59,48.75,47.740002,48.029999,9095390,36.223644
04/08/2014,48.029999,48.610001,47.855,48.470001,6175945,36.555485
05/08/2014,48.84,48.98,48.465,48.560001,5206483,36.623363
06/08/2014,48.119999,48.959999,47.830002,48.695,6058228,36.725174
07/08/2014,48.845001,49.095001,48.290001,48.290001,6809011,36.419727
08/08/2014,47.825001,48.785,47.799999,48.330002,6625110,36.449898
11/08/2014,48.755001,49.009998,48.209999,48.889999,4776750,36.872242
12/08/2014,48.66,48.665001,47.575001,47.799999,5622005,36.050182
13/08/2014,48,48.290001,47.759998,48.055,3942287,36.2425
14/08/2014,47.965,48.130001,47.400002,47.884998,4506317,36.114285
15/08/2014,48.105,48.395,47.145,47.330002,6940394,35.695713
18/08/2014,47.990002,48.105,47.455002,47.810001,4632041,36.057724
19/08/2014,48.035,48.330002,47.860001,48.25,3357966,36.389553
20/08/2014,48.34,48.5,47.715,48.349998,3726889,36.464981
21/08/2014,48.400002,48.994999,48.005001,48.970001,4839688,36.932571
22/08/2014,48.915001,48.915001,47.5,47.915001,5945343,36.136906
25/08/2014,48.630001,49.259998,48.294998,49.259998,4315447,37.151291
26/08/2014,49.215,50.060001,48.93,50.029999,4624548,37.732006
27/08/2014,50.029999,50.09,49.435001,49.740002,3634244,37.513306
28/08/2014,49.669998,49.869999,49.294998,49.580002,4979656,37.392628
29/08/2014,49.724998,50.25,49.630001,50.189999,4845122,37.852692
01/09/2014,50.279999,50.619999,50.18,50.540001,2816187,38.116653
02/09/2014,50.540001,50.709999,49.689999,49.869999,3891874,37.611347
03/09/2014,49.994999,50.68,49.814999,50.450001,4281965,38.048779
04/09/2014,50.349998,52.09,49.974998,51.77,7589657,39.044304
05/09/2014,51.84,51.84,51.029999,51.41,4011045,38.772793
08/09/2014,51.349998,51.43,50.709999,50.84,3163216,38.342903
09/09/2014,51,51.099998,50.389999,50.5,3432644,38.086479
10/09/2014,50.509998,50.790001,50.209999,50.290001,3465445,37.928108
11/09/2014,50.5,50.599998,49.630001,50.169998,4183112,37.837597
12/09/2014,50.240002,50.310001,49.689999,50.029999,2547469,37.732006
15/09/2014,49.41,49.650002,49.084999,49.445,4519539,37.290817
16/09/2014,49.549999,49.955002,49.275002,49.865002,4438724,37.607578
17/09/2014,50.240002,50.310001,49.865002,49.945,3700135,37.667915
18/09/2014,49.959999,50.099998,49.610001,49.994999,4734526,37.705616
19/09/2014,49.974998,50.27,49.544998,50.040001,9344813,37.739563
22/09/2014,49.865002,50.880001,49.5,50.130001,5083322,37.807434
23/09/2014,49.619999,49.645,48.470001,48.759998,6386108,37.227188
24/09/2014,48.904999,50.27,48.82,50.169998,5280732,38.303684
25/09/2014,50.200001,50.259998,49.25,49.57,6147179,37.845608
26/09/2014,49.75,50.990002,49.509998,50.73,5976488,38.731239
29/09/2014,50.77,50.889999,50.040001,50.310001,3842237,38.410583
30/09/2014,50.779999,51.740002,50.619999,51.450001,7246860,39.280949
01/10/2014,51,51.290001,50.349998,50.709999,4811115,38.715969
02/10/2014,50.810001,50.810001,48.185001,48.185001,9415042,36.788193
03/10/2014,49.060001,49.255001,48.205002,48.509998,6032079,37.03632
06/10/2014,49.125,49.139999,47.924999,48.349998,4785709,36.914158
07/10/2014,48.244999,48.325001,47.220001,47.220001,7795101,36.051437
08/10/2014,47.119999,47.415001,46.549999,46.735001,6003951,35.681145
09/10/2014,47.349998,47.400002,45.830002,46.290001,6166552,35.341393
10/10/2014,45.810001,45.98,44.595001,44.599998,8819260,34.051109
13/10/2014,44.255001,45.485001,44.099998,45.16,5881835,34.478668
14/10/2014,44.834999,45.07,43.849998,44.77,7008186,34.180912
15/10/2014,44.57,44.57,42.66,42.755001,12360434,32.642509
16/10/2014,43.150002,43.474998,40.564999,42.555,13602693,32.489815
17/10/2014,43.044998,44.505001,42.619999,44.154999,13064638,33.711376
20/10/2014,43.814999,44,42.619999,42.939999,8604988,32.783752
21/10/2014,42,44.424999,41.970001,44.424999,8533675,33.917507
22/10/2014,44.445,44.650002,43.805,44.59,7685672,34.04348
23/10/2014,44.34,45.965,43.689999,45.810001,8145209,34.974922
24/10/2014,45.544998,45.665001,44.584999,44.855,6716857,34.245804
27/10/2014,45.619999,45.619999,44.195,44.435001,5041029,33.925148
28/10/2014,45.25,45.68,44.849998,45.494999,7921672,34.734428
29/10/2014,46.275002,46.939999,45.939999,46.395,6680364,35.421574
30/10/2014,46.855,47.195,45.535,46.994999,9025002,35.879654
31/10/2014,48,48.105,47.080002,47.419998,10086745,36.204128
03/11/2014,47.294998,47.625,46.549999,46.75,5067587,35.692596
04/11/2014,45.799999,46.139999,44.810001,44.994999,7793443,34.352695
05/11/2014,45.48,46.285,45,46.285,7172235,35.337589
06/11/2014,46.5,47.669998,46,46.514999,7239393,35.513184
07/11/2014,46.700001,46.915001,46.049999,46.529999,6812064,35.524628
10/11/2014,46.459999,47.224998,46.459999,47.105,4787908,35.963642
11/11/2014,46.974998,47.029999,46.200001,46.709999,5129602,35.662064
12/11/2014,46.615002,46.794998,45.785,45.904999,5402947,35.047459
13/11/2014,46.25,46.279999,45.025002,45.5,5394600,34.738247
14/11/2014,45.599998,45.865002,44.785,45.575001,4961687,34.795513
17/11/2014,45.384998,46.075001,45.16,46.040001,4878557,35.150536
18/11/2014,46.064999,46.73,46,46.529999,5325207,35.524628
19/11/2014,46.529999,46.77,46.110001,46.505001,3540461,35.505558
20/11/2014,46.654999,46.904999,45.959999,46.654999,5670863,35.620068
21/11/2014,47,49.040001,46.889999,48.535,11177812,37.055405
24/11/2014,48.720001,49.424999,48.195,48.450001,7296130,36.990505
25/11/2014,48.195,48.264999,47.360001,47.685001,6561112,36.406448
26/11/2014,47.695,47.98,47.200001,47.834999,4992653,36.520966
27/11/2014,47.790001,47.790001,45.709999,45.900002,8968304,35.043644
28/11/2014,44.540001,44.990002,43.505001,44.990002,12596104,34.348885
01/12/2014,44.27,45.040001,43.290001,44.634998,8064178,34.077843
02/12/2014,45.060001,46.544998,44.900002,46.154999,10407558,35.238331
03/12/2014,46.294998,46.564999,45.055,45.924999,7101955,35.062729
04/12/2014,46.099998,46.099998,44.110001,44.505001,9967345,33.978584
05/12/2014,45.16,45.400002,44.400002,45.185001,8313523,34.497757
08/12/2014,45.084999,45.200001,44.334999,44.334999,5302520,33.848797
09/12/2014,43.77,43.919998,42.939999,43.23,11288951,33.00515
10/12/2014,43.389999,43.685001,42.23,42.544998,7857409,32.482174
11/12/2014,42.575001,43.330002,41.950001,42.57,8572086,32.501259
12/12/2014,42.084999,42.5,41.134998,41.134998,8676170,31.405659
15/12/2014,40.764999,42.18,39.255001,39.369999,11804036,30.510588
16/12/2014,39.419998,40.43,38.25,40.43,19984005,31.332043
17/12/2014,39.695,42.18,39.279999,41.845001,11967934,32.428635
18/12/2014,42.740002,43.369999,41.82,42.830002,12546526,33.191982
19/12/2014,43.599998,43.599998,42.400002,42.860001,18774080,33.215233
22/12/2014,43.439999,44.419998,42.474998,42.84,7715224,33.199726
23/12/2014,42.790001,43.814999,42.514999,43.744999,5638668,33.901073
24/12/2014,43.904999,43.990002,43.400002,43.615002,984969,33.800327
29/12/2014,43.700001,43.880001,42.889999,43.744999,4842201,33.901073
30/12/2014,43.25,43.445,42.52,42.535,5006078,32.963356
31/12/2014,42.869999,42.950001,42.419998,42.52,1357217,32.95174
02/01/2015,42.900002,43.310001,42.075001,42.525002,4456793,32.955616
05/01/2015,42.220001,42.389999,39.849998,39.98,10754689,30.983309
06/01/2015,40.165001,41.044998,39.345001,39.919998,9773351,30.936808
07/01/2015,40.099998,41.330002,39.724998,40.825001,8174121,31.638172
08/01/2015,41.494999,42.490002,40.950001,42.400002,9051105,32.858738
09/01/2015,42.25,42.455002,40.68,41.064999,8612117,31.824148
12/01/2015,41.200001,41.494999,40.255001,41.279999,7771896,31.990776
13/01/2015,40.709999,41.790001,40.224998,41.700001,8829947,32.316254
14/01/2015,40.625,41.669998,40.369999,40.814999,10291132,31.630415
15/01/2015,41.650002,42.514999,39.564999,41.950001,13224266,32.51001
16/01/2015,42,43.654999,41.849998,43.299999,15057197,33.55621
19/01/2015,43.314999,43.630001,42.790001,43.055,7453306,33.366348
20/01/2015,43.16,43.959999,42.860001,43.57,9552708,33.765453
21/01/2015,43.654999,44.615002,42.950001,44.450001,10691034,34.447422
22/01/2015,44.695,45.990002,44.465,45.064999,11240714,34.924038
23/01/2015,46,46.355,44.98,45.945,12238647,35.606007
26/01/2015,45.5,46.860001,45.195,46.685001,8449141,36.179485
27/01/2015,46.599998,46.66,45.52,46.389999,7841052,35.950874
28/01/2015,46.779999,46.799999,45.25,45.564999,8047726,35.311512
29/01/2015,44.439999,45.32,43.98,44.91,9321706,34.803917
30/01/2015,45.805,45.994999,44.720001,45.5,11228168,35.261147
02/02/2015,45.834999,47.189999,45.735001,47,10847091,36.423599
03/02/2015,47.785,48.599998,47.645,48.279999,12043649,37.415565
04/02/2015,48.215,48.424999,47.029999,47.75,10298211,37.004833
05/02/2015,46.775002,48.279999,46.16,48.080002,8210402,37.260571
06/02/2015,48.134998,48.314999,47.419998,47.68,6062408,36.950581
09/02/2015,47.299999,48.139999,47.029999,47.950001,8108676,37.159828
10/02/2015,48.200001,48.25,46.755001,47.349998,8192996,36.694843
11/02/2015,47.5,47.5,46.450001,46.950001,5168594,36.38485
12/02/2015,46.639999,47.950001,46.349998,47.349998,8904939,36.694843
13/02/2015,47.630001,47.900002,46.950001,47.375,8390994,36.714218
16/02/2015,47.535,47.610001,46.865002,47.115002,4463613,36.512718
17/02/2015,46.615002,47.674999,46.334999,47.279999,5555785,36.640594
18/02/2015,47.759998,47.834999,47.055,47.264999,5353346,36.628967
19/02/2015,46.900002,46.900002,45.5,45.98,10911577,35.633133
20/02/2015,46.044998,46.310001,45.685001,46.035,10946262,35.675762
23/02/2015,46.950001,46.950001,45.52,46.290001,6447787,35.873371
24/02/2015,46.299999,47.345001,46.044998,47.185001,6679411,36.566975
25/02/2015,47.16,47.349998,46.700001,47.349998,5193503,36.694843
26/02/2015,47.485001,47.685001,46.825001,47.25,6517275,36.617348
27/02/2015,47.080002,48.32,47.060001,48.235001,8536472,37.380695
02/03/2015,48.165001,48.165001,47.084999,47.189999,7258940,36.570847
03/03/2015,47.200001,47.384998,46.735001,47.125,6328748,36.520473
04/03/2015,47.5,47.799999,46.985001,47.435001,6428028,36.760712
05/03/2015,47.810001,48.305,47.450001,47.470001,6273821,36.787842
06/03/2015,47.264999,47.5,46.900002,47.005001,5904960,36.427479
09/03/2015,46.810001,46.875,46.290001,46.685001,5691952,36.179485
10/03/2015,46.59,46.59,45.119999,45.18,9560545,35.013161
11/03/2015,45.369999,45.77,45.02,45.465,9491414,35.234024
12/03/2015,45.474998,45.985001,45.330002,45.439999,5547248,35.214653
13/03/2015,45.52,45.52,44.224998,44.645,9363565,34.598549
16/03/2015,44.705002,44.794998,44.18,44.57,7105448,34.540428
17/03/2015,44.625,45.32,44.599998,45.209999,8321856,35.036407
18/03/2015,45.380001,46,45.150002,46,7094344,35.648628
19/03/2015,46.145,46.580002,45.945,46.474998,6671262,36.016747
20/03/2015,46.669998,47.775002,46.255001,47.634998,14032253,36.91571
23/03/2015,47.185001,47.200001,46.720001,46.950001,5856401,36.856831
24/03/2015,46.564999,47.285,46.369999,46.884998,5720541,36.805801
25/03/2015,46.544998,46.919998,46.419998,46.505001,6156620,36.507504
26/03/2015,46.849998,47.41,45.974998,46.59,9107892,36.574223
27/03/2015,46.669998,46.669998,45.939999,46.595001,7335388,36.578152
30/03/2015,46.509998,47.244999,46.305,47,5479616,36.896084
31/03/2015,46.865002,47.130001,46.169998,46.275002,7320039,36.326942
01/04/2015,46.16,46.970001,46.064999,46.369999,6961016,36.40152
02/04/2015,46.459999,46.740002,45.669998,45.845001,5540328,35.989384
07/04/2015,46.415001,47.900002,46.34,47.595001,8326358,37.363178
08/04/2015,48,48.595001,46.91,47.049999,7678025,36.935333
09/04/2015,47.134998,47.965,46.5,47.965,6463528,37.653637
10/04/2015,48,48.595001,47.669998,48.52,5457985,38.089321
13/04/2015,48.514999,48.970001,48.369999,48.759998,5605582,38.277721
14/04/2015,48.584999,48.950001,48.209999,48.73,6329422,38.254181
15/04/2015,48.889999,49.965,48.82,49.740002,7539581,39.04705
16/04/2015,49.849998,49.950001,49.209999,49.310001,6538199,38.709488
17/04/2015,49.18,49.634998,48.474998,48.869999,10432739,38.364071
20/04/2015,48.965,49.400002,48.610001,49.380001,4564840,38.764435
21/04/2015,49.674999,49.740002,48.654999,48.695,5981980,38.2267
22/04/2015,48.860001,48.904999,47.564999,48.424999,7578511,38.014744
23/04/2015,48.305,48.599998,47.595001,48.415001,6987811,38.006893
24/04/2015,48.755001,48.990002,47.700001,48.005001,5861637,37.685043
27/04/2015,47.869999,49.360001,47.369999,49.169998,7040530,38.599575
28/04/2015,50,50.299999,49.369999,49.68,9965439,38.999947
29/04/2015,49.990002,50.119999,47.985001,48.435001,9737915,38.022594
30/04/2015,48.52,48.860001,47.974998,48.485001,9769606,38.061848
04/05/2015,48,48.91,47.794998,48.130001,5567133,37.783165
05/05/2015,47.985001,48.264999,47.625,47.674999,11271341,37.425976
06/05/2015,47.439999,48.049999,47.365002,47.845001,8377954,37.559433
07/05/2015,47.365002,47.365002,46.25,46.764999,10745675,36.711605
08/05/2015,46.779999,48,46.345001,48,8173525,37.681103
11/05/2015,47.755001,48.095001,47.310001,47.514999,5219119,37.300369
12/05/2015,46.75,47.130001,46.445,46.98,6835450,36.880383
13/05/2015,47.025002,47.895,46.825001,47.029999,6361552,36.919636
14/05/2015,46.52,47.505001,46.244999,47.334999,4324637,37.159073
15/05/2015,47.095001,47.195,46.169998,46.470001,7154713,36.480019
18/05/2015,46.43,46.950001,46.205002,46.669998,5207547,36.637028
19/05/2015,47,47.720001,47,47.305,7263212,37.135517
20/05/2015,46.904999,47.450001,46.759998,47.400002,4179174,37.210094
21/05/2015,47.169998,47.990002,47.169998,47.82,4476933,37.539806
22/05/2015,48.105,48.445,47.619999,47.73,4782745,37.469147
25/05/2015,47.799999,47.849998,47.450001,47.544998,758575,37.323925
26/05/2015,47.299999,47.700001,46.540001,46.825001,5516171,36.758701
27/05/2015,46.900002,47.605,46.595001,47.400002,6366771,37.210094
28/05/2015,47.005001,47.185001,46.299999,46.924999,5076351,36.837212
29/05/2015,46.945,47.150002,45.974998,45.974998,7748568,36.091438
01/06/2015,46.439999,46.439999,45.669998,46,5105599,36.111057
02/06/2015,46.215,46.625,45.5,46.154999,6074721,36.232735
03/06/2015,46.325001,46.68,45.849998,46.375,4944771,36.405441
04/06/2015,45.884998,46.235001,45.130001,45.5,7276047,35.718548
05/06/2015,45.110001,45.849998,44.759998,45.555,7017072,35.761734
08/06/2015,44.945,44.950001,44.099998,44.185001,6439588,35.157021
09/06/2015,44.125,44.23,43.325001,44.080002,7100365,35.073467
10/06/2015,43.904999,45.32,43.834999,45.025002,7390178,35.825382
11/06/2015,45.084999,45.805,44.900002,45.400002,6671172,36.12376
12/06/2015,45.785,45.785,44.029999,44.560001,6203265,35.455391
15/06/2015,44.080002,44.580002,43.580002,43.884998,6100483,34.918308
16/06/2015,43.615002,44.035,43.285,43.904999,6578193,34.934223
17/06/2015,43.904999,44.744999,43.779999,44.389999,8194511,35.320122
18/06/2015,44.205002,44.389999,43.805,44.299999,6247333,35.248512
19/06/2015,44.195,44.540001,43.889999,44.125,12974939,35.109276
22/06/2015,45.275002,45.639999,44.674999,45.419998,8973194,36.139668
23/06/2015,45.900002,46.259998,45.605,46.044998,5888958,36.636967
24/06/2015,46.150002,46.669998,45.915001,46.509998,7838939,37.006954
25/06/2015,46.09,46.945,46.005001,46.445,6488558,36.95525
26/06/2015,46,46.880001,45.764999,46.419998,5911788,36.935349
29/06/2015,44.540001,45.404999,44.32,44.639999,9039518,35.519047
30/06/2015,44.439999,44.529999,43.57,43.57,11073688,34.667667
01/07/2015,44.23,44.970001,43.560001,43.889999,8434832,34.922287
02/07/2015,44,44.404999,43.695,43.904999,5163296,34.934223
03/07/2015,44,44.014999,42.950001,43.785,7570934,34.838734
06/07/2015,42.654999,43.369999,42.599998,42.900002,10371728,34.134563
07/07/2015,42.799999,42.974998,41.985001,42.005001,10873832,33.42244
08/07/2015,41.970001,42.564999,41.884998,42.244999,7107898,33.613396
09/07/2015,42.450001,43.595001,42.154999,43.305,5878357,34.456818
10/07/2015,44.404999,44.985001,43.915001,44.345001,7477091,35.284321
13/07/2015,45.290001,45.424999,44.314999,44.674999,6831224,35.546898
14/07/2015,44.5,45.18,44.259998,45.099998,5751233,35.885052
15/07/2015,45.145,45.48,45,45.25,5499974,36.00441
16/07/2015,45.450001,46.18,45.095001,45.740002,6016539,36.394287
17/07/2015,45.915001,46.105,45.474998,45.639999,4987654,36.31472
20/07/2015,45.794998,46.290001,45.360001,45.665001,3520778,36.334618
21/07/2015,45.595001,45.814999,45.209999,45.435001,4465442,36.151615
22/07/2015,44.935001,45.154999,44.549999,44.630001,5008139,35.511086
23/07/2015,44.865002,44.939999,44.299999,44.630001,3896696,35.511086
24/07/2015,44.650002,45.064999,44.075001,44.244999,4781496,35.204754
27/07/2015,43.950001,43.990002,42.904999,42.98,7925234,34.198223
28/07/2015,43.220001,43.25,42.764999,43.215,5997062,34.385212
29/07/2015,44.080002,44.5,43.299999,44.314999,6489970,35.260445
30/07/2015,44.674999,45.720001,44.535,44.959999,7191206,35.773651
31/07/2015,44.959999,45.154999,44.535,45.075001,7461819,35.865158
03/08/2015,44.904999,45.264999,44.619999,44.950001,5890013,35.765713
04/08/2015,44.615002,44.794998,44.224998,44.650002,4990935,35.527
05/08/2015,44.740002,45.790001,44.645,45.465,6061496,36.175484
06/08/2015,45.169998,45.470001,44.939999,45.294998,3808004,36.040215
07/08/2015,45.52,46.5,45.415001,45.794998,6765535,36.438049
10/08/2015,45.825001,45.990002,45.130001,45.889999,4528452,36.513645
11/08/2015,45.939999,46.365002,45.419998,45.505001,6238375,36.207314
12/08/2015,45.27,45.400002,44.220001,44.535,9133662,35.435501
13/08/2015,45.470001,45.799999,44.224998,44.380001,5593493,35.312168
14/08/2015,44.25,44.630001,43.904999,44,4402284,35.009815
17/08/2015,44.380001,44.66,43.869999,44.485001,6242135,35.395714
18/08/2015,44.255001,44.48,43.650002,43.75,4519969,34.810894
19/08/2015,43.415001,43.575001,42.880001,42.965,5412623,34.186287
20/08/2015,42.75,43.130001,42.349998,42.549999,6752038,33.856075
21/08/2015,42,42.584999,41.080002,41.080002,9271859,32.686436
24/08/2015,39.040001,40.150002,36.919998,37.834999,18470182,30.10446
25/08/2015,38.950001,39.695,38.285,39.095001,14255740,31.107006
26/08/2015,37.924999,39.044998,37.52,37.705002,12268192,30.001022
27/08/2015,38.209999,40.400002,38.014999,40.18,13040623,31.97032
28/08/2015,40.5,41.43,40.305,41.18,8165716,32.765999
31/08/2015,40.595001,40.869999,40.110001,40.805,5722987,32.467625
01/09/2015,40.904999,41.82,40.009998,40.41,10637579,32.153332
02/09/2015,39.974998,40.834999,39.505001,40.060001,6940631,31.874842
03/09/2015,40.5,41.93,40.5,41.439999,7516024,32.972866
04/09/2015,41.095001,41.134998,39.66,39.959999,7763521,31.795267
07/09/2015,39.970001,40.48,39.790001,39.970001,3062490,31.803238
08/09/2015,39.904999,40.869999,39.904999,40.365002,5102767,32.117527
09/09/2015,41.035,41.494999,40.705002,40.709999,6356461,32.392025
10/09/2015,39.889999,40.685001,39.759998,39.945,6352223,31.783342
11/09/2015,40.32,40.650002,39.645,39.689999,6124633,31.580439
14/09/2015,39.205002,40.150002,39.200001,39.764999,5563785,31.64011
15/09/2015,39.720001,41.16,39.599998,40.985001,8179165,32.610847
16/09/2015,41.139999,42.294998,41.005001,42.130001,6116598,33.521896
17/09/2015,42.174999,42.66,41.834999,41.990002,5677026,33.4105
18/09/2015,41.470001,41.605,40.325001,40.775002,16138379,32.443752
21/09/2015,40.34,41.365002,40.34,40.82,6043223,32.479557
22/09/2015,41.02,41.02,39.215,39.759998,9981941,31.636135
23/09/2015,39.584999,40.974998,39.369999,40.625,8823044,32.324402
24/09/2015,40.529999,40.619999,39.395,39.605,10538861,31.512806
25/09/2015,40.105,41.07,40.009998,40.384998,8943160,32.133434
28/09/2015,39.849998,40.25,38.23,38.764999,8222822,31.317482
29/09/2015,38.200001,39.455002,38.195,39.185001,8187724,31.656792
30/09/2015,39.889999,40.325001,39.654999,40.200001,8586593,32.476784
01/10/2015,40.75,41.645,40.255001,40.375,8830351,32.618168
02/10/2015,40.744999,41.895,40.505001,41.25,8129834,33.325062
05/10/2015,42.255001,43.490002,42.044998,42.974998,10302836,34.718651
06/10/2015,43.154999,44.779999,42.395,44.404999,9263395,35.873913
07/10/2015,44.805,46.439999,44.700001,45.400002,13138301,36.677765
08/10/2015,45.369999,45.68,44.849998,45.34,6359749,36.629284
09/10/2015,45.935001,46.395,45.084999,45.25,8366803,36.556583
12/10/2015,45.259998,45.619999,44.790001,45.150002,5182095,36.475796
13/10/2015,44.84,45.150002,43.889999,44.91,7148401,36.281902
14/10/2015,44.400002,45.299999,44.125,44.634998,5615709,36.059734
15/10/2015,45.349998,45.505001,44.935001,45.115002,5773201,36.447514
16/10/2015,45.650002,46,45.32,45.599998,5960179,36.839329
19/10/2015,45.525002,45.785,44.59,44.965,5357074,36.326332
20/10/2015,44.799999,44.880001,43.950001,44.549999,5459651,35.99107
21/10/2015,44.785,45.285,44.259998,44.91,5492185,36.281902
22/10/2015,44.66,45.540001,44.525002,45.365002,8676921,36.649487
23/10/2015,45.900002,46.075001,45.235001,45.5,9834836,36.758553
26/10/2015,45.384998,45.59,44.279999,44.615002,7946051,36.043571
27/10/2015,44.389999,44.599998,43.209999,43.639999,7644877,35.255894
28/10/2015,43.924999,44.689999,43.435001,44.009998,8010336,35.554798
29/10/2015,45,45.18,43.330002,44.330002,7715439,35.813328
30/10/2015,44.615002,44.744999,43.700001,44.145,6929149,35.663868
02/11/2015,43.720001,44.755001,43.66,44.619999,5501571,36.047611
03/11/2015,44.755001,46.240002,44.310001,46.240002,8457023,37.356392
04/11/2015,46.369999,47.16,46.139999,46.294998,7931373,37.400818
05/11/2015,46.215,46.474998,45.580002,46.130001,5601707,37.267521
06/11/2015,46.215,46.619999,45.900002,46.235001,5579548,37.352345
09/11/2015,46.18,46.919998,45.919998,45.919998,4312616,37.097866
10/11/2015,46.145,46.400002,45.685001,46.014999,4348632,37.174603
11/11/2015,46.040001,46.525002,45.695,46.040001,3835105,37.194809
12/11/2015,45.865002,46.174999,44.869999,44.935001,6456896,36.302101
13/11/2015,44.599998,45.299999,43.814999,44.435001,5776604,35.898159
16/11/2015,44.185001,45.455002,44.125,44.775002,5249458,36.17284
17/11/2015,45.599998,46.465,45.365002,46.455002,7124731,37.530083
18/11/2015,45.959999,46.970001,45.855,46.66,5567625,37.695686
19/11/2015,46.990002,47.23,46.224998,46.599998,5982373,37.647209
20/11/2015,46.439999,46.889999,46.119999,46.255001,7070673,37.368504
23/11/2015,45.794998,46.150002,45.205002,45.764999,6338272,36.972641
24/11/2015,45.384998,46.195,45.150002,46.084999,6100724,37.231163
25/11/2015,46.130001,46.75,45.959999,46.349998,5699290,37.445248
26/11/2015,46,47.25,45.900002,47.029999,5331188,37.994606
27/11/2015,46.525002,47.139999,46.470001,46.619999,5184900,37.663376
30/11/2015,46.009998,47.294998,45.935001,47,7587181,37.970371
01/12/2015,46.884998,47.150002,46.615002,46.790001,6446624,37.800713
02/12/2015,46.514999,47.400002,46.514999,46.650002,6642800,37.687614
03/12/2015,46.299999,47.16,44.465,44.465,15093675,35.922398
04/12/2015,44.150002,45.084999,43.125,43.455002,12401186,35.106438
07/12/2015,43.355,43.555,42.52,42.84,9021818,34.609585
08/12/2015,42.505001,43,41.630001,42.43,10704602,34.278347
09/12/2015,42.599998,43.779999,42.035,42.825001,8579642,34.597473
10/12/2015,42.720001,43.625,42.605,43.080002,7648601,34.803482
11/12/2015,42.715,42.91,41.57,41.799999,8523699,33.769386
14/12/2015,41.735001,42.299999,40.564999,40.580002,11536862,32.783775
15/12/2015,41.119999,42.529999,41.084999,42.285,9987246,34.161217
16/12/2015,42.43,42.799999,41.935001,42.075001,7557148,33.991566
17/12/2015,43,43.025002,41.764999,41.900002,8814261,33.850185
18/12/2015,41.369999,42.349998,41.345001,42.009998,14561017,33.939041
21/12/2015,41.095001,41.91,40.724998,40.724998,8194145,33.385693
22/12/2015,40.700001,41.049999,40.439999,40.814999,6345515,33.459476
23/12/2015,41.235001,42.200001,41.084999,42.115002,8170537,34.525196
24/12/2015,42.400002,42.450001,41.91,42.105,1132089,34.516991
28/12/2015,42.150002,42.195,41.189999,41.380001,3147657,33.922646
29/12/2015,41.615002,42.290001,41.529999,42.139999,4200753,34.545689
30/12/2015,42.084999,42.255001,41.439999,41.564999,3715497,34.07431
04/01/2016,41.060001,41.330002,40.134998,40.525002,8369499,33.221748
05/01/2016,41,41.18,39.965,40.154999,7198967,32.918423
06/01/2016,40.150002,40.165001,39.619999,39.77,9221030,32.602798
07/01/2016,38.349998,39.165001,37.755001,38.805,11331090,31.81171
08/01/2016,38.865002,38.950001,37.349998,37.349998,9186486,30.618921
11/01/2016,37.455002,38.445,37.299999,37.349998,7845716,30.618921
12/01/2016,37.400002,38.450001,36.849998,37.25,8704361,30.536947
13/01/2016,37.924999,38.785,37.43,37.849998,8230920,31.028818
14/01/2016,37.514999,39.494999,37.02,38.830002,11959710,31.832199
15/01/2016,38.849998,38.889999,37.310001,37.654999,12602658,30.868958
18/01/2016,37.400002,38.865002,37.195,38.080002,8048056,31.217367
19/01/2016,38.855,39.474998,38.285,38.619999,8137189,31.660046
20/01/2016,37.470001,37.615002,36.279999,36.52,11617538,29.938499
21/01/2016,36.485001,37.830002,36.154999,37.610001,10349115,30.832073
22/01/2016,39.345001,39.889999,38.700001,39.259998,12644938,32.184708
25/01/2016,39.384998,39.470001,38.099998,38.525002,7116335,31.582174
26/01/2016,37.575001,39.700001,37.325001,39.650002,8040343,32.504429
27/01/2016,39.470001,40.150002,38.825001,40.150002,6606120,32.914318
28/01/2016,40.220001,41.244999,39.599998,40.215,11333401,32.967606
29/01/2016,41.025002,41.349998,40.165001,40.919998,9861663,33.545551
01/02/2016,41.185001,41.360001,39.575001,40,6699838,32.791348
02/02/2016,39.275002,39.5,37.68,38.205002,9604952,31.319836
03/02/2016,38.169998,38.68,37.450001,38.419998,8691228,31.496084
04/02/2016,39.189999,39.865002,38.689999,39.235001,10169686,32.164219
05/02/2016,39.290001,39.639999,38.720001,38.904999,8071372,31.893692
08/02/2016,39.165001,39.244999,37.529999,38.169998,10542278,31.291142
09/02/2016,38.224998,38.599998,36.674999,36.805,11507577,30.172144
10/02/2016,37.064999,37.505001,36.290001,36.52,10030947,29.938499
11/02/2016,36.52,36.615002,35.209999,35.325001,10755011,28.95886
12/02/2016,36.349998,38,36.205002,38,15767768,31.151787
15/02/2016,39.154999,39.66,38.610001,38.625,11432287,31.664143
16/02/2016,40.02,40.200001,38.380001,38.775002,12226371,31.787115
17/02/2016,37.755001,39.345001,37.645,39.345001,13712190,32.254391
18/02/2016,39.5,40.099998,39.209999,39.549999,10305723,32.422447
19/02/2016,39.514999,39.915001,39.200001,39.740002,9990713,32.578209
22/02/2016,40.110001,40.895,40.110001,40.830002,7145166,33.471767
23/02/2016,40.169998,40.915001,39.654999,39.82,7442213,32.643787
24/02/2016,39.490002,39.599998,38.395,39.134998,8791958,32.082237
25/02/2016,39.73,40.400002,39.415001,39.869999,7678999,32.684772
26/02/2016,40.299999,41.395,40.27,40.834999,7737362,33.475864
29/02/2016,40.48,41.389999,40.240002,41.375,8546865,33.918552
01/03/2016,41.325001,41.814999,41.165001,41.549999,7941184,34.062019
02/03/2016,41.794998,42.209999,41.064999,42.209999,6446017,34.603073
03/03/2016,42.240002,42.450001,41.66,42.200001,6110392,34.594875
04/03/2016,42.360001,42.790001,41.889999,42.674999,7174640,34.984272
07/03/2016,42.52,42.91,41.814999,42.810001,6405580,35.09494
08/03/2016,42.259998,42.75,41.779999,42.040001,7885415,34.463707
09/03/2016,41.924999,42.580002,41.73,42.105,7128163,34.516991
10/03/2016,42.099998,43.43,40.805,40.805,12703008,33.451279
11/03/2016,41.794998,42.349998,41.349998,42.349998,10218141,34.71785
14/03/2016,42.025002,42.419998,41.77,42.080002,6555951,34.496502
15/03/2016,41.66,41.799999,41.185001,41.494999,6729646,34.016922
16/03/2016,41.564999,42.080002,41.360001,41.875,5752993,34.328438
17/03/2016,42.490002,43.400002,42.040001,42.855,9403322,35.131836
18/03/2016,43.105,43.244999,42.549999,42.889999,11702963,35.160526
21/03/2016,42,42.205002,41.310001,41.330002,5152032,34.370495
22/03/2016,41.380001,41.584999,40.634998,41.380001,5638823,34.412075
23/03/2016,41.490002,41.654999,40.52,40.855,5811494,33.975479
24/03/2016,40.400002,40.490002,39.509998,40.16,6160784,33.397511
29/03/2016,40.290001,40.619999,39.834999,40.044998,5169313,33.30188
30/03/2016,40.220001,41.490002,40.220001,40.98,6504610,34.07943
31/03/2016,40.599998,40.619999,39.939999,40.060001,6614564,33.31435
01/04/2016,39.59,39.59,38.200001,38.785,8853049,32.254044
04/04/2016,38.560001,39.48,38.435001,39.174999,6325792,32.578373
05/04/2016,38.490002,38.674999,38.064999,38.345001,7590228,31.888142
06/04/2016,38.605,39.119999,38.334999,38.880001,6521514,32.333046
07/04/2016,39.084999,39.490002,38.384998,38.580002,5976885,32.083561
08/04/2016,38.764999,40.165001,38.764999,40.009998,6753221,33.27277
11/04/2016,39.959999,40.415001,39.5,40.189999,4454870,33.422455
12/04/2016,40.494999,41.049999,40.099998,40.93,5746503,34.037857
13/04/2016,41.439999,42.564999,41.400002,42.564999,8969900,35.397537
14/04/2016,42.299999,42.895,41.955002,42.814999,6720406,35.605438
15/04/2016,42.68,42.994999,42.130001,42.544998,6622900,35.380901
18/04/2016,40.955002,42.380001,40.549999,42.244999,7097044,35.131416
19/04/2016,42.52,43.099998,42.095001,42.884998,6246458,35.663651
20/04/2016,42.634998,43.544998,42.310001,43.345001,5244062,36.046192
21/04/2016,43.610001,43.84,43.145,43.650002,5844605,36.299835
22/04/2016,43.669998,43.895,43.049999,43.825001,4654232,36.445362
25/04/2016,43.794998,43.860001,43.244999,43.619999,5093483,36.274879
26/04/2016,43.950001,44.130001,43.509998,43.735001,4694137,36.370522
27/04/2016,44.220001,45.224998,44.209999,44.965,8166779,37.393406
28/04/2016,44.525002,45.119999,44.360001,45.119999,6092268,37.522308
29/04/2016,44.650002,44.720001,43.93,43.93,7227489,36.532684
02/05/2016,44.139999,44.285,43.68,43.93,2819875,36.532684
03/05/2016,43.939999,43.939999,42.715,42.724998,5492690,35.530598
04/05/2016,42.5,42.810001,41.935001,42.150002,6062150,35.052418
05/05/2016,42.209999,42.884998,42.099998,42.544998,4052266,35.380901
06/05/2016,42.209999,43.080002,41.720001,42.939999,6416506,35.709393
09/05/2016,42.665001,43.145,41.900002,42.080002,5631300,34.994209
10/05/2016,42.299999,42.720001,42.035,42.665001,4936788,35.480698
11/05/2016,42.709999,42.915001,42.07,42.884998,3968622,35.663651
12/05/2016,42.805,43.805,42.540001,42.764999,5180859,35.563854
13/05/2016,42.325001,43.080002,42.150002,42.82,4576185,35.609596
16/05/2016,42.525002,43.375,42.465,43.150002,2557342,35.884033
17/05/2016,43.299999,43.904999,42.610001,43.07,5592682,35.817497
18/05/2016,42.869999,43.450001,42.685001,43.16,4584306,35.892342
19/05/2016,42.875,42.875,41.845001,42.130001,5964278,35.035789
20/05/2016,42.700001,43.060001,42.59,43.005001,6867101,35.763443
23/05/2016,42.794998,42.860001,42.244999,42.389999,4669872,35.252007
24/05/2016,42.404999,43.240002,42.285,43.115002,6153974,35.854919
25/05/2016,43.5,44.18,43.41,44.07,7290862,36.649105
26/05/2016,44.505001,44.720001,43.985001,44.029999,5747864,36.615841
27/05/2016,43.830002,44.014999,43.650002,43.900002,5157306,36.507732
30/05/2016,43.91,43.91,43.544998,43.764999,2528108,36.395477
31/05/2016,43.779999,43.98,43.43,43.674999,8275245,36.320618
01/06/2016,43.580002,43.610001,42.755001,43.029999,4853209,35.784229
02/06/2016,43,43.130001,42.095001,42.34,6012906,35.210426
03/06/2016,42.799999,43.035,42.005001,42.294998,5500232,35.172997
06/06/2016,41.724998,42.77,41.724998,42.465,4560180,35.831158
07/06/2016,42.735001,43.764999,42.720001,43.764999,6664350,36.92807
08/06/2016,43.560001,43.814999,43.32,43.369999,5554269,36.594776
09/06/2016,43.139999,43.259998,42.400002,42.845001,4510242,36.151783
10/06/2016,42.700001,42.700001,41.785,42.049999,6059505,35.480984
13/06/2016,41.395,42.060001,41.395,41.48,6296345,35.000027
14/06/2016,40.889999,40.98,40.025002,40.055,9787118,33.797638
15/06/2016,40.575001,40.775002,40.049999,40.415001,7358101,34.101406
16/06/2016,40.195,40.549999,39.834999,40.48,7377530,34.15625
17/06/2016,40.895,41.494999,40.805,41.259998,10274880,34.814392
20/06/2016,42.139999,42.810001,42.029999,42.720001,5755983,36.046318
21/06/2016,42.685001,43.355,42.415001,43.02,5801623,36.299446
22/06/2016,43.169998,43.57,42.939999,43.029999,5124314,36.30788
23/06/2016,43.279999,44.125,43.095001,43.689999,6442135,36.864777
24/06/2016,39.355,41.970001,39.025002,40.619999,26767636,34.274372
27/06/2016,40.290001,41.075001,40.080002,40.325001,12179849,34.025459
28/06/2016,41.305,41.634998,40.654999,41.389999,9343741,34.924084
29/06/2016,41.919998,43.095001,41.884998,42.950001,9423411,36.240387
30/06/2016,42.68,43.57,42.544998,43.380001,9212998,36.603207
01/07/2016,43.389999,43.869999,43.185001,43.755001,5473843,36.919636
04/07/2016,43.91,44.080002,43.294998,43.380001,2780402,36.603207
05/07/2016,42.904999,43.115002,42.145,42.685001,5242669,36.016781
06/07/2016,42.220001,42.540001,41.509998,41.764999,8129914,35.240501
07/07/2016,42.060001,42.540001,41.970001,42.049999,6266323,35.480984
08/07/2016,41.994999,42.68,41.459999,42.650002,5753086,35.987244
11/07/2016,43.02,43.41,42.654999,43.349998,4800097,36.577896
12/07/2016,43.474998,44.279999,43.400002,43.935001,6094213,37.071503
13/07/2016,43.700001,44.195,43.43,43.5,4821326,36.704464
14/07/2016,43.990002,44.650002,43.82,44.200001,5698943,37.29512
15/07/2016,43.82,44.014999,43.404999,43.93,5358531,37.067291
18/07/2016,43.985001,44.279999,43.18,43.485001,3421125,36.691807
19/07/2016,43.365002,43.57,43.014999,43.540001,3671932,36.73822
20/07/2016,43.785,43.825001,42.924999,43.575001,3547386,36.76775
21/07/2016,43.5,43.650002,42.764999,43.400002,4095753,36.620079
22/07/2016,43.215,43.555,42.855,43.084999,3172977,36.354294
25/07/2016,43.200001,43.41,41.98,42.25,4793536,35.649731
26/07/2016,42.110001,42.529999,41.525002,42.439999,4223167,35.810055
27/07/2016,42.880001,43.334999,42.505001,42.685001,4814999,36.016781
28/07/2016,43.119999,43.57,42.485001,42.485001,7321845,35.848022
29/07/2016,42.654999,42.759998,42.240002,42.759998,6467729,36.080063
01/08/2016,43.584999,43.599998,42.095001,42.095001,4830329,35.518951
02/08/2016,41.84,42.055,41.189999,41.465,5217211,34.987366
03/08/2016,41.52,41.849998,40.965,41.599998,5164316,35.101276
04/08/2016,42.205002,42.419998,41.900002,42.224998,4703707,35.628639
05/08/2016,42.345001,43.115002,42.334999,42.945,4470734,36.236168
08/08/2016,42.939999,43.130001,42.805,42.994999,3616124,36.278347
09/08/2016,42.869999,43.5,42.759998,43.395,3825883,36.615868
10/08/2016,43,43.384998,42.799999,43.049999,3075413,36.324757
11/08/2016,43.215,43.52,42.610001,43.52,3586664,36.721336
12/08/2016,43.619999,43.880001,43,43.349998,4083415,36.577896
15/08/2016,43.365002,43.785,43.235001,43.415001,2540748,36.63274
16/08/2016,43.255001,43.91,43.105,43.509998,4971511,36.712906
17/08/2016,43.665001,43.794998,43.125,43.345001,3919969,36.573681
18/08/2016,43.544998,43.685001,43.145,43.650002,3055195,36.831032
19/08/2016,43.695,43.779999,42.959999,43.064999,4892593,36.337414
22/08/2016,42.950001,43.25,42.375,42.455002,3152699,35.822712
23/08/2016,42.485001,42.889999,42.465,42.775002,3273446,36.092724
24/08/2016,42.349998,43.029999,42.195,42.735001,3629564,36.058971
25/08/2016,42.555,42.720001,42.279999,42.580002,2858828,35.928185
26/08/2016,42.485001,43.650002,42.450001,43.419998,4520799,36.636963
29/08/2016,43.130001,43.285,42.794998,43.014999,2192811,36.295231
30/08/2016,42.919998,43.709999,42.889999,43.494999,4515817,36.700245
31/08/2016,43.285,43.654999,42.75,42.75,5810126,36.071629
01/09/2016,42.895,43.189999,42.285,42.549999,4757945,35.90287
02/09/2016,42.695,44.005001,42.415001,43.985001,5633719,37.113701
05/09/2016,43.900002,44.955002,43.834999,44.27,4968762,37.354172
06/09/2016,44.634998,44.759998,43.91,44.095001,4101030,37.206512
07/09/2016,43.889999,44.674999,43.865002,44.605,4378917,37.636837
08/09/2016,44.294998,44.575001,43.555,44.445,6135016,37.501835
09/09/2016,44.34,44.349998,43.705002,43.855,4358612,37.004005
12/09/2016,42.91,43.435001,42.630001,43.435001,5156757,36.649616
13/09/2016,43.325001,43.52,42,42,6479837,35.438793
14/09/2016,42.150002,42.375,41.445,41.490002,7291395,35.008469
15/09/2016,41.369999,41.57,40.904999,41.509998,7689720,35.025337
16/09/2016,41.174999,41.389999,40.555,40.605,16574598,34.261715
19/09/2016,41,41.794998,40.945,41.685001,6717333,35.173
20/09/2016,41.299999,41.674999,41.23,41.459999,4699406,34.983147
21/09/2016,41.93,42.049999,41.355,41.525002,4408983,35.037994
22/09/2016,41.91,43.285,41.900002,43.055,7651893,36.328983
23/09/2016,42.869999,43,42.400002,42.535,5818834,35.890217
26/09/2016,42.105,42.110001,41.455002,41.73,6268784,35.210976
27/09/2016,41.470001,41.509998,40.529999,40.77,6137801,34.911266
28/09/2016,41,41.389999,40.84,40.970001,4402576,35.082527
29/09/2016,42.974998,43.119999,42.459999,42.669998,7934813,36.538235
30/09/2016,42.029999,42.485001,41.535,42.169998,7665326,36.110088
03/10/2016,42.25,42.82,42.16,42.325001,4144437,36.242813
04/10/2016,42.400002,43.224998,42.32,43.110001,5844520,36.915005
05/10/2016,42.584999,43.200001,42.34,43.07,5933056,36.880756
06/10/2016,43.25,43.290001,42.764999,43.055,4823490,36.867912
07/10/2016,43.009998,43.400002,42.560001,42.93,6209018,36.760868
10/10/2016,42.93,43.799999,42.654999,43.775002,5504104,37.48444
11/10/2016,43.705002,44.224998,43.34,43.34,4962910,37.111946
12/10/2016,43.424999,43.994999,43.195,43.700001,5519278,37.420216
13/10/2016,43.5,43.505001,42.915001,43.400002,5852523,37.163326
14/10/2016,43.535,44.555,43.535,44.130001,6219144,37.788433
17/10/2016,43.849998,43.900002,43.41,43.599998,5421393,37.334591
18/10/2016,44.035,44.275002,43.875,44.029999,5499207,37.702801
19/10/2016,44.095001,44.279999,43.814999,44.154999,4247512,37.809837
20/10/2016,44.325001,44.740002,44.105,44.459999,5549709,38.071003
21/10/2016,44.459999,44.575001,43.919998,44.32,5751678,37.951126
24/10/2016,44.509998,44.84,44.285,44.349998,4498947,37.976818
25/10/2016,44.365002,44.82,44.305,44.459999,3952043,38.071003
26/10/2016,44.200001,44.200001,43.514999,44.014999,4069367,37.689953
27/10/2016,44,44.599998,43.759998,44.564999,4328263,38.160919
28/10/2016,43.810001,44.5,43.610001,44.400002,4969384,38.01963
31/10/2016,44.099998,44.240002,43.505001,43.720001,5445194,37.437344
01/11/2016,44.049999,44.150002,43.134998,43.275002,5990089,37.056293
02/11/2016,43.099998,43.224998,42.375,42.400002,5147378,36.307037
03/11/2016,42.099998,42.779999,42.014999,42.32,5051784,36.238529
04/11/2016,42.174999,42.264999,41.825001,42.125,5269409,36.071552
07/11/2016,42.889999,43.025002,42.535,42.884998,4256217,36.722336
08/11/2016,42.98,43.314999,42.715,43.205002,3490386,36.996349
09/11/2016,41.900002,43.494999,41.865002,43.494999,8183303,37.244682
10/11/2016,43.830002,44.23,43.200001,43.59,5793249,37.326027
11/11/2016,43.709999,43.759998,42.195,42.450001,6822167,36.349857
14/11/2016,42.830002,42.919998,41.855,42.16,5132046,36.101524
15/11/2016,42.695,43.634998,42.689999,43.514999,6239923,37.261806
16/11/2016,43.98,44,43.189999,43.369999,4789433,37.137646
17/11/2016,43.154999,43.884998,42.970001,43.68,4375395,37.403095
18/11/2016,43.525002,43.68,42.93,43.119999,4925359,36.923569
21/11/2016,43.435001,44.220001,43.09,44,5652691,37.677109
22/11/2016,44.330002,44.705002,44.064999,44.16,5202611,37.814121
23/11/2016,44.27,44.57,43.855,44.055,4719582,37.724205
24/11/2016,44.009998,44.275002,43.904999,44.095001,2353188,37.758457
25/11/2016,44.07,44.189999,43.799999,44.099998,3530101,37.762737
28/11/2016,43.695,44.139999,43.360001,44.035,5825579,37.707077
29/11/2016,43.630001,44.009998,43.424999,43.919998,5321583,37.608601
30/11/2016,43.5,45.404999,43.5,44.955002,12224423,38.494881
01/12/2016,44.955002,45.400002,44.400002,45.060001,8834936,38.584789
02/12/2016,44.5,45.125,44.205002,44.904999,6328429,38.452057
05/12/2016,44.400002,45.27,44.400002,44.950001,5422413,38.490597
06/12/2016,44.345001,45.119999,44.110001,45.084999,6494859,38.60619
07/12/2016,45.424999,45.75,45.244999,45.75,7567208,39.175625
08/12/2016,45.700001,46.259998,45.455002,45.915001,7183138,39.316925
09/12/2016,45.93,46.619999,45.790001,46.424999,6638654,39.753639
12/12/2016,46.865002,47.490002,46.865002,46.990002,7556730,40.237446
13/12/2016,46.775002,47.43,46.615002,47.43,6194101,40.614212
14/12/2016,47.119999,47.549999,46.91,47.110001,7581969,40.340199
15/12/2016,47.09,47.724998,46.834999,47.494999,8963673,40.669876
16/12/2016,47.625,48.48,47.540001,48.209999,18703046,41.282127
19/12/2016,48.025002,48.205002,47.779999,47.895,4520264,41.01239
20/12/2016,47.605,48.5,47.52,48.27,5556473,41.333508
21/12/2016,47.360001,47.794998,47.355,47.595001,4198008,41.27713
22/12/2016,47.560001,48.189999,47.455002,48.189999,5714264,41.793148
23/12/2016,48.049999,48.470001,48.040001,48.360001,3456354,41.940582
27/12/2016,48.380001,48.5,48.169998,48.375,1971874,41.95359
28/12/2016,48.23,48.884998,48.23,48.720001,3447143,42.252796
29/12/2016,48.485001,48.860001,48.349998,48.634998,2881821,42.179081
30/12/2016,48.5,48.775002,48.215,48.720001,4671122,42.252796
02/01/2017,48.5,48.805,48.465,48.799999,2027830,42.322174
03/01/2017,48.990002,49.5,48.700001,48.93,5238668,42.434917
04/01/2017,49,49.119999,48.57,48.904999,5230702,42.413239
05/01/2017,48.505001,49.040001,48.375,48.93,4539902,42.434917
06/01/2017,48.77,48.849998,48.514999,48.77,3834273,42.296162
09/01/2017,48.75,48.77,47.880001,48.084999,4256191,41.702087
10/01/2017,48.224998,48.424999,47.994999,48.23,4064314,41.827835
11/01/2017,48.099998,48.849998,47.799999,48.5,3714688,42.062
12/01/2017,48.294998,48.84,48.275002,48.695,4804025,42.231113
13/01/2017,48.779999,49.005001,48.605,48.845001,4031423,42.361206
16/01/2017,48.59,48.669998,48.185001,48.459999,3228039,42.027309
17/01/2017,48.380001,48.630001,48.134998,48.195,4207938,41.797482
18/01/2017,48.154999,48.419998,47.814999,48.255001,4179201,41.849514
19/01/2017,47.91,48.279999,47.355,47.615002,4529381,41.294476
20/01/2017,47.75,48.34,47.514999,48.115002,8840723,41.728104
23/01/2017,47.715,47.945,47.244999,47.485001,4070486,41.181728
24/01/2017,47.599998,47.915001,47.52,47.639999,3318995,41.316154
25/01/2017,47.924999,48.34,47.775002,48.014999,5207728,41.641376
26/01/2017,47.994999,48.165001,47.610001,47.799999,4621757,41.454914
27/01/2017,47.645,47.849998,47.014999,47.224998,4441369,40.956242
30/01/2017,47.014999,47.099998,46.384998,46.705002,4866424,40.505276
31/01/2017,46.639999,47.365002,46.625,46.66,5725687,40.46624
01/02/2017,47.099998,47.189999,46.540001,46.720001,4173501,40.518276
02/02/2017,46.715,46.959999,46.415001,46.494999,5013938,40.323151
03/02/2017,46.759998,47.43,46.674999,47.150002,5078979,40.891205
06/02/2017,47.669998,47.689999,46.93,47.105,4321648,40.852173
07/02/2017,47.105,47.189999,46.564999,46.625,4127214,40.435894
08/02/2017,46.764999,46.889999,46.139999,46.830002,5808496,40.613678
09/02/2017,47.700001,47.759998,46.799999,47.424999,5358645,41.129704
10/02/2017,47.560001,48.294998,47.130001,47.924999,5211328,41.563332
13/02/2017,48.215,48.529999,47.845001,48.075001,4236376,41.693417
14/02/2017,48.075001,48.305,47.724998,47.945,3400626,41.580666
15/02/2017,48.084999,48.294998,47.919998,47.955002,3965147,41.589352
16/02/2017,48.09,48.215,47.724998,47.82,4380816,41.472267
17/02/2017,47.68,47.77,46.990002,47.439999,6270097,41.142704
20/02/2017,47.75,47.924999,47.505001,47.575001,3287606,41.259785
21/02/2017,47.75,48.814999,47.605,48.400002,5859517,41.975277
22/02/2017,48.919998,48.985001,47.990002,48.305,5448431,41.892883
23/02/2017,48.215,48.584999,48.099998,48.290001,3904254,41.879879
24/02/2017,48.110001,48.349998,47.119999,47.735001,4937387,41.398552
27/02/2017,47.400002,47.599998,47.195,47.240002,4592744,40.969254
28/02/2017,47,47.299999,46.970001,47.049999,6772050,40.804478
01/03/2017,47.25,47.884998,47.25,47.75,5696676,41.411556
02/03/2017,47.549999,47.955002,47.450001,47.794998,4023715,41.450581
03/03/2017,47.654999,48.220001,47.580002,48.075001,4596460,41.693417
06/03/2017,47.525002,48.084999,47.509998,48.029999,4541783,41.654388
07/03/2017,47.650002,47.880001,47.474998,47.705002,4975946,41.372536
08/03/2017,47.380001,47.605,47.075001,47.165001,4751017,40.904213
09/03/2017,46.779999,46.790001,45.849998,46.790001,8455345,40.578991
10/03/2017,46.970001,47.825001,46.919998,47.264999,6358792,40.990936
13/03/2017,47.084999,47.424999,46.884998,47.099998,4547846,40.847839
14/03/2017,46.974998,47.130001,46.060001,46.299999,7032065,40.154034
15/03/2017,46.59,46.985001,46.465,46.98,5322576,40.743763
16/03/2017,47.5,47.599998,46.915001,47.130001,6713173,40.873856
17/03/2017,46.919998,47.73,46.900002,47.360001,13783809,41.073326
20/03/2017,46.514999,46.645,46.049999,46.049999,5869161,40.458328
21/03/2017,46.259998,46.735001,46.07,46.32,5697212,40.695538
22/03/2017,46.209999,46.450001,45.869999,46.240002,5190058,40.625256
23/03/2017,46.209999,46.5,45.889999,46.5,5263462,40.853676
24/03/2017,46.200001,46.325001,45.924999,46.209999,3605979,40.598896
27/03/2017,45.855,46.299999,45.825001,46.125,5114084,40.524216
28/03/2017,46.099998,46.415001,45.939999,46.415001,4827128,40.779007
29/03/2017,46.509998,46.75,46.029999,46.615002,4511535,40.95472
30/03/2017,46.645,47.215,46.645,47.075001,5431874,41.35886
31/03/2017,47.07,47.415001,46.814999,47.415001,6786119,41.657585
03/04/2017,47.450001,47.654999,46.965,46.965,4938414,41.262222
04/04/2017,47.119999,47.75,47.119999,47.75,5165283,41.9519
05/04/2017,47.950001,48.695,47.855,48,7045883,42.171543
06/04/2017,47.779999,48.689999,47.615002,48.529999,5862628,42.637192
07/04/2017,48.84,49,48.384998,49,6411689,43.050114
10/04/2017,49,49,48.490002,48.630001,4025918,42.725048
11/04/2017,48.23,48.849998,48.134998,48.73,4802317,42.812897
12/04/2017,48.805,49.075001,48.535,48.639999,4641557,42.733829
13/04/2017,48.41,48.514999,47.965,48.029999,6073831,42.197903
18/04/2017,47.669998,47.865002,47.080002,47.115002,6557281,41.394005
19/04/2017,46.880001,47.174999,46.634998,46.855,5935992,41.165573
20/04/2017,46.59,47.305,46.435001,47.07,7457833,41.354473
21/04/2017,46.75,47,46.325001,46.48,13081961,40.836105
24/04/2017,48.200001,48.395,47.625,47.825001,12326186,42.017796
25/04/2017,48,48.029999,47.605,47.825001,5475580,42.017796
26/04/2017,47.549999,48.119999,47.465,47.845001,5554663,42.035366
27/04/2017,47.700001,47.900002,46.93,47.285,5968220,41.543362
28/04/2017,47.474998,47.625,47.169998,47.169998,6777333,41.442322
02/05/2017,47.174999,47.349998,46.845001,46.845001,5511274,41.156784
03/05/2017,46.5,46.849998,46.5,46.764999,4634438,41.086502
04/05/2017,47,47.485001,46.764999,47.044998,7703462,41.332504
05/05/2017,46.314999,48.014999,46.285,48,9380467,42.171543
08/05/2017,48.150002,48.365002,47.740002,47.810001,6044605,42.00462
09/05/2017,48.099998,48.209999,47.825001,47.825001,4706208,42.017796
10/05/2017,47.610001,48.259998,47.555,48.165001,5968256,42.316509
11/05/2017,48.200001,48.305,47.48,47.889999,5989628,42.074902
12/05/2017,47.790001,47.98,47.389999,47.98,5361934,42.153969
15/05/2017,48.169998,48.775002,48.169998,48.349998,5849556,42.479046
16/05/2017,48.355,48.75,48.220001,48.700001,5366407,42.786541
17/05/2017,48.490002,48.785,48.18,48.450001,6225593,42.56691
18/05/2017,48.200001,48.540001,47.674999,48.25,7019332,42.391186
19/05/2017,48.345001,48.720001,48.185001,48.400002,6510603,42.522976
22/05/2017,48.645,48.740002,48.360001,48.384998,4378101,42.509792
23/05/2017,48.299999,48.634998,48.154999,48.200001,4722918,42.34726
24/05/2017,48.095001,48.384998,48,48.145,3956923,42.298939
25/05/2017,48.154999,48.400002,47.57,47.73,4430086,41.934326
26/05/2017,47.34,47.435001,46.834999,47.435001,5909202,41.675144
29/05/2017,47.470001,47.650002,47.330002,47.540001,1720642,41.767403
30/05/2017,47.400002,47.634998,47.134998,47.555,3923478,41.780575
31/05/2017,47.535,47.724998,47.130001,47.27,13340539,41.530186
01/06/2017,47.525002,47.740002,47.049999,47.174999,4949335,41.446724
02/06/2017,47.099998,47.330002,46.52,46.799999,7311919,41.117252
05/06/2017,46.5,46.599998,45.759998,45.814999,4436142,40.792271
06/06/2017,45.735001,45.91,45.505001,45.744999,5892944,40.729942
07/06/2017,46.139999,46.189999,45.279999,45.325001,6488960,40.355991
08/06/2017,45.41,45.810001,45.314999,45.535,5988428,40.542965
09/06/2017,45.560001,45.810001,45.32,45.695,5035859,40.685429
12/06/2017,46.105,46.110001,45.41,45.485001,6502016,40.498451
13/06/2017,45.895,45.900002,45.325001,45.470001,5031319,40.485096
14/06/2017,45.799999,45.810001,44.755001,44.755001,9026497,39.84848
15/06/2017,44.700001,44.700001,44.154999,44.490002,9980171,39.61253
16/06/2017,44.599998,44.924999,44.514999,44.810001,13408800,39.897453
19/06/2017,45.18,45.404999,45.099998,45.150002,3848895,40.200172
20/06/2017,45.105,45.209999,44.305,44.555,5835711,39.670399
21/06/2017,44.404999,44.860001,43.965,44.400002,6105445,39.532398
22/06/2017,44.099998,44.41,43.555,44.349998,7054201,39.487873
23/06/2017,44.23,44.380001,43.875,44.110001,4268658,39.274193
26/06/2017,44.259998,44.560001,43.939999,44.105,4156979,39.269733
27/06/2017,44,44.5,43.695,44.400002,5881122,39.532398
28/06/2017,44.200001,44.459999,43.875,44.435001,6002922,39.563564
29/06/2017,44.580002,44.665001,43.705002,43.900002,7529877,39.087215
30/06/2017,43.755001,43.950001,43.145,43.285,7014641,38.539635
03/07/2017,43.634998,44.294998,43.595001,44.154999,5162997,39.314259
04/07/2017,44.125,44.27,43.959999,43.98,3185643,39.158443
05/07/2017,43.970001,43.970001,43.134998,43.325001,8073782,38.575245
06/07/2017,43.349998,43.400002,42.775002,43.099998,6063988,38.374912
07/07/2017,42.924999,42.924999,42.259998,42.459999,7008938,37.805077
10/07/2017,42.75,42.970001,42.575001,42.764999,4267823,38.076637
11/07/2017,42.695,42.889999,42.380001,42.669998,4099706,37.992054
12/07/2017,42.945,43.400002,42.825001,43.075001,6670326,38.352654
13/07/2017,43.099998,43.209999,42.855,43.110001,5025471,38.38382
14/07/2017,43.27,43.599998,43.095001,43.334999,5075580,38.584152
17/07/2017,43.360001,43.560001,43.130001,43.27,3396250,38.526283
18/07/2017,43.150002,43.380001,42.875,42.915001,4811911,38.210197
19/07/2017,43,43.5,42.875,43.384998,4074548,38.628674
20/07/2017,43.575001,43.990002,43.139999,43.345001,5390043,38.59306
21/07/2017,43.400002,44.014999,42.384998,42.715,9239057,38.032124
24/07/2017,42.700001,42.994999,42.224998,42.654999,5157172,37.978703
25/07/2017,42.654999,43.275002,42.560001,42.970001,5433895,38.259167
26/07/2017,43.064999,43.52,43,43.220001,5631824,38.481766
27/07/2017,43.220001,43.900002,42.830002,43,5404497,38.285877
28/07/2017,42.880001,43.049999,42.5,42.990002,6375988,38.276974
31/07/2017,43.080002,43.360001,42.865002,42.959999,5562211,38.250259
01/08/2017,43.845001,43.915001,43,43.445,6636034,38.682091
02/08/2017,43.34,43.849998,43.119999,43.639999,5904705,38.855713
03/08/2017,43.389999,43.73,43.18,43.57,4615296,38.793392
04/08/2017,43.334999,44.169998,43.264999,43.919998,4642476,39.105019
07/08/2017,43.950001,44.165001,43.689999,43.84,3072645,39.033787
08/08/2017,43.805,44.105,43.709999,43.915001,3936760,39.100563
09/08/2017,43.709999,43.834999,43.224998,43.450001,6160966,38.68655
10/08/2017,43.459999,43.650002,43.130001,43.540001,5719471,38.766682
11/08/2017,43.165001,43.275002,42.674999,42.75,5583010,38.063282
14/08/2017,42.759998,43.07,42.459999,42.860001,3737186,38.161228
15/08/2017,42.834999,43.115002,42.715,42.744999,3016840,38.058834
16/08/2017,42.91,43.48,42.91,43.044998,3667499,38.325943
17/08/2017,42.91,43.064999,42.669998,42.759998,4012066,38.072189
18/08/2017,42.560001,42.740002,42.384998,42.650002,5154751,37.974251
21/08/2017,42.665001,42.955002,42.279999,42.779999,5102548,38.089996
22/08/2017,43.09,43.650002,43.025002,43.419998,5725830,38.659832
23/08/2017,43.369999,43.799999,43.294998,43.674999,4519627,38.886875
24/08/2017,43.869999,43.875,43.415001,43.445,3701294,38.682091
25/08/2017,43.349998,43.599998,43.244999,43.325001,3180188,38.575245
28/08/2017,43.154999,43.48,43.02,43.134998,2675731,38.406082
29/08/2017,42.965,43.215,42.455002,42.955002,5649776,38.245811
30/08/2017,43.200001,43.360001,42.860001,43.235001,3819842,38.495117
31/08/2017,43.259998,43.650002,43.055,43.445,7215009,38.682091
01/09/2017,43.5,43.955002,43.459999,43.805,4781396,39.002628
04/09/2017,43.465,43.994999,43.459999,43.720001,2721666,38.926941
05/09/2017,43.735001,44.115002,43.599998,43.889999,4860103,39.078308
06/09/2017,43.560001,44.209999,43.505001,44.029999,5106841,39.202957
07/09/2017,44.154999,44.580002,44.110001,44.334999,5062629,39.474518
08/09/2017,44.200001,44.305,43.93,43.990002,3898562,39.167355
11/09/2017,44.049999,44.395,44.049999,44.369999,4219950,39.505684
12/09/2017,44.294998,44.555,44.25,44.509998,3570167,39.630337
13/09/2017,44.334999,44.860001,44.215,44.740002,5199684,39.835125
14/09/2017,44.615002,45.025002,44.615002,44.959999,5409963,40.031002
15/09/2017,44.900002,45.200001,44.740002,44.924999,14037756,39.999836
18/09/2017,45.064999,45.16,44.880001,44.945,3253391,40.017651
19/09/2017,44.875,45.400002,44.805,45.18,4631793,40.226879
20/09/2017,45.139999,45.674999,45.119999,45.674999,4502749,40.667614
21/09/2017,45.855,46.049999,45.665001,45.884998,5084860,40.854599
22/09/2017,45.900002,46.049999,45.665001,45.935001,5282150,40.899117
25/09/2017,45.290001,45.724998,44.889999,45.630001,6587170,41.183418
26/09/2017,45.549999,45.639999,45.189999,45.255001,7075174,40.844963
27/09/2017,45.455002,45.490002,45.080002,45.110001,5136164,40.714088
28/09/2017,45.075001,45.32,44.805,45.215,4312249,40.808853
29/09/2017,45.195,45.445,45.084999,45.445,6393240,41.016445
02/10/2017,45.529999,45.654999,45.09,45.235001,4670178,40.826912
03/10/2017,45.43,45.724998,45.334999,45.619999,3244572,41.174397
04/10/2017,45.595001,45.599998,45.07,45.369999,5854203,40.94875
05/10/2017,45.205002,45.785,45.205002,45.735001,4511985,41.278191
06/10/2017,45.735001,45.75,45.32,45.555,4292482,41.115726
09/10/2017,45.625,45.755001,45.490002,45.544998,2713659,41.106701
10/10/2017,45.450001,45.700001,45.325001,45.549999,2707422,41.111217
11/10/2017,45.5,45.900002,45.355,45.849998,3892746,41.381977
12/10/2017,46,46,45.595001,45.665001,3068974,41.215008
13/10/2017,45.805,45.895,45.669998,45.779999,3373549,41.318798
16/10/2017,45.900002,46.275002,45.810001,46.095001,3634725,41.603104
17/10/2017,46.145,46.290001,45.900002,45.900002,3411164,41.427109
18/10/2017,45.98,46.130001,45.805,45.805,3518856,41.341366
19/10/2017,45.810001,45.990002,45.459999,45.845001,4364905,41.377468
20/10/2017,45.849998,46.044998,45.735001,45.959999,7021755,41.481262
23/10/2017,46,46.48,45.959999,46.099998,3551421,41.607616
24/10/2017,46.044998,46.595001,46.040001,46.355,4171976,41.837769
25/10/2017,46.325001,46.459999,45.875,45.900002,4501746,41.427109
26/10/2017,45.994999,46.575001,45.799999,46.575001,5488319,42.036335
27/10/2017,46.59,47.625,46.490002,47.27,8383356,42.663601
30/10/2017,47.32,47.799999,47.305,47.77,4539583,43.114876
31/10/2017,47.945,48.165001,47.705002,47.869999,4854922,43.205132
01/11/2017,48.195,48.544998,48.139999,48.279999,4926962,43.575176
02/11/2017,48.34,48.494999,48.009998,48.459999,4853655,43.737637
03/11/2017,48.645,48.68,48.095001,48.474998,4369670,43.751175
06/11/2017,48.48,48.705002,48.32,48.615002,4225760,43.877541
07/11/2017,48.900002,49.334999,48.884998,48.889999,7390785,44.125732
08/11/2017,48.884998,49.084999,48.720001,48.924999,4628480,44.15733
09/11/2017,48.849998,49.209999,48.419998,48.564999,5705782,43.832409
10/11/2017,48.599998,48.84,47.875,48.049999,5468813,43.367592
13/11/2017,48.09,48.215,47.165001,47.580002,5619650,42.943398
14/11/2017,47.34,47.485001,46.665001,46.935001,6877396,42.361244
15/11/2017,46.43,46.685001,46.07,46.305,6523552,41.792645
16/11/2017,46.525002,46.575001,46.07,46.299999,4764514,41.788132
17/11/2017,46.235001,46.634998,45.955002,46.285,5571254,41.77459
20/11/2017,46.285,46.610001,46.16,46.48,4064633,41.950584
21/11/2017,46.435001,47.25,46.369999,46.924999,5697374,42.352222
22/11/2017,47.134998,47.595001,47.035,47.27,5471192,42.663601
23/11/2017,47.27,47.575001,47.080002,47.400002,2776211,42.780937
24/11/2017,47.349998,47.759998,47.235001,47.349998,2730546,42.735806
27/11/2017,47.169998,47.645,47.014999,47.264999,4246340,42.659092
28/11/2017,47.290001,47.810001,47.290001,47.509998,5585631,42.880215
29/11/2017,47.860001,48.029999,47.240002,47.705002,4980951,43.056213
30/11/2017,47.674999,47.924999,47.404999,47.404999,7228468,42.785446
01/12/2017,47.689999,48.025002,47.035,47.395,6722533,42.776424
04/12/2017,47.599998,47.82,47.259998,47.82,5762259,43.160007
05/12/2017,47.779999,48.014999,47.435001,47.435001,4737308,42.812519
06/12/2017,47.290001,47.59,47.095001,47.365002,5213358,42.749348
07/12/2017,47.25,47.790001,47.25,47.459999,4280283,42.835083
08/12/2017,47.555,47.575001,46.875,47.025002,7007107,42.442478
11/12/2017,47.049999,47.16,46.865002,47.09,5691756,42.501144
12/12/2017,47.25,47.900002,47.209999,47.775002,7039100,43.119389
13/12/2017,47.84,47.865002,47.325001,47.369999,7466629,42.753853
14/12/2017,47.509998,47.57,47.064999,47.205002,4976500,42.604939
15/12/2017,47.169998,47.290001,46.509998,46.509998,16742363,41.977665
18/12/2017,46.880001,47.355,46.875,47.355,6286173,42.740318
19/12/2017,46.52,46.790001,46.119999,46.150002,6349949,42.205322
20/12/2017,46.099998,46.389999,46.025002,46.220001,4929440,42.269337
21/12/2017,46.139999,46.735001,46.099998,46.615002,4680064,42.630577
22/12/2017,46.580002,46.75,46.419998,46.470001,3330287,42.497971
27/12/2017,46.595001,46.814999,46.525002,46.535,3422576,42.557415
28/12/2017,46.555,46.610001,46.224998,46.334999,3187546,42.374504
29/12/2017,46.400002,46.605,46.044998,46.044998,4179386,42.109295
02/01/2018,46.404999,46.404999,45.845001,46.060001,4997867,42.123013
03/01/2018,46.105,46.610001,46.105,46.560001,6782657,42.58028
04/01/2018,46.799999,47.575001,46.799999,47.48,8356524,43.421638
05/01/2018,47.459999,48.169998,47.459999,47.825001,5799220,43.737152
08/01/2018,48,48.279999,47.845001,48.035,3827349,43.929203
09/01/2018,48.09,48.5,48.044998,48.299999,5049979,44.171551
10/01/2018,48.314999,48.41,47.900002,48.150002,4889380,44.03437
11/01/2018,48.240002,48.34,47.919998,48.145,4662759,44.029797
12/01/2018,48.145,48.75,47.915001,48.610001,6398070,44.455055
15/01/2018,48.66,48.744999,48.384998,48.575001,3461491,44.423038
16/01/2018,48.595001,48.650002,48.064999,48.139999,5552216,44.025223
17/01/2018,47.970001,48.125,47.650002,47.880001,4612458,43.787449
18/01/2018,47.990002,48.134998,47.389999,47.584999,5702316,43.517662
19/01/2018,47.419998,47.66,47.110001,47.290001,7686936,43.247883
22/01/2018,47.490002,47.935001,47.424999,47.904999,4604302,43.810314
23/01/2018,48,48.134998,47.450001,47.450001,4769882,43.394203
24/01/2018,47.380001,47.790001,47.305,47.549999,4362733,43.485653
25/01/2018,47.599998,47.924999,47.290001,47.540001,4618268,43.476513
26/01/2018,47.599998,47.794998,47.43,47.52,3505520,43.458221
29/01/2018,47.509998,47.66,47.125,47.294998,4330813,43.252449
30/01/2018,46.935001,47.07,46.439999,46.5,6610587,42.525406
31/01/2018,46.625,46.764999,46.404999,46.634998,6117529,42.648861
01/02/2018,47.279999,47.455002,46.775002,47.060001,8244692,43.037544
02/02/2018,47.240002,47.384998,46.07,46.134998,6826348,42.191601
05/02/2018,45.950001,45.965,45.325001,45.360001,7534505,41.482853
06/02/2018,43.805,44.605,43.09,43.869999,16069236,40.120201
07/02/2018,44.575001,45.080002,44.014999,44.759998,9654886,40.934128
08/02/2018,45.005001,45.875,44.705002,45.075001,12899019,41.22221
09/02/2018,45.02,45.360001,44.34,44.705002,12684742,40.883831
12/02/2018,45,45.68,44.805,45.244999,7960852,41.377674
13/02/2018,45.580002,45.685001,45.150002,45.34,6791773,41.464558
14/02/2018,45.365002,45.619999,44.639999,45.330002,7210798,41.455414
15/02/2018,45.720001,45.84,44.985001,45.165001,6751372,41.304512
16/02/2018,45.560001,46.119999,45.275002,45.900002,7914797,41.976688
19/02/2018,45.904999,46.07,45.814999,45.889999,3643917,41.967541
20/02/2018,46.049999,46.599998,45.959999,46.599998,7057664,42.616856
21/02/2018,46.209999,46.82,46.189999,46.82,5605350,42.81805
22/02/2018,46.419998,47.035,46.224998,46.875,5731624,42.868351
23/02/2018,46.990002,47.259998,46.855,47.07,4115792,43.046688
26/02/2018,47.474998,47.584999,47.16,47.369999,4130822,43.321041
27/02/2018,47.365002,47.535,47.07,47.299999,4347082,43.257027
28/02/2018,47,47.470001,46.775002,46.970001,8231213,42.955235
01/03/2018,46.630001,46.830002,46.115002,46.41,6735051,42.4431
02/03/2018,46.150002,46.275002,45.259998,45.5,7026769,41.610882
05/03/2018,45.445,46.16,45.400002,45.950001,5349417,42.022415
06/03/2018,46.27,46.485001,46.044998,46.044998,4539655,42.109295
07/03/2018,45.810001,46.299999,45.785,46.110001,4986824,42.168739
08/03/2018,46.005001,46.525002,45.919998,46.424999,4676586,42.456818
09/03/2018,46.279999,46.665001,46.255001,46.459999,4258818,42.488823
12/03/2018,46.689999,46.814999,46.400002,46.59,4088976,42.607712
13/03/2018,46.900002,47.490002,46.705002,46.880001,7839152,42.872925
14/03/2018,46.880001,47.365002,46.794998,47.029999,6888809,43.010101
15/03/2018,47.07,47.25,46.900002,46.900002,6640475,42.891216
16/03/2018,46.865002,47.779999,46.84,47.779999,19712754,43.695992
19/03/2018,46.845001,46.93,46.134998,46.195,7092469,42.80188
20/03/2018,46.345001,46.389999,45.755001,46.235001,5726286,42.83894
21/03/2018,46.299999,46.625,46.035,46.555,5923941,43.135441
22/03/2018,46.314999,46.634998,45.805,46.255001,7645861,42.857471
23/03/2018,45.814999,46.195,45.580002,45.805,7267624,42.440525
26/03/2018,45.945,46.195,45.625,45.900002,6195818,42.528549
27/03/2018,46.400002,46.5,45.830002,46.09,7235270,42.704594
28/03/2018,45.830002,45.959999,45.595001,45.834999,8654871,42.468323
29/03/2018,45.82,46.450001,45.685001,46.130001,5098808,42.741653
03/04/2018,46.27,47.035,46.235001,46.705002,7557631,43.274418
04/04/2018,47.009998,47.279999,46.669998,47.279999,7706321,43.807182
05/04/2018,47.990002,48.59,47.575001,48.560001,8867065,44.993164
06/04/2018,48.450001,48.849998,48.25,48.474998,5952589,44.91441
09/04/2018,48.465,48.560001,48.154999,48.32,4994629,44.770798
10/04/2018,48.494999,48.849998,48.220001,48.810001,6047662,45.224804
11/04/2018,48.5,49.099998,48.32,48.860001,5722807,45.271133
12/04/2018,48.830002,49.119999,48.695,48.895,5896449,45.303566
13/04/2018,48.799999,48.880001,48.384998,48.599998,5553793,45.030228
16/04/2018,48.494999,48.77,48.299999,48.645,3588017,45.071926
17/04/2018,48.700001,49.134998,48.700001,48.915001,4886957,45.32209
18/04/2018,48.860001,49.75,48.860001,49.700001,7873858,46.049435
19/04/2018,49.744999,50.400002,49.724998,50.299999,5966295,46.605354
20/04/2018,50.299999,50.830002,49.855,50.639999,8539792,46.92038
23/04/2018,50.66,51.16,50.509998,51.16,5072373,47.402187
24/04/2018,51.139999,51.84,51.07,51.84,6734317,48.032242
25/04/2018,51.389999,51.57,50.82,51.150002,6535854,47.392921
26/04/2018,51.150002,52.099998,51,51.91,6192656,48.097099
27/04/2018,52,52.099998,51.66,52.099998,3738929,48.273144
30/04/2018,51.779999,52.330002,51.689999,52.330002,5712854,48.486256
02/05/2018,51.98,52.310001,51.650002,51.650002,7030296,47.856197
03/05/2018,51.580002,51.849998,51.549999,51.779999,4972015,47.976646
04/05/2018,51.82,52.27,51.779999,52.27,5163665,48.430656
07/05/2018,51.84,52.73,51.810001,52.709999,4198502,48.838337
08/05/2018,52.189999,52.41,51.689999,51.810001,7169504,48.004444
09/05/2018,52.060001,52.779999,52.02,52.779999,5916840,48.903194
10/05/2018,52.849998,52.900002,52.279999,52.709999,3775827,48.838337
11/05/2018,52.740002,53.330002,52.580002,53.330002,4121949,49.412804
14/05/2018,53.220001,53.779999,53.080002,53.700001,4211624,49.755619
15/05/2018,53.610001,54.139999,53.580002,53.900002,5613306,49.940929
16/05/2018,53.580002,53.900002,53.459999,53.540001,4804039,49.607372
17/05/2018,53.48,54.599998,53.470001,54.5,5938975,50.496861
18/05/2018,54.18,54.950001,54.169998,54.48,10371317,50.478329
21/05/2018,54.59,54.860001,54.43,54.5,3037025,50.496861
22/05/2018,54.369999,54.689999,53.75,54.119999,6018371,50.144775
23/05/2018,53.5,53.75,52.130001,52.439999,8905934,48.588169
24/05/2018,52.450001,52.84,51.720001,51.810001,5891801,48.004444
25/05/2018,51.82,52.16,50.889999,51.060001,7037082,47.309532
28/05/2018,50.959999,51.389999,50.580002,50.759998,3593822,47.031567
29/05/2018,50.459999,51.48,49.490002,51.009998,9380928,47.263206
30/05/2018,51.130001,52,51.110001,51.900002,7334673,48.087837
31/05/2018,51.98,52.380001,51.599998,52.049999,8710760,48.22681
01/06/2018,52.259998,52.900002,52.259998,52.73,6205310,48.856865
04/06/2018,52.990002,53.16,52.57,52.639999,4237939,48.773479
05/06/2018,52.560001,53.189999,52.240002,52.299999,5787285,48.45845
06/06/2018,52.709999,52.939999,52.110001,52.720001,7100395,48.847607
07/06/2018,52.82,53.599998,52.75,53.380001,6403747,49.459126
08/06/2018,53.209999,53.599998,52.959999,53.099998,5326734,49.199692
11/06/2018,52.490002,52.82,52.380001,52.779999,6979312,49.480938
12/06/2018,52.91,52.98,52.169998,52.32,6804677,49.049694
13/06/2018,51.970001,52.32,51.799999,52.07,6370788,48.815319
14/06/2018,51.799999,53.040001,51.75,52.860001,7649649,49.555943
15/06/2018,52.860001,52.970001,52.23,52.349998,24908700,49.077816
18/06/2018,52.099998,52.490002,51.91,52.23,7236594,48.965321
19/06/2018,51.810001,51.990002,51.5,51.790001,7451526,48.552822
20/06/2018,51.98,52.040001,51.130001,51.25,7378900,48.046574
21/06/2018,51.389999,51.450001,50.610001,50.799999,5574620,47.624702
22/06/2018,50.919998,52.73,50.630001,52.48,7615289,49.199692
25/06/2018,51.900002,52.540001,51.52,51.669998,5006276,48.440323
26/06/2018,51.799999,51.869999,51.330002,51.48,4654038,48.262199
27/06/2018,51.799999,53.130001,51.599998,52.490002,6691677,49.209064
28/06/2018,52.459999,52.950001,51.970001,52.169998,6136939,48.909065
29/06/2018,52.5,52.82,52.209999,52.209999,6088517,48.946568
02/07/2018,51.689999,52.540001,51.349998,52.209999,6197475,48.946568
03/07/2018,52.68,53.209999,52.169998,52.73,5185423,49.434067
04/07/2018,52.84,53.349998,52.77,52.959999,3757692,49.649689
05/07/2018,52.830002,54.25,52.799999,53.720001,6974664,50.362186
06/07/2018,53.759998,53.849998,52.91,53.310001,4772138,49.977814
09/07/2018,53.709999,54.18,53.529999,54,4422101,50.62468
10/07/2018,54.16,54.869999,54.150002,54.619999,5234184,51.205925
11/07/2018,54.290001,54.369999,53.16,53.16,6073456,49.837189
12/07/2018,52.849998,53.27,52.669998,53.27,5179889,49.940311
13/07/2018,53.580002,53.580002,53.080002,53.330002,3841378,49.996563
16/07/2018,53.299999,53.389999,52.549999,52.790001,3641931,49.490314
17/07/2018,52.779999,52.84,52.310001,52.75,3297635,49.452812
18/07/2018,52.889999,53.18,52.349998,52.900002,3744964,49.593445
19/07/2018,53.080002,53.299999,52.720001,52.880001,4595461,49.574688
20/07/2018,52.599998,52.84,51.919998,52.599998,7318636,49.312191
23/07/2018,52.450001,52.779999,52.119999,52.599998,2993307,49.312191
24/07/2018,52.400002,53.080002,52.16,52.869999,3746105,49.565319
25/07/2018,52.790001,53.07,52.450001,52.799999,3893685,49.499691
26/07/2018,53.200001,54,52.849998,54,6871125,50.62468
27/07/2018,54.23,55,54.110001,55,6036183,51.56218
30/07/2018,54.950001,55.66,54.84,55.150002,4041960,51.702801
31/07/2018,54.610001,56.080002,54.599998,55.860001,6459528,52.36842
01/08/2018,55.389999,55.700001,55.360001,55.48,4680252,52.012173
02/08/2018,55.009998,55.389999,54.68,54.950001,5284889,51.515301
03/08/2018,55.099998,55.310001,54.619999,54.779999,4087898,51.35593
06/08/2018,54.759998,55.07,54.509998,54.950001,2784916,51.515301
07/08/2018,55,56.189999,55,55.959999,4165539,52.462166
08/08/2018,55.970001,56.27,55.450001,55.5,3659732,52.030926
09/08/2018,55.310001,55.439999,55.119999,55.259998,3272824,51.805923
10/08/2018,54.720001,54.759998,53.779999,53.950001,6634461,50.577808
13/08/2018,54.009998,54.639999,54.009998,54.09,3911784,50.709057
14/08/2018,54.02,54.150002,53.549999,53.549999,4891295,50.202808
15/08/2018,53.57,53.639999,51.860001,52.07,7661481,48.815319
16/08/2018,52.200001,52.580002,52.029999,52.360001,5189725,49.087193
17/08/2018,52.52,52.59,52.009998,52.400002,3842132,49.124691
20/08/2018,52.709999,53.209999,52.630001,52.900002,3125213,49.593445
21/08/2018,52.900002,53.549999,52.799999,53.209999,3193620,49.88406
22/08/2018,52.98,53.990002,52.93,53.73,4129541,50.371559
23/08/2018,53.279999,54.310001,53.279999,54.169998,3874292,50.784058
24/08/2018,54.209999,54.98,54.189999,54.869999,3979321,51.440304
27/08/2018,54.959999,55.66,54.950001,55.419998,3616754,51.955921
28/08/2018,55.380001,55.48,54.799999,54.799999,3732955,51.37468
29/08/2018,54.5,54.93,54.310001,54.849998,3288345,51.421555
30/08/2018,54.540001,54.919998,54.369999,54.650002,3306266,51.234055
31/08/2018,54.48,54.549999,53.869999,53.869999,6062920,50.502808
03/09/2018,53.689999,54.25,53.66,54.139999,2133688,50.755928
04/09/2018,54.119999,54.310001,53.580002,53.630001,4591347,50.277813
05/09/2018,53.09,53.349998,52.529999,52.529999,7007681,49.246563
06/09/2018,52.57,52.779999,52.029999,52.029999,5580162,48.777821
07/09/2018,52.139999,52.27,51.57,51.990002,4386829,48.740322
10/09/2018,51.91,52.279999,51.759998,51.880001,3969608,48.637196
11/09/2018,52.400002,52.98,51.98,52.98,5730992,49.668434
12/09/2018,53.099998,53.990002,53.099998,53.880001,5562533,50.512188
13/09/2018,53.619999,54.07,53.459999,53.529999,4872368,50.184063
14/09/2018,53.57,54.029999,53.52,53.860001,4427316,50.493435
17/09/2018,53.720001,54,53.599998,53.709999,3600708,50.35281
18/09/2018,53.509998,54.130001,53.48,53.98,5144219,50.605934
19/09/2018,54,54.220001,53.75,54.049999,4967889,50.671558
20/09/2018,54.110001,54.93,54.110001,54.740002,6700771,51.318428
21/09/2018,54.470001,55.169998,54.470001,54.900002,14412539,51.46843
24/09/2018,54.990002,55.740002,54.990002,55.529999,6891452,52.059048
25/09/2018,55.25,55.860001,55.07,55.59,8293381,52.722946
26/09/2018,55.560001,55.740002,55.099998,55.43,7399283,52.571201
27/09/2018,55.389999,56.169998,55.369999,56.02,6844886,53.130764
28/09/2018,55.779999,56.189999,55.240002,55.84,6779625,52.960049
01/10/2018,56.110001,56.48,56,56.369999,4797525,53.462719
02/10/2018,56.380001,56.68,55.970001,56.200001,5208653,53.301487
03/10/2018,56.259998,56.5,56,56.299999,4769760,53.396328
04/10/2018,56.189999,56.82,56.07,56.07,5386309,53.178188
05/10/2018,55.860001,56.169998,55.130001,55.130001,5738692,52.286671
08/10/2018,54.919998,55.150002,53.900002,54.049999,5187149,51.262367
09/10/2018,54.450001,54.900002,54.259998,54.830002,5804198,52.002148
10/10/2018,55.209999,56.259998,54.75,55.099998,7088986,52.258217
11/10/2018,53.91,54.369999,53.209999,53.209999,10086659,50.465694
12/10/2018,53.91,54.07,52.93,52.93,6362064,50.200138
15/10/2018,53,53.91,52.950001,53.549999,5826673,50.788162
16/10/2018,53.59,53.959999,52.59,53.82,5338538,51.044231
17/10/2018,54,54.02,53.060001,53.459999,5142636,50.702797
18/10/2018,53.5,53.849998,52.799999,52.799999,4844602,50.076839
19/10/2018,53.150002,53.560001,52.779999,52.830002,8060058,50.105297
22/10/2018,53.23,53.259998,52.02,52.080002,3910479,49.393974
23/10/2018,51.880001,52.16,50.82,51.060001,6267992,48.426579
24/10/2018,50.799999,51.66,50.549999,50.639999,6266965,48.02824
25/10/2018,50.02,51.68,49.209999,51.41,7606493,48.75853
26/10/2018,51.619999,51.639999,49.134998,50.630001,8592730,48.018761
29/10/2018,51.25,51.73,50.630001,50.98,3696770,48.350704
30/10/2018,51.060001,51.5,50.279999,50.740002,5805663,48.123089
31/10/2018,51.209999,52.139999,51.209999,51.959999,9536208,49.280163
01/11/2018,51.5,51.630001,50.330002,50.639999,7819308,48.02824
02/11/2018,51.040001,51.23,50.189999,50.25,5331289,47.658356
05/11/2018,50.34,51.75,50.200001,51.400002,5408192,48.74905
06/11/2018,51.419998,51.419998,50.830002,50.880001,5524497,48.255863
07/11/2018,51.080002,52.209999,50.939999,51.73,6648052,49.062023
08/11/2018,52,52.080002,51.27,51.43,5068546,48.7775
09/11/2018,50.810001,51.040001,50.119999,50.490002,6672091,47.885979
12/11/2018,51.07,51.34,50.220001,50.220001,5840889,47.629906
13/11/2018,50.189999,50.32,48.875,49.509998,8648199,46.956516
14/11/2018,48.654999,50.18,48.564999,49.66,7876258,47.098785
15/11/2018,49.805,50.220001,49.415001,50.110001,6529172,47.525574
16/11/2018,50.360001,50.779999,49.665001,49.994999,7070600,47.416504
19/11/2018,50.099998,50.299999,49.490002,49.549999,5758425,46.994457
20/11/2018,49.450001,49.895,48.544998,48.865002,7371832,46.344788
21/11/2018,48.82,49.41,48.685001,49.41,6340992,46.861679
22/11/2018,49.485001,49.5,48.849998,49.060001,4283459,46.529736
23/11/2018,48.709999,49.084999,47.305,47.584999,7910692,45.130802
26/11/2018,47.759998,48.560001,47.759998,48.299999,8498302,45.808929
27/11/2018,48.165001,48.485001,47.825001,48.029999,6764760,45.552853
28/11/2018,48.185001,48.439999,47.970001,48.244999,6427107,45.756763
29/11/2018,48.404999,48.790001,48.005001,48.439999,8133989,45.941708
30/11/2018,48.779999,49.255001,48.514999,49.165001,8735239,46.629314
03/12/2018,50.990002,50.990002,49.755001,49.814999,7597964,47.245789
04/12/2018,49.889999,50.169998,49.395,49.494999,6614091,46.942295
05/12/2018,49.09,49.205002,48.724998,48.805,5430691,46.287884
06/12/2018,48.435001,48.57,47.125,47.384998,11426116,44.941116
07/12/2018,47.525002,49.259998,47.525002,48.165001,9268952,45.680889
10/12/2018,47.869999,48.23,47.110001,47.34,7871712,44.898438
11/12/2018,47.535,48.314999,47.41,47.764999,7313051,45.301517
12/12/2018,47.91,48.775002,47.84,48.470001,7733000,45.970161
13/12/2018,48.145,49.139999,48.099998,48.939999,8408843,46.41592
14/12/2018,48.605,49.494999,48.605,49.099998,8072261,46.567665
17/12/2018,48.82,49.185001,48.505001,48.615002,6245522,46.107681
18/12/2018,47.810001,47.974998,46.755001,46.755001,10947403,44.935169
19/12/2018,46.669998,47.029999,46.509998,46.830002,8106702,45.007252
20/12/2018,46.330002,46.330002,45.575001,45.895,8366364,44.108639
21/12/2018,45.900002,46.044998,45.084999,46.044998,13466599,44.252796
24/12/2018,45.98,46.040001,45.23,45.23,1570694,43.469524
27/12/2018,46.195,46.195,44.779999,45.349998,7100931,43.58485
28/12/2018,45.555,46.505001,45.529999,46.084999,5778811,44.291245
31/12/2018,46.59,46.755001,46.16,46.18,2060626,44.382545
