,SAF.PA.Open,SAF.PA.High,SAF.PA.Low,SAF.PA.Close,SAF.PA.Volume,SAF.PA.Adjusted
2012-12-28,32.445,32.639999,32.400002,32.48,462304,28.416075
2013-01-02,32.849998,33.330002,32.82,33.259998,705192,29.098476
2013-01-03,33.259998,33.279999,33.040001,33.224998,279394,29.067862
2013-01-04,33.134998,33.209999,32.939999,33.18,352880,29.028488
2013-01-07,33,33.009998,32.794998,32.889999,565457,28.774771
2013-01-08,32.875,33.290001,32.759998,32.904999,485394,28.787899
2013-01-09,32.990002,33.299999,32.98,33.200001,457751,29.045986
2013-01-10,33.165001,33.380001,32.919998,33.110001,401781,28.967245
2013-01-11,33.115002,33.16,32.849998,33.154999,409553,29.006618
2013-01-14,33.200001,33.27,33.060001,33.200001,370718,29.045986
2013-01-15,33.099998,33.294998,32.834999,32.84,437712,28.731033
2013-01-16,32.904999,33.535,32.904999,33.43,619493,29.247213
2013-01-17,33.334999,33.814999,33.154999,33.705002,558541,29.487803
2013-01-18,33.799999,34.029999,33.555,33.955002,644497,29.706526
2013-01-21,34.029999,34.134998,33.654999,33.740002,360212,29.518427
2013-01-22,33.744999,34.014999,33.744999,33.904999,464261,29.662773
2013-01-23,33.895,34.07,33.744999,33.939999,399397,29.693396
2013-01-24,33.84,34.029999,33.814999,33.974998,477082,29.724018
2013-01-25,33.900002,34.549999,33.84,34.450001,536499,30.139587
2013-01-28,34.759998,34.869999,34.555,34.634998,662820,30.301441
2013-01-29,34.695,34.724998,34.605,34.654999,512337,30.318935
2013-01-30,34.689999,34.740002,34.130001,34.25,644882,29.964613
2013-01-31,33.849998,34.080002,33.419998,33.814999,863972,29.584032
2013-02-01,33.790001,34.375,33.560001,34.099998,1025884,29.833376
2013-02-04,34.029999,34.040001,33.25,33.25,750706,29.089731
2013-02-05,33.169998,33.965,33.154999,33.950001,708236,29.702147
2013-02-06,34,34.18,33.599998,33.705002,774487,29.487803
2013-02-07,33.735001,33.994999,33.560001,33.59,690070,29.387188
2013-02-08,33.735001,33.845001,33.560001,33.744999,644928,29.522797
2013-02-11,33.610001,33.764999,33.23,33.400002,671242,29.22097
2013-02-12,33.305,33.380001,33.064999,33.325001,608493,29.15535
2013-02-13,33.400002,33.66,33.18,33.439999,634500,29.255959
2013-02-14,33.400002,33.93,33.23,33.845001,633074,29.610285
2013-02-15,33.724998,34.314999,33.700001,34.215,958745,29.933987
2013-02-18,34.145,34.34,34.035,34.25,536185,29.964613
2013-02-19,34.200001,35.544998,34.099998,35.455002,919367,31.018841
2013-02-20,35,35.43,34.810001,35.07,740006,30.682005
2013-02-21,35.07,35.07,33.224998,34,1759219,29.745895
2013-02-22,34.115002,34.330002,33.880001,34.195,1033196,29.916494
2013-02-25,34.299999,34.715,34.240002,34.630001,1021348,30.297066
2013-02-26,33.98,34.564999,33.810001,34.34,699873,30.04335
2013-02-27,34.470001,34.82,34.205002,34.794998,771823,30.44142
2013-02-28,35,35.384998,34.994999,35.080002,1436659,30.690758
2013-03-01,35.794998,36.494999,35.285,36.145,1465344,31.622507
2013-03-04,36.060001,36.16,35.799999,36.005001,584960,31.500025
2013-03-05,36.154999,36.549999,36.139999,36.200001,684405,31.67063
2013-03-06,36.330002,36.654999,36.27,36.34,526223,31.793104
2013-03-07,36.395,36.48,36.049999,36.060001,645166,31.548145
2013-03-08,36.200001,36.369999,35.360001,35.455002,858887,31.018841
2013-03-11,34.950001,35.32,34.514999,35.32,936160,30.90073
2013-03-12,35.195,35.294998,34.764999,35.095001,788703,30.703888
2013-03-13,35.07,35.849998,35.07,35.744999,880389,31.272556
2013-03-14,35.799999,35.919998,35.355,35.494999,651241,31.053833
2013-03-15,35.735001,36.115002,35.389999,36.105,1129118,31.587505
2013-03-18,35.834999,36.950001,35.549999,36.5,897860,31.933088
2013-03-19,36.404999,36.404999,35.654999,35.904999,702827,31.412535
2013-03-20,36,36.095001,35.23,35.595001,1005115,31.141319
2013-03-21,35.560001,35.724998,35.139999,35.674999,831400,31.211313
2013-03-22,35.650002,35.990002,35.544998,35.695,767173,31.228813
2013-03-25,36.09,36.310001,35.419998,35.419998,745321,30.988218
2013-03-26,35.43,35.709999,35.150002,35.490002,749759,31.049463
2013-03-27,34.740002,35.130001,34.139999,34.959999,3231741,30.585773
2013-03-28,34.959999,35.014999,34.709999,34.794998,771634,30.44142
2013-04-02,34.93,36.435001,34.900002,36.369999,1573106,31.819351
2013-04-03,36.455002,36.799999,35.790001,35.799999,957678,31.320675
2013-04-04,35.814999,35.955002,35.139999,35.23,813963,30.821989
2013-04-05,35.125,35.200001,34.174999,34.455002,1120198,30.143955
2013-04-08,34.5,34.775002,34.255001,34.5,990008,30.183331
2013-04-09,34.474998,34.724998,34.205002,34.540001,1128354,30.218323
2013-04-10,34.674999,35.099998,34.535,34.994999,639938,30.616398
2013-04-11,34.955002,35.580002,34.875,35.404999,546132,30.975096
2013-04-12,35.285,35.485001,34.950001,35.040001,614303,30.655766
2013-04-15,34.970001,35.235001,34.580002,34.865002,628499,30.502663
2013-04-16,34.68,35.27,33.880001,34.380001,1017913,30.07835
2013-04-17,34.59,34.610001,33.365002,33.959999,1267857,29.710894
2013-04-18,33.875,34.755001,33.775002,34.404999,996698,30.100214
2013-04-19,34.5,35.060001,34.305,34.965,822468,30.590157
2013-04-22,35,35.389999,34.805,35.009998,834284,30.629519
2013-04-23,35.810001,37.18,35.799999,36.970001,2005263,32.344288
2013-04-24,37.174999,37.174999,36.630001,36.860001,1142425,32.248047
2013-04-25,37.525002,37.959999,37.330002,37.459999,1136925,32.772976
2013-04-26,37.615002,37.93,37.43,37.724998,799035,33.004814
2013-04-29,37.709999,37.900002,37.439999,37.810001,573801,33.079185
2013-04-30,37.860001,37.970001,37.215,37.290001,1085446,32.624249
2013-05-02,37.049999,37.869999,36.994999,37.5,1282240,32.807972
2013-05-03,37.535,38.16,37.334999,37.900002,767101,33.157921
2013-05-06,37.794998,37.849998,37.459999,37.650002,350693,32.939198
2013-05-07,37.650002,37.849998,37.380001,37.610001,680728,32.904205
2013-05-08,37.845001,38.014999,37.494999,37.935001,685960,33.188545
2013-05-09,37.955002,38.974998,37.955002,38.654999,856082,33.818451
2013-05-10,38.689999,39.285,38.535,39.244999,775103,34.334633
2013-05-13,39.060001,39.365002,38.98,39.209999,746189,34.304012
2013-05-14,39.685001,40.25,39.43,39.5,1320591,34.557732
2013-05-15,39.509998,39.810001,39.27,39.645,501613,34.684582
2013-05-16,39.57,40.384998,39.435001,40.259998,838831,35.222633
2013-05-17,40.130001,40.345001,39.875,40.110001,833172,35.091404
2013-05-20,40.064999,40.389999,39.919998,40.34,390669,35.292625
2013-05-21,40.5,41.07,40.450001,40.919998,937706,35.800053
2013-05-22,40.805,40.904999,40.25,40.689999,751714,35.598827
2013-05-23,40,40.485001,39.735001,40.435001,927257,35.37574
2013-05-24,40.689999,40.799999,40.134998,40.365002,454001,35.314499
2013-05-27,40.540001,40.759998,40.139999,40.424999,267461,35.366985
2013-05-28,40.634998,41.424999,40.595001,41.264999,664814,36.101883
2013-05-29,41.195,41.709999,40.970001,41.035,1190534,35.900669
2013-05-30,40.82,41.685001,40.790001,41.540001,644008,36.342484
2013-05-31,41.549999,41.549999,40.555,41.095001,1876239,35.953167
2013-06-03,40.705002,40.825001,40.145,40.360001,1115921,35.877602
2013-06-04,40.455002,40.595001,39.945,40.025002,875128,35.579807
2013-06-05,39.75,40.084999,39.630001,39.900002,818928,35.468685
2013-06-06,40.119999,40.215,39.695,39.75,927722,35.335346
2013-06-07,39.764999,39.990002,39.224998,39.685001,937721,35.277565
2013-06-10,39.860001,40.724998,39.685001,40.5,833714,36.002048
2013-06-11,40.285,40.5,39.764999,39.875,799321,35.446461
2013-06-12,39.794998,40.564999,39.794998,40.275002,541278,35.802048
2013-06-13,39.84,40.685001,39.705002,40.59,983523,36.082054
2013-06-14,40.705002,41.009998,40.540001,40.959999,1147501,36.410957
2013-06-17,41.25,41.790001,41.009998,41.48,816215,36.873207
2013-06-18,41.490002,41.490002,40.994999,41.244999,1010166,36.664307
2013-06-19,41.314999,41.41,40.669998,41.099998,881999,36.535412
2013-06-20,40.799999,40.98,39.610001,39.959999,1366047,35.522018
2013-06-21,40.07,40.605,39.619999,39.619999,1228312,35.21978
2013-06-24,39.595001,39.595001,38.48,38.825001,1040168,34.513077
2013-06-25,38.974998,39.634998,38.764999,39.634998,890528,35.233116
2013-06-26,39.584999,40.195,39.255001,40.044998,923864,35.597576
2013-06-27,39.985001,40.68,39.904999,40.544998,631959,36.042049
2013-06-28,40.814999,40.985001,40.09,40.125,1235610,35.668705
2013-07-01,40.215,40.755001,40.150002,40.544998,971435,36.042049
2013-07-02,40.509998,40.740002,40.224998,40.654999,718798,36.139835
2013-07-03,40.41,40.674999,40.145,40.57,902265,36.064274
2013-07-04,40.869999,41.785,40.674999,41.785,979530,37.144341
2013-07-05,41.790001,42.029999,41.294998,41.514999,1259775,36.904324
2013-07-08,41.810001,42.41,41.810001,42.224998,489519,37.535469
2013-07-09,42.490002,42.82,42.25,42.610001,894569,37.877712
2013-07-10,42.639999,42.855,42.174999,42.610001,610179,37.877712
2013-07-11,43.110001,43.275002,42.360001,42.799999,776216,38.046608
2013-07-12,42.735001,42.799999,42.279999,42.654999,744354,37.917709
2013-07-15,42.82,43.165001,42.764999,43.080002,544817,38.295517
2013-07-16,42.955002,43.075001,42.5,42.650002,529212,37.913269
2013-07-17,42.895,43.064999,42.235001,42.400002,804350,37.691036
2013-07-18,42.48,43.25,42.400002,43.25,711314,38.446632
2013-07-19,43.310001,43.349998,42.630001,43.275002,800603,38.468857
2013-07-22,43.310001,43.549999,43.049999,43.525002,439662,38.69109
2013-07-23,43.610001,43.689999,43.200001,43.200001,666989,38.402184
2013-07-24,42.990002,43.119999,42.529999,42.549999,920389,37.824375
2013-07-25,42.689999,43.150002,42.625,42.994999,754244,38.219955
2013-07-26,43.919998,44.880001,42.544998,43.220001,1030828,38.419964
2013-07-29,43.27,43.720001,43.185001,43.470001,453665,38.642197
2013-07-30,43.599998,43.919998,43.48,43.779999,616467,38.91777
2013-07-31,43.77,44.349998,43.77,44.139999,671973,39.237789
2013-08-01,44.235001,44.66,44.195,44.400002,646935,39.46891
2013-08-02,44.5,44.5,43.889999,44.27,471009,39.353355
2013-08-05,44.244999,44.299999,43.814999,43.82,428268,38.953331
2013-08-06,43.805,43.994999,43.209999,43.279999,718834,38.473301
2013-08-07,43.075001,43.23,42.845001,43.075001,679250,38.291069
2013-08-08,43.200001,43.66,42.950001,43.650002,595481,38.802212
2013-08-09,43.759998,43.82,43.305,43.400002,468244,38.579975
2013-08-12,43.505001,43.900002,42.91,43.055,366193,38.273293
2013-08-13,43.169998,43.299999,42.544998,42.695,613408,37.953274
2013-08-14,42.700001,43.200001,42.700001,42.990002,434959,38.215504
2013-08-15,42.93,43.18,42.509998,42.799999,395182,38.046608
2013-08-16,42.790001,42.959999,42.215,42.810001,661846,38.0555
2013-08-19,42.93,43.150002,42.700001,43.099998,509931,38.313297
2013-08-20,43,43.02,42.200001,42.494999,610073,37.77549
2013-08-21,42.555,43.57,42.490002,43.264999,761423,38.459965
2013-08-22,43.474998,43.845001,43.41,43.674999,580292,38.824432
2013-08-23,43.799999,43.970001,43.290001,43.84,361122,38.971104
2013-08-26,43.900002,43.91,43.23,43.610001,246996,38.766651
2013-08-27,43.610001,43.779999,42.799999,42.900002,512540,38.135506
2013-08-28,42.799999,42.990002,41.915001,42.209999,676777,37.522137
2013-08-29,42.305,42.735001,42.139999,42.494999,540458,37.77549
2013-08-30,42.529999,42.599998,41.755001,42.014999,472960,37.348789
2013-09-02,42.299999,42.860001,42.235001,42.759998,438621,38.011047
2013-09-03,42.974998,43.150002,42.305,42.845001,615868,38.086609
2013-09-04,42.84,42.959999,42.27,42.814999,514854,38.059944
2013-09-05,43.005001,43.325001,42.650002,43.075001,461524,38.291069
2013-09-06,43.009998,43.580002,42.904999,43.555,431457,38.717758
2013-09-09,43.470001,43.735001,43.279999,43.610001,376449,38.766651
2013-09-10,43.775002,44.299999,43.645,44.099998,491619,39.202232
2013-09-11,44.174999,44.619999,43.935001,44.049999,504376,39.157787
2013-09-12,44.044998,44.634998,43.27,43.5,827943,38.668869
2013-09-13,43.490002,43.849998,43.384998,43.740002,480848,38.882214
2013-09-16,44.244999,44.48,43.98,44.424999,586418,39.491138
2013-09-17,44.549999,44.790001,44.299999,44.380001,721757,39.451134
2013-09-18,44.5,44.935001,44.330002,44.549999,574589,39.602253
2013-09-19,44.935001,44.970001,44.645,44.799999,553065,39.82449
2013-09-20,44.715,45.540001,44.709999,45.209999,1278065,40.188946
2013-09-23,45.18,45.330002,43.625,43.73,1131068,38.873325
2013-09-24,43.900002,44.735001,43.900002,44.555,771634,39.606697
2013-09-25,44.509998,44.75,44.375,44.689999,625125,39.726707
2013-09-26,44.669998,45.095001,44.575001,44.904999,492134,39.917828
2013-09-27,44.950001,45.834999,44.915001,45.775002,854741,40.691208
2013-09-30,45.365002,45.535,44.84,45.535,865842,40.477863
2013-10-01,45.544998,46.689999,45.485001,46.25,819906,41.113453
2013-10-02,46.049999,46.299999,45.845001,46.224998,798582,41.091225
2013-10-03,46.169998,46.290001,45.470001,45.505001,490333,40.451191
2013-10-04,45.529999,46.125,45.450001,45.759998,519452,40.677872
2013-10-07,45.75,45.889999,45.110001,45.695,480324,40.620083
2013-10-08,45.790001,46.139999,45.535,45.75,470121,40.668987
2013-10-09,45.845001,45.845001,45.130001,45.23,502989,40.206734
2013-10-10,45.57,46.169998,45.494999,46,474668,40.891212
2013-10-11,46.200001,46.200001,45.709999,46.025002,379989,40.913441
2013-10-14,45.665001,45.950001,45.514999,45.950001,234410,40.846775
2013-10-15,46.110001,46.130001,45.450001,45.544998,493686,40.486752
2013-10-16,45.584999,45.825001,44.48,44.48,887098,39.540028
2013-10-17,45,45.040001,44.215,44.450001,595215,39.513359
2013-10-18,44.744999,45.665001,44.580002,45.665001,697731,40.593422
2013-10-21,45.955002,46.259998,45.57,46.049999,866739,40.935658
2013-10-22,46,46.700001,45.869999,46.630001,891648,41.451248
2013-10-23,46.380001,46.994999,46.294998,46.994999,714118,41.775715
2013-10-24,47,47.77,46.400002,47.014999,836480,41.793491
2013-10-25,47.014999,47.115002,46.68,46.865002,478073,41.660145
2013-10-28,46.91,47.035,46.595001,46.709999,390314,41.522366
2013-10-29,46.904999,47.355,46.900002,47.119999,403920,41.886829
2013-10-30,47.32,47.535,47.200001,47.435001,448281,42.166843
2013-10-31,47.325001,47.625,46.950001,47.075001,765932,41.846832
2013-11-01,47.355,47.355,46.805,47.035,458256,41.811264
2013-11-04,47,47.459999,46.950001,47.255001,345721,42.006836
2013-11-05,47.465,47.465,46.634998,46.915001,378023,41.70459
2013-11-06,46.884998,47.855,46.884998,47.525002,429828,42.246849
2013-11-07,47.630001,47.875,47.084999,47.465,565088,42.193516
2013-11-08,47.130001,47.459999,46.709999,47.400002,408570,42.135735
2013-11-11,47.404999,47.700001,47.195,47.650002,256442,42.357971
2013-11-12,47.709999,47.75,47.25,47.435001,303662,42.166843
2013-11-13,47.240002,47.560001,46.830002,47.34,369092,42.082394
2013-11-14,47.549999,48.185001,47.509998,48.035,553255,42.700211
2013-11-15,46.5,46.700001,45.939999,46.18,4734576,41.051228
2013-11-18,46.310001,46.724998,46.125,46.68,1729278,41.495693
2013-11-19,46.700001,46.764999,46.330002,46.435001,1068011,41.277901
2013-11-20,46.48,46.48,46.115002,46.299999,914158,41.157898
2013-11-21,46.220001,46.755001,46.009998,46.595001,1107106,41.420139
2013-11-22,46.764999,46.794998,46.355,46.700001,711985,41.51347
2013-11-25,47.395,47.400002,46.904999,47.400002,1569552,42.135735
2013-11-26,48,48.369999,47.465,48.150002,2164144,42.802441
2013-11-27,48.150002,48.724998,47.919998,48.645,878536,43.242466
2013-11-28,48.720001,48.884998,48.490002,48.785,383168,43.36692
2013-11-29,48.755001,48.810001,48.439999,48.455002,489303,43.073574
2013-12-02,48.91,49.154999,48.5,49.119999,787039,43.664711
2013-12-03,49.139999,49.215,47.889999,47.970001,749513,42.642433
2013-12-04,47.915001,48.345001,47.130001,47.485001,992043,42.211292
2013-12-05,47.645,47.799999,47.290001,47.325001,488317,42.069061
2013-12-06,47.564999,48.084999,47.490002,47.985001,727785,42.655758
2013-12-09,48.025002,48.715,47.860001,48.59,587786,43.193573
2013-12-10,48.5,48.5,47.575001,47.810001,568020,42.500195
2013-12-11,47.709999,48.529999,47.68,48.299999,606860,42.935783
2013-12-12,48.099998,48.564999,48,48.064999,512026,42.726871
2013-12-13,48.029999,48.424999,47.805,48.169998,674542,42.820217
2013-12-16,47.584999,49.02,47.544998,49,870538,43.996449
2013-12-17,49.025002,49.145,48.369999,48.369999,560393,43.430779
2013-12-18,48.599998,48.875,48.224998,48.84,519030,43.852783
2013-12-19,49.375,49.540001,48.884998,49.259998,688632,44.229897
2013-12-20,49.105,49.41,48.915001,49.205002,974272,44.180515
2013-12-23,49.389999,49.584999,49.220001,49.575001,444858,44.51273
2013-12-24,49.75,50.209999,49.75,49.834999,123010,44.746178
2013-12-27,50,50.490002,49.465,50.400002,474640,45.253487
2013-12-30,50.400002,50.689999,50.060001,50.189999,318911,45.06493
2013-12-31,50.189999,50.529999,50.18,50.509998,169779,45.352257
2014-01-02,50.509998,50.529999,50.080002,50.290001,559379,45.154724
2014-01-03,50.419998,51.490002,50.220001,51.200001,663774,45.971802
2014-01-06,51.650002,52.240002,51.43,51.59,748410,46.321972
2014-01-07,51.889999,52.150002,51.259998,51.360001,519405,46.115463
2014-01-08,51.360001,51.470001,50.799999,51.130001,595787,45.908947
2014-01-09,51.290001,51.459999,50.84,51.099998,620059,45.882004
2014-01-10,51.470001,51.630001,51.130001,51.5,639075,46.241161
2014-01-13,51.5,51.700001,51.040001,51.529999,640871,46.268101
2014-01-14,51.900002,52.459999,51.630001,52.459999,654475,47.10313
2014-01-15,53.200001,53.68,52.889999,53.610001,880278,48.135708
2014-01-16,53.5,53.77,53.099998,53.25,666141,47.812462
2014-01-17,53.299999,53.59,52.900002,53.389999,688457,47.938175
2014-01-20,53.299999,53.84,53.200001,53.450001,395171,47.992046
2014-01-21,53.52,54.48,53.509998,53.73,743730,48.24345
2014-01-22,53.830002,54.299999,53.740002,54.18,641881,48.647499
2014-01-23,54.169998,54.490002,53.310001,53.540001,590078,48.072849
2014-01-24,53.639999,53.91,52.139999,52.25,856752,46.914581
2014-01-27,52.07,52.48,51.349998,52.279999,887190,46.941509
2014-01-28,52.66,53.790001,52.459999,53.599998,674883,48.126728
2014-01-29,54.07,54.560001,52.490002,52.990002,917176,47.579014
2014-01-30,52.82,52.970001,52.060001,52.93,531045,47.525143
2014-01-31,52.93,52.93,51.639999,52.759998,825863,47.372501
2014-02-03,52.799999,53.369999,52.540001,52.779999,676741,47.390453
2014-02-04,52.23,52.470001,52,52.139999,737219,46.815811
2014-02-05,52.209999,52.529999,51.849998,52.25,715962,46.914581
2014-02-06,52.59,52.939999,52.32,52.900002,846977,47.498203
2014-02-07,52.889999,53.970001,52.759998,53.720001,705865,48.234474
2014-02-10,53.73,54,53.119999,53.27,585474,47.830429
2014-02-11,53.619999,54.139999,53.490002,53.950001,733948,48.440987
2014-02-12,53.970001,54.290001,53.59,53.66,713161,48.180599
2014-02-13,53.389999,53.599998,52.880001,53.59,926718,48.117748
2014-02-14,53.700001,54.43,53.57,54.41,753512,48.854012
2014-02-17,54.389999,54.59,54.119999,54.27,394969,48.72831
2014-02-18,54.419998,54.470001,53.650002,53.810001,803885,48.315289
2014-02-19,53.66,54.349998,52.799999,53.509998,1226835,48.045918
2014-02-20,52.369999,52.919998,51.25,52.43,1644644,47.076199
2014-02-21,52.150002,52.560001,51.830002,52,1321760,46.690113
2014-02-24,52,52.119999,50.720001,50.93,1554939,45.729366
2014-02-25,51.009998,51.200001,50.509998,50.700001,929734,45.522858
2014-02-26,50.740002,50.849998,49.395,49.540001,1462881,44.481308
2014-02-27,49.605,50.040001,49.314999,49.865002,988788,44.773121
2014-02-28,50.110001,51.040001,50.09,51.009998,1511398,45.801201
2014-03-03,50.599998,50.849998,50.330002,50.509998,1137484,45.352257
2014-03-04,50.91,51.43,50.880001,51.130001,853941,45.908947
2014-03-05,50.950001,51.02,49.950001,50,1191439,44.894341
2014-03-06,50.09,50.259998,49.665001,49.740002,1343329,44.660881
2014-03-07,49.965,50.34,49.049999,49.200001,1038588,44.176022
2014-03-10,49.099998,49.16,47.77,48.205002,1461038,43.282623
2014-03-11,48.27,48.669998,48.115002,48.235001,1123970,43.30957
2014-03-12,48.084999,48.130001,46.965,47.380001,1485512,42.541874
2014-03-13,47.584999,47.665001,46.994999,47,1454045,42.200676
2014-03-14,46.810001,47.244999,46.75,46.834999,1745381,42.052525
2014-03-17,46.900002,48.099998,46.830002,47.955002,979605,43.058159
2014-03-18,48,48.880001,47.564999,48.325001,1235371,43.390377
2014-03-19,48.560001,49.450001,48.330002,49.084999,1195397,44.072762
2014-03-20,48.919998,49.985001,48.799999,49.965,1171319,44.862907
2014-03-21,50.099998,50.830002,50.02,50.369999,1221835,45.226551
2014-03-24,50.439999,50.68,50.049999,50.200001,849531,45.073914
2014-03-25,50.189999,51.07,50.060001,50.73,908044,45.549793
2014-03-26,50.830002,51.139999,50.27,50.330002,1071019,45.190643
2014-03-27,50.369999,50.720001,50.07,50.310001,657902,45.172676
2014-03-28,50.34,50.799999,50.099998,50.189999,624944,45.06493
2014-03-31,50.5,50.75,50.189999,50.290001,695096,45.154724
2014-04-01,50.619999,50.810001,50.369999,50.529999,472895,45.370213
2014-04-02,50.740002,50.880001,49.939999,49.965,672159,44.862907
2014-04-03,50.209999,51.310001,50.16,51.16,944098,45.935879
2014-04-04,51.279999,51.709999,51.130001,51.59,595291,46.321972
2014-04-07,51.119999,51.259998,49.974998,50.049999,972131,44.939232
2014-04-08,50.16,50.310001,48.305,48.34,1604683,43.403839
2014-04-09,48.564999,49.055,48.514999,48.814999,646538,43.83033
2014-04-10,48.900002,49.415001,48.82,49.209999,952425,44.185001
2014-04-11,48.849998,48.939999,47.77,48.450001,1085530,43.502609
2014-04-14,48.099998,48.369999,47.125,47.764999,888570,42.887554
2014-04-15,47.794998,48.195,47.380001,47.48,583035,42.631653
2014-04-16,47.779999,49,47.759998,49,801365,43.996449
2014-04-17,49,50,48.525002,49.66,948878,44.589046
2014-04-22,49.724998,50.119999,49.485001,49.779999,744087,44.696796
2014-04-23,49.110001,49.290001,47.900002,47.959999,1515738,43.062637
2014-04-24,48.009998,48.654999,47.705002,48.044998,1056286,43.138966
2014-04-25,48.049999,48.5,47.700001,47.919998,941628,43.026726
2014-04-28,48.200001,48.23,47.540001,47.799999,607280,42.918987
2014-04-29,47.900002,48.035,46.84,47.490002,1150532,42.64064
2014-04-30,47.490002,48.490002,47.490002,48.445,1111865,43.498119
2014-05-01,48.445,48.445,48.445,48.445,0,43.498119
2014-05-02,48.615002,48.669998,47.880001,48.075001,653595,43.165897
2014-05-05,48.130001,48.200001,47.540001,47.900002,732108,43.00877
2014-05-06,48.014999,48.200001,47.450001,47.5,599568,42.649612
2014-05-07,47.244999,47.369999,46.599998,47.009998,1174779,42.209656
2014-05-08,46.709999,47.244999,46.494999,47.23,1465135,42.407192
2014-05-09,47.02,47.75,47.02,47.634998,644873,42.770828
2014-05-12,47.75,48.044998,47.685001,47.990002,689453,43.089581
2014-05-13,48.110001,48.830002,48.110001,48.639999,1327655,43.673203
2014-05-14,48.700001,48.790001,48.509998,48.700001,594511,43.727085
2014-05-15,48.599998,48.720001,47.66,47.805,710570,42.923466
2014-05-16,47.950001,48.02,46.84,47.154999,779536,42.339844
2014-05-19,46.834999,47.610001,46.799999,47.459999,719354,42.613705
2014-05-20,47.490002,47.580002,47.235001,47.314999,834380,42.483513
2014-05-21,47.235001,47.834999,47.064999,47.720001,731716,42.847149
2014-05-22,47.689999,47.785,47,47.445,742959,42.600231
2014-05-23,47.584999,48.34,47.584999,48.189999,634316,43.269161
2014-05-26,48.360001,48.77,48.349998,48.73,473195,43.754013
2014-05-27,48.785,49.59,48.73,49.380001,833401,44.337646
2014-05-28,49.389999,49.779999,49.334999,49.669998,602385,44.598026
2014-05-29,48.990002,49.52,48.970001,49.505001,436623,45.030094
2014-05-30,49.415001,49.860001,49.09,49.785,929686,45.284782
2014-06-02,49.990002,50.279999,49.84,50,489897,45.480358
2014-06-03,50,50.099998,49.445,49.764999,536315,45.266586
2014-06-04,49.75,49.880001,49.139999,49.634998,622631,45.148342
2014-06-05,49.724998,50.619999,49.599998,50.580002,725657,46.007919
2014-06-06,50.48,51.290001,50.369999,51.259998,681293,46.62645
2014-06-09,51.259998,51.290001,50.529999,50.630001,453781,46.053402
2014-06-10,50.619999,50.790001,50.509998,50.68,689595,46.098892
2014-06-11,50.200001,50.290001,49.555,49.790001,878890,45.28933
2014-06-12,49.599998,50.040001,49.525002,49.880001,562984,45.371201
2014-06-13,49.919998,49.919998,48.880001,49.119999,656189,44.679897
2014-06-16,49.035,49.424999,48.814999,48.880001,447022,44.461594
2014-06-17,49.279999,49.625,49.150002,49.494999,613819,45.020996
2014-06-18,49.825001,50.150002,49.110001,49.345001,536666,44.884556
2014-06-19,49.799999,49.849998,49.125,49.32,654491,44.861816
2014-06-20,49.220001,49.424999,49.099998,49.134998,1195517,44.693542
2014-06-23,49.025002,49.080002,47.810001,48.134998,1244547,43.783924
2014-06-24,48.299999,48.560001,47.205002,47.599998,1410463,43.297291
2014-06-25,47.450001,47.75,47.075001,47.415001,1330062,43.129009
2014-06-26,47.5,47.630001,47.16,47.560001,769278,43.26091
2014-06-27,47.560001,48.709999,47.259998,48.505001,1186986,44.120495
2014-06-30,48.529999,48.57,47.439999,47.814999,1006918,43.492859
2014-07-01,47.799999,48.02,47.709999,47.849998,683694,43.524696
2014-07-02,47.735001,47.849998,46.805,46.91,1173270,42.669662
2014-07-03,47.005001,47.330002,46.915001,47.330002,870976,43.051704
2014-07-04,47.330002,47.73,47.27,47.5,381761,43.206329
2014-07-07,47.380001,47.389999,46.5,46.540001,837543,42.333111
2014-07-08,46.720001,46.825001,46.110001,46.174999,917397,42.001099
2014-07-09,45.709999,46,44.605,45.314999,1987938,41.218842
2014-07-10,45.314999,46.119999,44.990002,46,1269164,41.841923
2014-07-11,46,46.884998,45.935001,46.869999,1007603,42.633282
2014-07-14,47,47.169998,46.75,46.945,784664,42.701496
2014-07-15,46.775002,46.990002,46.445,46.445,646616,42.246693
2014-07-16,46.389999,46.689999,46.044998,46.424999,1023401,42.228504
2014-07-17,46.299999,46.389999,45.825001,46.125,811813,41.955624
2014-07-18,45.779999,46.150002,45.759998,46.055,737803,41.891949
2014-07-21,46,46.220001,45.955002,45.990002,464675,41.832829
2014-07-22,46.060001,46.16,45.755001,45.794998,753144,41.655457
2014-07-23,45.689999,46.404999,45.630001,46.014999,623645,41.855568
2014-07-24,46.07,46.5,45.724998,46.259998,490684,42.078415
2014-07-25,46.16,46.174999,44.939999,45.645,1037633,41.519016
2014-07-28,45.755001,45.810001,45.205002,45.299999,635087,41.205193
2014-07-29,45.415001,45.630001,44.985001,44.994999,551665,40.927765
2014-07-30,45.040001,45.369999,44.834999,44.889999,740022,40.832253
2014-07-31,45.490002,46.275002,43.779999,43.895,1590906,39.9272
2014-08-01,43.959999,44.125,43.240002,43.919998,1608218,39.949936
2014-08-04,44.099998,44.490002,43.849998,44.095001,1094935,40.109119
2014-08-05,44.294998,44.639999,43.884998,44.584999,889158,40.554825
2014-08-06,44.345001,44.575001,44.130001,44.505001,802725,40.482056
2014-08-07,44.52,44.52,44.095001,44.169998,718643,40.177334
2014-08-08,43.810001,44.224998,43.514999,44.220001,1006980,40.222824
2014-08-11,44.334999,45.549999,44.294998,45.494999,848969,41.382568
2014-08-12,45.439999,45.615002,45.185001,45.389999,617416,41.287056
2014-08-13,45.48,46.224998,45.389999,46.150002,880425,41.978363
2014-08-14,46.150002,46.880001,45.895,46.764999,757041,42.537773
2014-08-15,46.799999,47.145,46.244999,46.32,659982,42.132988
2014-08-18,46.700001,47.325001,46.700001,47.259998,518892,42.988022
2014-08-19,47.32,47.580002,47.134998,47.325001,480854,43.047146
2014-08-20,47.325001,47.334999,46.82,46.994999,601854,42.746979
2014-08-21,46.994999,47.450001,46.810001,47.43,380003,43.142658
2014-08-22,47.43,48,47.294998,47.580002,585508,43.279106
2014-08-25,47.84,49.299999,47.825001,49.185001,674878,44.739029
2014-08-26,49.185001,49.5,48.735001,49.294998,1151885,44.839073
2014-08-27,49.27,49.625,48.955002,49.455002,456329,44.984615
2014-08-28,49.400002,49.77,49.224998,49.5,640489,45.025543
2014-08-29,49.514999,49.884998,49.299999,49.884998,651744,45.375744
2014-09-01,50.009998,50.549999,49.75,49.875,557783,45.36665
2014-09-02,49.875,50.060001,49.810001,49.82,692456,45.316628
2014-09-03,49.834999,50.119999,49.799999,49.98,725379,45.462154
2014-09-04,49.799999,50.869999,49.764999,50.849998,792364,46.253513
2014-09-05,50.900002,51.950001,50.790001,51.700001,1519146,47.02668
2014-09-08,51.650002,51.709999,51.130001,51.200001,674700,46.57188
2014-09-09,51.259998,51.619999,51.119999,51.169998,686748,46.544586
2014-09-10,51.119999,51.360001,50.68,51.220001,524041,46.590069
2014-09-11,51.32,51.540001,50.77,51.110001,404688,46.490005
2014-09-12,51.150002,51.5,50.810001,51.5,542578,46.844757
2014-09-15,51.450001,51.939999,51.310001,51.799999,623820,47.117641
2014-09-16,51.689999,51.700001,50.77,50.919998,801356,46.317196
2014-09-17,51.150002,51.189999,50.740002,51.040001,623260,46.426342
2014-09-18,51.029999,51.740002,51,51.459999,1044051,46.808376
2014-09-19,51.700001,51.75,50.779999,50.869999,1865627,46.271702
2014-09-22,50.849998,50.98,50.540001,50.650002,708579,46.071594
2014-09-23,50.709999,50.919998,50,50,974167,45.480358
2014-09-24,50.07,50.07,49.369999,49.955002,841166,45.439419
2014-09-25,49.830002,50.639999,49.68,49.720001,740028,45.225658
2014-09-26,49.66,50.66,49.165001,50.52,773094,45.953346
2014-09-29,50.490002,50.66,49.91,50.25,528010,45.707748
2014-09-30,50.41,51.650002,50.169998,51.380001,988005,46.735603
2014-10-01,51.299999,51.700001,50.68,50.759998,786907,46.171646
2014-10-02,50.5,50.540001,49.34,49.34,824506,44.880013
2014-10-03,49.470001,50.299999,49.365002,49.98,588361,45.462154
2014-10-06,50.139999,50.139999,49.740002,49.759998,589393,45.262043
2014-10-07,49.775002,49.775002,48.439999,48.505001,927354,44.120495
2014-10-08,48.334999,48.439999,47.889999,48.09,667910,43.743004
2014-10-09,48.650002,48.880001,47.439999,47.66,861818,43.351868
2014-10-10,47.25,47.695,46.48,47.360001,1158556,43.078987
2014-10-13,46.830002,47.599998,46.625,47.115002,933299,42.856136
2014-10-14,46.735001,47.064999,46.119999,46.919998,826616,42.678761
2014-10-15,46.794998,47.134998,45.424999,45.474998,1292766,41.364372
2014-10-16,45.560001,45.674999,43.654999,44.544998,1990605,40.51844
2014-10-17,44.439999,45.584999,43.904999,45.5,1613550,41.387123
2014-10-20,45.48,45.560001,44.900002,45.060001,814478,40.986893
2014-10-21,44.955002,46.290001,44.755001,46.264999,1425278,42.08297
2014-10-22,46.255001,46.639999,46.215,46.529999,1057463,42.324009
2014-10-23,47.25,48.959999,47.150002,48.845001,1853599,44.429752
2014-10-24,48.700001,48.700001,47.895,48.014999,928365,43.674778
2014-10-27,48.215,48.215,47.41,47.669998,691557,43.360966
2014-10-28,48.005001,49,47.945,48.900002,971782,44.479786
2014-10-29,49.07,50.130001,49.040001,49.615002,961759,45.13015
2014-10-30,49.705002,49.945,49.02,49.91,980335,45.398483
2014-10-31,50.380001,50.860001,50.25,50.5,987344,45.935154
2014-11-03,50.57,51.029999,50.259998,50.27,611068,45.725945
2014-11-04,50.259998,50.490002,49.619999,49.735001,782766,45.239307
2014-11-05,50.130001,50.59,50.040001,50.400002,709099,45.844193
2014-11-06,50.099998,51.389999,50.099998,51.310001,1047080,46.671936
2014-11-07,51.299999,51.459999,50.91,51.07,568727,46.453629
2014-11-10,51,51.490002,50.799999,51.48,560145,46.826569
2014-11-11,51.48,51.98,51.400002,51.93,431855,47.235893
2014-11-12,51.849998,51.93,51.360001,51.380001,792218,46.735603
2014-11-13,51.509998,51.799999,51.139999,51.57,483199,46.908432
2014-11-14,51.669998,52.099998,51.560001,52,866855,47.299568
2014-11-17,51.450001,52.139999,51.389999,51.91,518649,47.217701
2014-11-18,51.790001,52.049999,51.57,51.900002,637950,47.208607
2014-11-19,51.73,51.799999,51.049999,51.150002,766276,46.526398
2014-11-20,51,51.439999,50.580002,50.91,709306,46.30809
2014-11-21,51.040001,51.900002,51,51.709999,806562,47.035778
2014-11-24,51.700001,51.98,51.400002,51.68,621552,47.008492
2014-11-25,51.709999,52.59,51.709999,52.560001,717091,47.808945
2014-11-26,52.560001,52.560001,51.950001,51.959999,528820,47.26318
2014-11-27,51.950001,52.310001,51.830002,51.91,511384,47.217701
2014-11-28,51.93,52.099998,51.73,52.029999,489037,47.326851
2014-12-01,51.900002,52.43,51.849998,52.34,508749,47.608829
2014-12-02,52.490002,52.59,52.189999,52.419998,456581,47.681599
2014-12-03,52.299999,52.790001,52.299999,52.68,518646,47.918098
2014-12-04,52.700001,53.119999,52.450001,52.84,835457,48.063633
2014-12-05,53.189999,53.619999,53.150002,53.540001,560812,48.700356
2014-12-08,53.32,53.709999,53.23,53.23,566672,48.418381
2014-12-09,52.68,52.93,52.009998,52.09,472419,47.381424
2014-12-10,52.220001,52.77,51.349998,51.349998,865398,46.708313
2014-12-11,51.349998,51.599998,50.52,50.52,725999,45.953346
2014-12-12,50.259998,50.259998,49.060001,49.095001,1150946,44.657158
2014-12-15,49.23,49.32,48.825001,48.834999,1139089,44.420658
2014-12-16,48.865002,49.044998,47.75,49.025002,1796102,44.593487
2014-12-17,48.529999,49.130001,48.195,48.895,979633,44.475239
2014-12-18,49.625,49.849998,49.080002,49.685001,1298927,45.193825
2014-12-19,49.639999,50.119999,49.435001,49.974998,1274340,45.9758
2014-12-22,50,50.490002,49.845001,50.32,545036,46.293194
2014-12-23,50.369999,50.810001,50.25,50.810001,382269,46.743984
2014-12-24,50.82,50.93,50.77,50.91,98327,46.835983
2014-12-29,50.91,51,50.490002,50.970001,433884,46.891174
2014-12-30,50.869999,51.02,50.419998,50.419998,288978,46.385193
2014-12-31,50.400002,51.25,50.400002,51.25,230297,47.148773
2015-01-02,51.639999,51.639999,50.689999,51.049999,371455,46.964779
2015-01-05,50.700001,52.169998,50.700001,50.950001,743160,46.87278
2015-01-06,51,51.720001,50.619999,51.299999,769752,47.194771
2015-01-07,51.540001,52.290001,50.869999,52.16,739959,47.985947
2015-01-08,52.889999,53.919998,52.310001,53.720001,1361972,49.421116
2015-01-09,53.580002,54.599998,53.57,53.970001,1248616,49.651108
2015-01-12,54.32,54.919998,53.919998,54.009998,971758,49.687908
2015-01-13,53.869999,54.470001,53.669998,54.209999,961940,49.871899
2015-01-14,53.709999,54.540001,53.669998,53.950001,715742,49.63271
2015-01-15,54.209999,54.919998,53.509998,54.849998,1141198,50.460686
2015-01-16,54.509998,55.43,54.509998,55.200001,1348727,50.782677
2015-01-19,55.529999,56.330002,55.330002,56.169998,1146351,51.675056
2015-01-20,56.049999,56.41,55.669998,55.740002,893356,51.279461
2015-01-21,55.740002,55.849998,55.029999,55.48,1218883,51.040268
2015-01-22,55.5,56.970001,55.299999,56.689999,1682148,52.153439
2015-01-23,56.990002,59.709999,56.689999,59.439999,2218557,54.683376
2015-01-26,59.040001,59.709999,59,59.27,825594,54.526978
2015-01-27,59.470001,59.950001,58.900002,59.09,969824,54.361385
2015-01-28,59.509998,59.720001,58.880001,59.290001,677781,54.545376
2015-01-29,59.02,59.779999,59,59.740002,624526,54.959373
2015-01-30,59.950001,60,59.02,59.189999,950010,54.453384
2015-02-02,59.450001,59.830002,58.619999,58.93,627631,54.214184
2015-02-03,58.950001,59.68,58.790001,59.080002,722392,54.352184
2015-02-04,58.970001,59.91,58.830002,59.91,678542,55.115765
2015-02-05,59.540001,60.650002,59.509998,60.57,840453,55.72295
2015-02-06,60.400002,60.529999,60.060001,60.360001,463332,55.529751
2015-02-09,60.240002,60.34,58.900002,59.18,729032,54.444187
2015-02-10,59.450001,60.75,59.450001,60.529999,718663,55.68615
2015-02-11,60.23,60.77,59.990002,60.299999,697651,55.474552
2015-02-12,60.139999,60.950001,60.110001,60.77,512118,55.906944
2015-02-13,60.700001,61.07,60.240002,60.459999,607241,55.62175
2015-02-16,60.459999,61.060001,60.459999,60.810001,482545,55.943745
2015-02-17,60.5,61.16,60.209999,60.509998,630909,55.667744
2015-02-18,60.599998,61.27,60.25,61.200001,659811,56.302536
2015-02-19,61.040001,61.240002,60.650002,61.200001,990611,56.302536
2015-02-20,61.099998,61.73,61.02,61.630001,893023,56.698124
2015-02-23,61.950001,62.119999,61.66,61.689999,663204,56.753319
2015-02-24,61.700001,61.810001,60.369999,60.919998,783472,56.044937
2015-02-25,61.5,63.5,61.200001,63.029999,1466332,57.986084
2015-02-26,63.099998,63.290001,62.52,62.52,1011915,57.516899
2015-02-27,62.599998,62.98,62.52,62.900002,1018730,57.866493
2015-03-02,63.290001,63.93,63.200001,63.759998,809736,58.657669
2015-03-03,62.75,63.66,62.580002,63,2153008,57.958492
2015-03-04,63.029999,63.84,63.02,63.77,938107,58.66687
2015-03-05,63.959999,65.75,63.77,65.669998,1168293,60.414829
2015-03-06,65.559998,66.68,65.309998,65.629997,1817271,60.378021
2015-03-09,65.650002,65.989998,64.940002,65.839996,929492,60.571217
2015-03-10,66.199997,66.900002,65.900002,66.080002,766733,60.792015
2015-03-11,66.239998,68.080002,66.07,67.75,1064442,62.328377
2015-03-12,68,68.150002,66.720001,66.800003,1153129,61.454403
2015-03-13,67.07,67.18,66.269997,66.57,922139,61.242802
2015-03-16,66.860001,68.169998,66.709999,68.050003,861980,62.604366
2015-03-17,68.050003,68.470001,65.889999,66.599998,1103534,61.270397
2015-03-18,67.080002,67.82,65.940002,66.199997,925800,60.902416
2015-03-19,65.309998,66.239998,65.059998,66.18,811150,60.88401
2015-03-20,65.589996,66,64.989998,65.540001,1737528,60.295231
2015-03-23,65.510002,65.980003,65.019997,65.139999,1029602,59.927238
2015-03-24,65,66.110001,64.580002,65.389999,1365264,60.157227
2015-03-25,65,65.57,64.330002,64.379997,917806,59.228058
2015-03-26,64.199997,64.660004,62.77,64.260002,1263728,59.117661
2015-03-27,64.449997,65.129997,64.059998,64.150002,875746,59.016464
2015-03-30,64.379997,65.260002,64.339996,64.959999,537342,59.761639
2015-03-31,64.690002,65.620003,64.669998,65,1462508,59.798443
2015-04-01,64.93,66.330002,64.870003,65.650002,1131819,60.396427
2015-04-02,65.589996,66.059998,65.459999,65.949997,575328,60.672424
2015-04-07,65.889999,66.739998,65,66.209999,983435,60.911613
2015-04-08,66.5,66.650002,65.970001,66.220001,651564,60.920811
2015-04-09,66.290001,66.910004,66.220001,66.879997,591563,61.527996
2015-04-10,67,68.150002,66.800003,68.150002,784324,62.696373
2015-04-13,68.290001,68.559998,67.589996,68.269997,523775,62.806763
2015-04-14,67.730003,68.019997,67.300003,67.639999,1090743,62.227177
2015-04-15,67.910004,68.620003,67.879997,68.239998,600852,62.779156
2015-04-16,68.019997,68.639999,67.739998,67.889999,562075,62.457172
2015-04-17,67.910004,68.389999,66.959999,67.209999,968481,61.831589
2015-04-20,67.300003,68.059998,67.239998,67.559998,492890,62.15358
2015-04-21,67.889999,69.290001,67.839996,68.980003,995542,63.459946
2015-04-22,70.559998,70.720001,68.57,70,946120,64.398323
2015-04-23,70.040001,70.330002,68.790001,69.110001,883655,63.57954
2015-04-24,69.110001,69.5,67.790001,68.830002,828946,63.321945
2015-04-27,68.290001,68.75,67.239998,68.279999,973847,63.405525
2015-04-28,68.389999,68.410004,67.400002,68.029999,1044810,63.173367
2015-04-29,68,68.480003,65.220001,65.230003,1053162,60.573273
2015-04-30,65.110001,65.970001,64.089996,65.25,1257522,60.591835
2015-05-04,65.730003,65.75,64.699997,65.150002,711855,60.498974
2015-05-05,65.120003,66.209999,63.939999,63.98,856095,59.412498
2015-05-06,63.98,64.720001,63.549999,63.91,1001188,59.347496
2015-05-07,63.869999,65.220001,62.560001,65.089996,1183680,60.443256
2015-05-08,65.699997,67.589996,65.470001,67.25,898799,62.449055
2015-05-11,66.730003,67.169998,66.029999,66.550003,652285,61.799034
2015-05-12,66.330002,66.410004,64.599998,65,944631,60.359684
2015-05-13,65.440002,65.949997,63.57,63.77,1002480,59.217491
2015-05-14,63.639999,64.389999,62.919998,64.25,894956,59.663223
2015-05-15,64.68,65,63.540001,63.720001,790980,59.171062
2015-05-18,63.990002,64.290001,62.939999,64.150002,667875,59.570366
2015-05-19,64.230003,65.529999,64.169998,65.120003,1097686,60.471119
2015-05-20,65.470001,65.910004,65.040001,65.589996,839588,60.907555
2015-05-21,65.510002,66,65.029999,65.940002,575413,61.232582
2015-05-22,65.970001,66.279999,65.510002,66.050003,530747,61.334721
2015-05-25,66.25,66.25,65.800003,65.959999,126011,61.251148
2015-05-26,66.169998,66.860001,65.910004,66.029999,737909,61.316151
2015-05-27,66.449997,67.410004,66.129997,67.209999,714260,62.411907
2015-05-28,67.07,67.129997,66.279999,66.730003,527711,61.966187
2015-05-29,66.459999,66.540001,64.379997,64.410004,1232009,59.811806
2015-06-01,64.589996,65.290001,64.139999,64.919998,675348,60.285397
2015-06-02,65.129997,65.129997,63.779999,64.400002,960645,59.802517
2015-06-03,64.5,64.5,63.560001,63.650002,1208623,59.10606
2015-06-04,63.389999,63.77,62.009998,63.119999,909818,58.613895
2015-06-05,62.700001,62.700001,60.990002,61.720001,1345101,57.313839
2015-06-08,61.860001,62.040001,60.84,61.23,620957,56.858818
2015-06-09,61.25,61.700001,60.389999,61.049999,1106475,56.691669
2015-06-10,60.75,62.150002,59.98,61.860001,1201480,57.443844
2015-06-11,61.93,62.720001,61.639999,62.040001,905538,57.610996
2015-06-12,61.720001,62.200001,61.060001,61.630001,978938,57.230263
2015-06-15,61.110001,61.549999,60.610001,60.91,1010314,56.561661
2015-06-16,60.279999,61.369999,59.720001,61.209999,1073878,56.840252
2015-06-17,61.349998,61.599998,60.360001,60.650002,895094,56.320225
2015-06-18,60.529999,61.259998,59.759998,61.119999,1143425,56.756676
2015-06-19,61.43,62.48,61.32,62.240002,1981906,57.796726
2015-06-22,63.279999,63.689999,62.779999,63.209999,1267546,58.697472
2015-06-23,63.700001,64.25,63.59,64.029999,971123,59.458927
2015-06-24,64.139999,64.370003,63.25,63.57,1199562,59.031765
2015-06-25,63.259998,64.160004,63.119999,63.490002,1257554,58.957485
2015-06-26,63.349998,63.849998,62.889999,63.509998,626548,58.976051
2015-06-29,60.900002,62.299999,60.490002,61.630001,952383,57.230263
2015-06-30,61.700001,61.93,60.790001,60.790001,1702503,56.45023
2015-07-01,61.310001,62.57,60.98,62.130001,1278315,57.694569
2015-07-02,62.299999,62.34,61,61,781924,56.645237
2015-07-03,60.91,61.240002,60.450001,61,672060,56.645237
2015-07-06,59.799999,60.619999,59.439999,60.299999,790724,55.995209
2015-07-07,60.389999,60.610001,58.950001,58.950001,922747,54.741589
2015-07-08,59.110001,60.450001,58.939999,60.119999,921662,55.828064
2015-07-09,60.450001,61.25,60.27,60.880001,717880,56.53381
2015-07-10,62.450001,62.869999,61.720001,62.740002,833459,58.261024
2015-07-13,63.439999,63.849998,63.119999,63.599998,776559,59.059628
2015-07-14,63.779999,64.949997,63.66,64.900002,1029666,60.266827
2015-07-15,65.029999,65.989998,64.860001,65.559998,760054,60.8797
2015-07-16,66,66.230003,65.690002,66.07,1030079,61.353298
2015-07-17,66.269997,66.300003,65.910004,66,841134,61.288288
2015-07-20,66.129997,66.690002,65.620003,65.779999,641919,61.084003
2015-07-21,65.809998,66.169998,64.620003,64.730003,703310,60.108959
2015-07-22,64.339996,64.5,62.919998,63.27,1072044,58.753189
2015-07-23,63.599998,63.799999,62.650002,62.84,866122,58.353886
2015-07-24,62.799999,63.549999,62.549999,62.599998,765314,58.13102
2015-07-27,62.5,62.759998,59.709999,59.939999,2035324,55.660915
2015-07-28,60.02,61.400002,60.02,60.98,818430,56.626663
2015-07-29,61.150002,61.490002,60.700001,61.349998,832320,56.970257
2015-07-30,65.220001,67.559998,64.900002,67.510002,2564642,62.690491
2015-07-31,67.199997,68.959999,67.199997,68.860001,1321590,63.944111
2015-08-03,68.93,70.410004,68.860001,69.75,979460,64.770584
2015-08-04,70,70,69.150002,69.949997,803549,64.956299
2015-08-05,70,70.25,69.489998,69.949997,915812,64.956299
2015-08-06,70,70.860001,69.720001,70.459999,842629,65.429901
2015-08-07,70.459999,70.669998,69.830002,70,630623,65.002739
2015-08-10,70.5,70.849998,70.080002,70.620003,611919,65.578484
2015-08-11,70.68,70.68,69.470001,69.620003,846898,64.649864
2015-08-12,69.269997,69.360001,67.699997,67.949997,1476329,63.099079
2015-08-13,68.870003,69.239998,68.339996,69.239998,931272,64.296989
2015-08-14,69.199997,71,69,70.879997,1113154,65.819901
2015-08-17,71.099998,71.349998,69.800003,70.349998,733661,65.327744
2015-08-18,70,71.339996,69.910004,71.07,605464,65.996346
2015-08-19,70.610001,70.769997,69.739998,69.900002,897744,64.909874
2015-08-20,69.599998,69.809998,67.779999,68.080002,639052,63.219803
2015-08-21,66.720001,68.110001,65.779999,65.779999,1033492,61.084003
2015-08-24,64.139999,64.239998,60.189999,63.330002,2609156,58.808903
2015-08-25,64.169998,66.75,64.059998,65,2036023,60.359684
2015-08-26,64.400002,66.519997,63.759998,64.580002,1874939,59.969669
2015-08-27,66.110001,67.839996,65.830002,67.260002,1564187,62.45834
2015-08-28,67.360001,67.900002,65.480003,67.150002,1352116,62.356194
2015-08-31,66.82,69.769997,66.699997,69.620003,1844768,64.649864
2015-09-01,68.800003,69.800003,66.610001,68,1874346,63.145504
2015-09-02,68.25,68.860001,66.75,66.860001,1753782,62.086906
2015-09-03,67.510002,68.860001,66.949997,68.290001,1500324,63.414822
2015-09-04,67.5,67.900002,66.260002,66.639999,1318119,61.882607
2015-09-07,67.269997,67.400002,66.410004,66.5,638007,61.75259
2015-09-08,66.699997,67.959999,66.400002,66.690002,1422425,61.929043
2015-09-09,68,68.010002,67.360001,67.389999,1217656,62.57906
2015-09-10,67.029999,67.739998,66.419998,66.949997,1062825,62.170471
2015-09-11,67.239998,67.349998,65.760002,66.879997,894554,62.105469
2015-09-14,67.059998,67.720001,66.620003,66.849998,975738,62.077606
2015-09-15,67.529999,68.5,66.860001,68.370003,1259559,63.489101
2015-09-16,68.589996,69.480003,67.870003,69.290001,1367341,64.343422
2015-09-17,69.330002,71.059998,68.910004,70.260002,1720886,65.244171
2015-09-18,69.699997,71.010002,68.410004,69.599998,21750805,64.631287
2015-09-21,69.25,70.32,69.190002,69.629997,2051802,64.659149
2015-09-22,69.580002,69.75,67.669998,68.129997,1732993,63.266232
2015-09-23,68.129997,68.540001,67.550003,68.089996,1602297,63.229076
2015-09-24,67.919998,68.010002,65.440002,65.949997,2178131,61.241863
2015-09-25,67.099998,68.779999,66.620003,67.980003,1800595,63.126945
2015-09-28,67.68,68.110001,66.870003,67.510002,1877960,62.690491
2015-09-29,66.559998,67.879997,66.330002,66.790001,1494348,62.0219
2015-09-30,67.839996,68.25,67.190002,67.300003,1872664,62.495483
2015-10-01,68.230003,69.919998,67.809998,68.349998,1863014,63.470535
2015-10-02,69.080002,69.75,68.050003,69.160004,1509861,64.22271
2015-10-05,70,71.529999,70,71.18,1566272,66.098495
2015-10-06,71.07,72.059998,70.849998,71.75,1264327,66.6278
2015-10-07,72.099998,72.449997,70.949997,71.260002,1452688,66.172783
2015-10-08,71.220001,71.669998,70.75,71,1471002,65.931351
2015-10-09,71.730003,72.040001,70.470001,71,1246403,65.931351
2015-10-12,70.099998,70.400002,67.110001,67.400002,2611642,62.588352
2015-10-13,66.809998,68.480003,66.330002,68.309998,1477670,63.43338
2015-10-14,67.720001,68.07,67.099998,67.230003,1116863,62.430489
2015-10-15,67,68.029999,65.980003,67.980003,1709274,63.126945
2015-10-16,68.300003,69.589996,67.32,69.089996,2353039,64.1577
2015-10-19,68.790001,69.540001,68.629997,69.230003,1167512,64.287712
2015-10-20,69.220001,69.309998,68.300003,69.139999,1030822,64.204132
2015-10-21,69.589996,69.860001,69.010002,69.440002,1442548,64.482712
2015-10-22,70,70,66.610001,69.010002,2490007,64.083405
2015-10-23,70.050003,71.459999,69.639999,70.339996,1883248,65.318466
2015-10-26,70,70.050003,69.120003,69.489998,1140908,64.529137
2015-10-27,69.290001,69.910004,68.57,68.650002,1237032,63.749119
2015-10-28,68.5,69.190002,68.080002,68.110001,1415219,63.247665
2015-10-29,68.660004,69.089996,68.089996,68.669998,1249833,63.767685
2015-10-30,69.080002,69.389999,68.139999,69.110001,1289684,64.17627
2015-11-02,68.620003,69.959999,68.510002,69.550003,842635,64.584869
2015-11-03,69.43,69.519997,67.620003,67.790001,1321454,62.950497
2015-11-04,68.040001,68.720001,67.459999,67.870003,1028013,63.024796
2015-11-05,67.959999,68.410004,67.580002,67.739998,1152707,62.904076
2015-11-06,68.029999,70.599998,67.75,70.540001,2152972,65.504189
2015-11-09,70.5,70.989998,69.389999,69.419998,910716,64.464134
2015-11-10,69.639999,70.139999,68.82,69.75,904067,64.770584
2015-11-11,69.970001,70.739998,69.970001,70.43,779767,65.402031
2015-11-12,69.970001,70.900002,67.809998,68,2214463,63.145504
2015-11-13,67.949997,68.089996,65.699997,66.309998,1529021,61.576157
2015-11-16,66,66.709999,65.480003,66.349998,1442128,61.613304
2015-11-17,67,68.32,66.970001,68.220001,2010814,63.349812
2015-11-18,67.739998,68.059998,67.5,67.57,1033927,62.746212
2015-11-19,68.040001,68.349998,66.629997,66.870003,1073909,62.096191
2015-11-20,66.940002,67.559998,66.870003,67.230003,1257741,62.430489
2015-11-23,67.5,68.220001,67.040001,68,1101304,63.145504
2015-11-24,67.68,67.709999,66.550003,67.300003,1523086,62.495483
2015-11-25,67.330002,68.720001,67.07,68.040001,1202740,63.182659
2015-11-26,67.800003,69,67.800003,68.860001,707306,63.944111
2015-11-27,68.699997,69.330002,68.169998,68.889999,736274,63.971973
2015-11-30,68.75,69.959999,68.699997,69.879997,1014322,64.891296
2015-12-01,68.5,68.760002,67.849998,68.169998,2403183,63.303379
2015-12-02,68.5,68.720001,67.889999,68,1178131,63.145504
2015-12-03,67.879997,68.410004,64.720001,65.849998,2980978,61.149006
2015-12-04,65.559998,65.559998,63.889999,64.980003,1751410,60.341114
2015-12-07,65.370003,66.209999,65.010002,65.150002,1136681,60.498974
2015-12-08,65.360001,65.360001,63.889999,64.349998,1046402,59.756084
2015-12-09,64.360001,64.559998,62.669998,62.669998,1338640,58.196022
2015-12-10,62.630001,63.540001,62.119999,63.169998,1120907,58.660328
2015-12-11,63.119999,63.150002,61.599998,61.98,1469935,57.555279
2015-12-14,62.490002,63.18,60.889999,60.889999,1586019,56.543091
2015-12-15,61.389999,63.32,61.310001,63.32,1843907,58.799614
2015-12-16,63.32,64.830002,62.66,64.300003,1486628,59.70966
2015-12-17,66.07,66.07,64.389999,64.57,1651065,59.960377
2015-12-18,64.379997,64.379997,63.169998,63.490002,1871782,58.957485
2015-12-21,63.02,64.129997,62.59,62.59,1132566,58.676239
2015-12-22,63.009998,63.240002,61.919998,62.279999,645747,58.385628
2015-12-23,62.75,63.279999,62.650002,62.93,700792,58.99498
2015-12-24,63,63.169998,62.310001,62.959999,113947,59.023102
2015-12-28,62.91,63.099998,62.330002,62.599998,299979,58.685616
2015-12-29,62.860001,63.84,62.860001,63.790001,586669,59.801205
2015-12-30,63.580002,64,63.259998,63.75,632108,59.76371
2016-01-04,63.349998,63.619999,61.720001,62.27,1440784,58.376255
2016-01-05,62.889999,63.150002,60.849998,61.939999,1422022,58.066883
2016-01-06,62.09,62.200001,60.169998,61.5,1506254,57.6544
2016-01-07,60,60.77,59.610001,60.299999,1632825,56.52943
2016-01-08,60.310001,61.110001,59.59,59.610001,1624822,55.882584
2016-01-11,58.689999,59.639999,58.52,58.610001,1415103,54.94511
2016-01-12,58.799999,60.02,58.400002,59.330002,1120034,55.62009
2016-01-13,59.98,60.360001,59.560001,59.619999,1091176,55.891953
2016-01-14,59,59.130001,57.349998,57.959999,1523258,54.335754
2016-01-15,57.200001,57.380001,54.330002,55.380001,2940836,51.91708
2016-01-18,55.139999,55.810001,54.689999,55.290001,1448512,51.83271
2016-01-19,56.459999,56.630001,55.75,56.23,1112012,52.713928
2016-01-20,55.009998,55.200001,54,54.330002,1727186,50.932743
2016-01-21,54.93,56.369999,54.669998,56.330002,2367410,52.807678
2016-01-22,58,59.400002,57.68,58.639999,1983054,54.973232
2016-01-25,59.220001,59.630001,58.400002,59.259998,1201579,55.554462
2016-01-26,58.279999,59.240002,58.040001,58.939999,1194378,55.254475
2016-01-27,58.900002,59.209999,57.5,58,1397960,54.373253
2016-01-28,57.869999,58.470001,56.790001,57.349998,1141840,53.763897
2016-01-29,58.200001,59.66,57.689999,59.66,1244301,55.929459
2016-02-01,59.650002,59.689999,57.73,58.299999,1346701,54.654491
2016-02-02,58.200001,58.200001,55.349998,55.84,1560783,52.34832
2016-02-03,55.939999,56.23,54.560001,55.209999,2031216,51.75771
2016-02-04,56.009998,56.080002,54,54.75,1686913,51.326477
2016-02-05,54.790001,55.540001,54.16,54.310001,1919484,50.913994
2016-02-08,53.950001,54.299999,50.110001,51.139999,3260867,47.942211
2016-02-09,50.93,51.599998,50.150002,51.040001,2422836,47.848461
2016-02-10,51.5,52.240002,50.799999,51.099998,1668943,47.904709
2016-02-11,50.459999,50.459999,48.865002,49.145,2173498,46.071957
2016-02-12,49.445,50.509998,49.290001,50.509998,2172010,47.351604
2016-02-15,51.470001,52.529999,51.189999,52.16,1141687,48.898426
2016-02-16,52.75,52.75,51.790001,52.299999,1279791,49.029675
2016-02-17,52.240002,53.720001,52,53.630001,1424167,50.276512
2016-02-18,54.119999,54.740002,53.610001,54.5,1477174,51.09211
2016-02-19,54.369999,54.630001,53.360001,53.950001,1089797,50.5765
2016-02-22,54.290001,55.259998,54.290001,54.950001,859422,51.513973
2016-02-23,54.639999,55.900002,54.450001,55.400002,1250211,51.935833
2016-02-24,55.470001,55.93,54.5,54.759998,1416665,51.33585
2016-02-25,54.5,54.75,51.84,54.130001,2537832,50.745247
2016-02-26,54.75,56.959999,54.580002,56.040001,1522255,52.535812
2016-02-29,55.549999,57.310001,55.189999,57.310001,1296976,53.726402
2016-03-01,57.25,58.990002,56.860001,58.990002,1189889,55.301353
2016-03-02,59.130001,59.32,57.990002,58.330002,1250673,54.682617
2016-03-03,58.209999,58.700001,57.919998,58.25,820031,54.60762
2016-03-04,58.48,58.939999,58,58.799999,1116553,55.123226
2016-03-07,58.740002,58.950001,58.349998,58.849998,815211,55.170101
2016-03-08,58.540001,59.580002,58,59,1148499,55.310726
2016-03-09,59.110001,59.689999,58.77,59.110001,729426,55.413845
2016-03-10,59.290001,61.549999,57.310001,57.310001,1979095,53.726402
2016-03-11,58.299999,59.369999,57.970001,59.23,1373841,55.52634
2016-03-14,55.799999,57.279999,54.540001,55.52,3983350,52.048332
2016-03-15,55.200001,57.619999,55.060001,57.59,2419300,53.988895
2016-03-16,57.779999,59.150002,57.360001,59.150002,2051008,55.451344
2016-03-17,59.34,59.400002,57.439999,58.740002,1849680,55.066986
2016-03-18,58.98,61.080002,58.880001,60.849998,4062420,57.04504
2016-03-21,60.48,61.27,60.200001,60.790001,1501051,56.988792
2016-03-22,60.310001,61.959999,59.82,61.849998,1697723,57.982506
2016-03-23,61.939999,62.619999,61.16,61.709999,1116755,57.851265
2016-03-24,61.200001,61.41,60.150002,61.060001,1146018,57.241917
2016-03-29,60.970001,61.939999,60.900002,61.880001,1013412,58.010635
2016-03-30,62,62.52,61.110001,62.119999,985312,58.235626
2016-03-31,61.639999,62.119999,61.200001,61.48,1349267,57.635647
2016-04-01,60.57,60.900002,57.889999,59.220001,2025616,55.516968
2016-04-04,59.009998,60.549999,58.650002,60.41,951424,56.632557
2016-04-05,59.52,59.57,58.759998,58.91,1185451,55.226345
2016-04-06,58.919998,58.939999,58.299999,58.68,857262,55.010731
2016-04-07,58.689999,59.049999,57.650002,57.880001,969013,54.260757
2016-04-08,58.130001,59.16,58.009998,58.939999,900629,55.254475
2016-04-11,59.02,59.700001,58.560001,59.060001,775682,55.366974
2016-04-12,59.310001,59.369999,58.290001,59.029999,809145,55.338848
2016-04-13,59.639999,60.98,59.599998,60.98,1110340,57.166908
2016-04-14,61.049999,61.290001,60.740002,61.040001,809211,57.223164
2016-04-15,60.779999,61.049999,60.360001,60.360001,1079112,56.585682
2016-04-18,59.799999,61.23,59.630001,60.98,780870,57.166908
2016-04-19,61.009998,61.709999,61,61.330002,776952,57.495029
2016-04-20,61,61.790001,60.889999,61.759998,815571,57.89814
2016-04-21,62,62.689999,61.5,62.68,947596,58.760616
2016-04-22,61.799999,61.91,60.48,60.790001,1493548,56.988792
2016-04-25,61.759998,62.610001,61.450001,62.349998,1212123,58.451244
2016-04-26,63.099998,63.639999,62.849998,62.939999,1198065,59.004353
2016-04-27,63.400002,63.400002,62.98,63.23,935824,59.276222
2016-04-28,63.009998,63.009998,61.810001,62.310001,1149459,58.413754
2016-04-29,61.689999,61.91,60.139999,60.169998,1104646,56.407566
2016-05-02,60.41,60.830002,60.049999,60.290001,545744,56.520058
2016-05-03,60.200001,60.200001,58.43,58.709999,1081926,55.03886
2016-05-04,58.59,59.279999,58.259998,58.459999,813581,54.804489
2016-05-05,58.540001,58.68,57.810001,58.419998,558216,54.766987
2016-05-06,58.360001,58.509998,57.560001,58.330002,747266,54.682617
2016-05-09,58.849998,59.41,58.400002,58.68,536137,55.010731
2016-05-10,59.299999,60.119999,59.200001,59.419998,641194,55.70446
2016-05-11,59.48,59.98,59.119999,59.860001,691685,56.116943
2016-05-12,59.810001,60.32,58.950001,59.200001,645769,55.498219
2016-05-13,58.720001,59.549999,58.330002,59.549999,693426,55.826328
2016-05-16,59.310001,59.66,58.93,59.66,384813,55.929459
2016-05-17,60,60.240002,59.040001,59.34,843226,55.629463
2016-05-18,59.009998,59.209999,58.27,59.16,807925,55.46072
2016-05-19,58.779999,58.91,58.02,58.57,1009469,54.907612
2016-05-20,58.959999,59.98,58.82,59.98,1205950,56.229443
2016-05-23,59.27,59.959999,58.939999,59.869999,1285903,56.865826
2016-05-24,59.549999,61.810001,59.43,61.529999,1388082,58.442528
2016-05-25,61.900002,62.470001,61.560001,62.459999,1057756,59.325863
2016-05-26,62.490002,62.98,62.23,62.84,894401,59.686798
2016-05-27,62.830002,62.959999,62.450001,62.959999,673218,59.800774
2016-05-30,62.849998,63.560001,62.529999,63.360001,464730,60.180706
2016-05-31,63.290001,63.400002,62.790001,63,977926,59.838768
2016-06-01,63,63.349998,62.07,62.34,990880,59.211887
2016-06-02,62.299999,62.860001,61.900002,62.73,904256,59.582314
2016-06-03,62.990002,63.200001,61.16,61.740002,1114666,58.641994
2016-06-06,61.73,62.02,61.41,61.41,503413,58.328552
2016-06-07,61.73,62.130001,61.5,61.5,836073,58.414032
2016-06-08,61.220001,61.450001,60.91,61.349998,939431,58.271561
2016-06-09,61.119999,61.23,60.389999,61,860170,57.939125
2016-06-10,60.830002,61.029999,60.169998,60.68,1385683,57.635181
2016-06-13,59.57,59.779999,58.619999,58.619999,1634715,55.678547
2016-06-14,57.810001,58.099998,57.02,57.02,1381591,54.158833
2016-06-15,57.720001,58.459999,56.02,57.5,2625655,54.614746
2016-06-16,56.830002,57.419998,56.279999,56.900002,2072392,54.044861
2016-06-17,57.419998,57.59,56.669998,56.93,2033542,54.073353
2016-06-20,58.09,59.259998,57.950001,59.25,979818,56.276936
2016-06-21,59.299999,60.650002,58.990002,60.419998,1126457,57.388229
2016-06-22,60.889999,61.459999,60.580002,61.029999,1009103,57.967617
2016-06-23,61.52,63,61.290001,62.189999,1138236,59.069412
2016-06-24,54.59,59.990002,53,58.279999,3755641,55.35561
2016-06-27,57.310001,58.25,55.619999,56.02,1844192,53.209011
2016-06-28,56.970001,58.310001,56.68,57.82,1514127,54.918694
2016-06-29,58.560001,59.490002,58.16,59.299999,1077203,56.324429
2016-06-30,59.189999,61.150002,58.889999,60.919998,1699656,57.86314
2016-07-01,61.279999,61.580002,59.900002,61.07,1144306,58.005615
2016-07-04,61.330002,61.389999,59.869999,60.150002,557046,57.131783
2016-07-05,59.849998,60.02,58.400002,58.639999,1029580,55.697544
2016-07-06,58.139999,58.68,56.990002,57.470001,1350455,54.586258
2016-07-07,57.799999,59.389999,57.669998,58.869999,985036,55.916004
2016-07-08,58.619999,60.060001,58.459999,59.860001,785973,56.856327
2016-07-11,60.450001,61.689999,60.18,61.59,672032,58.499519
2016-07-12,61.66,62.66,61.540001,62.209999,827719,59.088406
2016-07-13,61.93,62.290001,61.540001,61.939999,967727,58.831955
2016-07-14,62.299999,63.23,62.139999,63.07,1003623,59.905258
2016-07-15,62.919998,63.299999,62.470001,62.599998,758892,59.458839
2016-07-18,62.759998,63.25,61.959999,62.200001,726699,59.078911
2016-07-19,61.98,62.509998,61.5,61.75,915297,58.651493
2016-07-20,62.150002,62.450001,61.650002,61.959999,766783,58.850948
2016-07-21,61.639999,61.900002,61.139999,61.540001,783989,58.45203
2016-07-22,61.540001,61.540001,60.610001,60.849998,816097,57.79665
2016-07-25,60.75,61.59,60.610001,61.41,770903,58.328552
2016-07-26,61.259998,62.869999,61.150002,62.790001,883185,59.639305
2016-07-27,62.880001,64.610001,62.880001,63.66,980796,60.465649
2016-07-28,63.43,64.459999,63.259998,64.25,1048644,61.026043
2016-07-29,63.900002,63.900002,60.290001,60.799999,2263642,57.749161
2016-08-01,61.16,62.169998,61,62.029999,1260922,58.917439
2016-08-02,61.950001,62.25,61.009998,61.220001,1106566,58.148087
2016-08-03,61.310001,61.450001,60.580002,60.75,754194,57.701668
2016-08-04,61.240002,61.5,60.099998,60.360001,913387,57.331242
2016-08-05,60.5,61.02,59.91,60.509998,1263049,57.473709
2016-08-08,60.75,61.34,60.549999,60.919998,846769,57.86314
2016-08-09,60.919998,61.790001,60.869999,61.68,742004,58.585007
2016-08-10,61.700001,61.880001,61.34,61.75,475153,58.651493
2016-08-11,61.919998,62.52,61.450001,62.52,459186,59.382854
2016-08-12,62.299999,62.779999,62.299999,62.529999,447756,59.392353
2016-08-15,62.57,62.990002,62.330002,62.549999,304869,59.41135
2016-08-16,62.369999,62.439999,61.389999,61.389999,570886,58.309555
2016-08-17,61.560001,61.689999,61.049999,61.310001,489813,58.23357
2016-08-18,61.5,61.779999,61.290001,61.720001,401391,58.623001
2016-08-19,61.689999,61.709999,61,61.400002,532370,58.319057
2016-08-22,61.400002,61.799999,60.66,61,595176,57.939125
2016-08-23,61.119999,62.150002,61.119999,61.849998,587328,58.746471
2016-08-24,61.48,62.91,61.189999,62.810001,767416,59.658302
2016-08-25,62.369999,62.509998,61.610001,61.91,511856,58.803463
2016-08-26,61.720001,62.509998,61.509998,62.27,859466,59.145397
2016-08-29,61.959999,62.349998,61.650002,62.23,303588,59.107403
2016-08-30,62.459999,62.970001,62.369999,62.639999,626834,59.49683
2016-08-31,62.639999,63.080002,62.419998,62.68,875659,59.534824
2016-09-01,62.82,63.59,62.630001,62.810001,868513,59.658302
2016-09-02,63.150002,64.18,62.959999,64.059998,692810,60.845577
2016-09-05,64.150002,64.650002,63.869999,64.599998,610329,61.358482
2016-09-06,64.660004,65.010002,64.419998,64.610001,696757,61.367981
2016-09-07,64.919998,65.220001,64.18,64.510002,692772,61.272999
2016-09-08,64.599998,65.07,63.790001,64.629997,826193,61.386978
2016-09-09,64.540001,64.910004,64.43,64.690002,856419,61.44397
2016-09-12,63.98,64.129997,63.169998,63.790001,965303,60.589127
2016-09-13,64.080002,64.489998,63.869999,63.869999,794475,60.665112
2016-09-14,64.190002,64.279999,63.57,63.779999,1278189,60.579628
2016-09-15,63.700001,63.990002,63.09,63.389999,1214131,60.209198
2016-09-16,63.189999,63.75,62.599998,63.040001,2403006,59.876762
2016-09-19,63.490002,64.150002,63.439999,64.010002,644434,60.798092
2016-09-20,63.900002,64.199997,63.580002,63.650002,679110,60.456158
2016-09-21,64.330002,64.599998,64.110001,64.32,686437,61.092533
2016-09-22,64.589996,66.199997,64.580002,65.599998,997710,62.3083
2016-09-23,65.419998,65.550003,65.019997,65.040001,758428,61.776402
2016-09-26,64.739998,64.790001,63.389999,63.389999,905537,60.209198
2016-09-27,63.759998,63.880001,62.470001,63.099998,847869,59.933746
2016-09-28,63.349998,64.25,63.349998,63.830002,461032,60.627121
2016-09-29,64.339996,64.730003,63.599998,63.740002,607941,60.541637
2016-09-30,63.040001,64.220001,62.48,64,1109899,60.788586
2016-10-03,63.950001,64.449997,63.740002,64.419998,801255,61.187511
2016-10-04,64.5,66.650002,64.330002,66.480003,1279611,63.144154
2016-10-05,65.769997,66.190002,65.5,65.900002,933296,62.59325
2016-10-06,65.900002,66.730003,65.860001,66.5,913536,63.163143
2016-10-07,66.410004,66.410004,65.349998,65.699997,890553,62.403282
2016-10-10,65.940002,66.150002,65.220001,65.690002,998227,62.393787
2016-10-11,65.400002,65.400002,63.810001,63.830002,965609,60.627121
2016-10-12,63.830002,63.93,63.099998,63.220001,883997,60.047729
2016-10-13,62.98,62.98,61.34,62.150002,1286014,59.031425
2016-10-14,62.290001,62.889999,62.220001,62.740002,869332,59.591816
2016-10-17,62.619999,63.279999,62.43,62.970001,651170,59.810276
2016-10-18,63.470001,63.860001,63.27,63.400002,758159,60.2187
2016-10-19,63.610001,64.699997,63.5,64.68,899007,61.434467
2016-10-20,64.790001,64.970001,64.010002,64.57,916044,61.329987
2016-10-21,64.82,64.919998,63.790001,64.379997,1075573,61.149521
2016-10-24,64.43,65.139999,64.040001,64.07,739856,60.855076
2016-10-25,62.5,62.869999,61.779999,62.75,1355103,59.601311
2016-10-26,62.09,63.299999,62.049999,63.299999,1080996,60.123714
2016-10-27,63.189999,63.869999,62.939999,63.700001,1343919,60.503643
2016-10-28,63.41,63.5,63.02,63.150002,1139464,59.981243
2016-10-31,62.860001,63.150002,62.220001,62.630001,994256,59.487335
2016-11-01,63,63.139999,61.970001,62.189999,773184,59.069412
2016-11-02,61.939999,61.939999,60.889999,60.98,836689,57.920124
2016-11-03,60.889999,61.040001,60.279999,60.279999,922469,57.255253
2016-11-04,60.200001,60.259998,59.459999,60.060001,834787,57.046295
2016-11-07,60.68,61.43,60.639999,61.41,804935,58.328552
2016-11-08,61.419998,61.880001,61.119999,61.52,778775,58.433029
2016-11-09,59.59,62.560001,59.419998,62.52,1525367,59.382854
2016-11-10,62.799999,64.550003,62.709999,63.810001,1292996,60.608124
2016-11-11,63.889999,64.349998,62.630001,62.84,708175,59.686798
2016-11-14,63.490002,64.139999,62.790001,63.099998,1424354,59.933746
2016-11-15,63.360001,63.560001,61.880001,62.580002,993244,59.439842
2016-11-16,62.849998,63.049999,61.740002,61.880001,743708,58.774971
2016-11-17,61.84,62.200001,61.450001,62.16,1076680,59.040916
2016-11-18,62.540001,62.82,62.09,62.459999,1097709,59.325863
2016-11-21,62.689999,64.019997,62.23,63.849998,991389,60.646114
2016-11-22,64.410004,65.029999,64.230003,64.260002,1052441,61.035549
2016-11-23,62.900002,64.150002,62.810001,64.019997,1431023,60.807583
2016-11-24,64.300003,64.5,63.799999,63.869999,556764,60.665112
2016-11-25,64.040001,64.190002,63.509998,63.779999,496766,60.579628
2016-11-28,63.779999,63.900002,63,63.299999,657012,60.123714
2016-11-29,63.25,64.139999,63.18,64.099998,1115606,60.883568
2016-11-30,64,65.080002,64,64.769997,1176735,61.519947
2016-12-01,64.580002,65.199997,64.25,65.199997,1145393,61.928375
2016-12-02,64.809998,65.209999,64.230003,64.910004,1145647,61.652927
2016-12-05,64.849998,66.489998,64.849998,65.480003,1071087,62.194328
2016-12-06,65.599998,66.18,64.900002,66.099998,1086521,62.783218
2016-12-07,66.599998,66.949997,65.900002,66.580002,991317,63.239132
2016-12-08,66.769997,67.120003,65.809998,66.470001,1412016,63.134647
2016-12-09,66.449997,66.559998,65.949997,66.540001,751165,63.201141
2016-12-12,66.559998,67.440002,66.550003,67.089996,1009983,63.723534
2016-12-13,67.050003,67.800003,66.970001,67.510002,918224,64.122467
2016-12-14,67.449997,67.599998,66.830002,67.389999,776403,64.008492
2016-12-15,67.550003,69.040001,67.510002,68.849998,1468133,65.395226
2016-12-16,68.800003,69.889999,68.400002,68.610001,2251516,65.167267
2016-12-19,68.110001,68.68,67.419998,67.809998,964171,65.061722
2016-12-20,67.949997,68.190002,67.580002,68.010002,737667,65.253624
2016-12-21,67.720001,68.489998,67.669998,68.059998,503548,65.301598
2016-12-22,68,68.43,67.800003,68.07,507935,65.31118
2016-12-23,68.050003,68.330002,67.760002,67.980003,357338,65.224846
2016-12-27,67.900002,68.269997,67.900002,68,332254,65.244019
2016-12-28,67.900002,68.419998,67.900002,68.279999,500902,65.51268
2016-12-29,67.980003,68.230003,67.889999,68.150002,474215,65.387947
2016-12-30,68.139999,68.43,67.43,68.419998,703309,65.647003
2017-01-02,68.349998,69.080002,68.32,68.529999,385610,65.752548
2017-01-03,68.739998,68.970001,68.120003,68.699997,738562,65.915657
2017-01-04,68.82,68.839996,68.040001,68.510002,730113,65.73336
2017-01-05,67.839996,68.32,66.980003,67.760002,1074963,65.013756
2017-01-06,67.699997,67.82,66.989998,67.699997,965853,64.956184
2017-01-09,67.800003,67.800003,67.019997,67.610001,595635,64.869827
2017-01-10,67.599998,67.800003,67.18,67.330002,687405,64.601181
2017-01-11,67.339996,67.989998,67.059998,67.629997,459317,64.889023
2017-01-12,67.599998,67.839996,67.139999,67.209999,641895,64.486046
2017-01-13,67.349998,67.660004,67.190002,67.650002,865429,64.908211
2017-01-16,67.150002,67.599998,67.150002,67.199997,461082,64.47644
2017-01-17,67.169998,67.440002,66.82,67.120003,715459,64.399696
2017-01-18,67.190002,67.410004,66.75,67.269997,794315,64.543602
2017-01-19,67.75,69.870003,63.439999,63.619999,7026452,61.041542
2017-01-20,64.449997,64.800003,63.369999,64.449997,3801326,61.837902
2017-01-23,64.459999,65.580002,63.880001,65.529999,1744086,62.87413
2017-01-24,65.800003,65.809998,64.699997,64.900002,1169888,62.269669
2017-01-25,65.139999,65.620003,64.870003,64.919998,1414145,62.288853
2017-01-26,64.900002,64.900002,64.029999,64.480003,1212088,61.866692
2017-01-27,63.830002,64.150002,63.07,63.630001,1217523,61.051144
2017-01-30,63.490002,63.75,62.709999,62.810001,1117251,60.264374
2017-01-31,62.900002,63.360001,62.700001,62.700001,1407253,60.158829
2017-02-01,61.77,62.849998,61.509998,62.73,1266666,60.187611
2017-02-02,62.509998,63.419998,62.220001,63.139999,1004994,60.580997
2017-02-03,63.200001,63.950001,62.970001,63.509998,872648,60.936001
2017-02-06,63.450001,63.740002,62.98,63.049999,915590,60.494644
2017-02-07,63,63.459999,62.98,63.34,1333971,60.772892
2017-02-08,63.349998,63.57,63.150002,63.470001,1319058,60.897625
2017-02-09,63.549999,63.880001,63.450001,63.68,1015022,61.099113
2017-02-10,64,64.099998,63.560001,63.880001,758567,61.291008
2017-02-13,63.93,64.529999,63.869999,64.32,1060673,61.713173
2017-02-14,64.300003,64.629997,63.98,64.199997,783007,61.598038
2017-02-15,64.849998,66.18,64.849998,66.050003,1594969,63.373058
2017-02-16,65.459999,65.459999,64.540001,64.900002,1619262,62.269669
2017-02-17,64.699997,64.949997,64.040001,64.379997,1122735,61.770741
2017-02-20,64.510002,65.32,64.510002,65.239998,521454,62.595882
2017-02-21,65.199997,65.489998,65.010002,65.169998,734309,62.528721
2017-02-22,65.099998,65.309998,64.599998,64.730003,853940,62.10656
2017-02-23,64.779999,67.550003,64.779999,65.989998,1253238,63.315491
2017-02-24,66.010002,66.349998,65.110001,65.5,1312936,62.845352
2017-02-27,65.980003,66,65.5,65.769997,889164,63.104401
2017-02-28,65.949997,67.160004,65.900002,67.160004,1492544,64.438072
2017-03-01,67.5,68.25,67.190002,67.93,1246162,65.176857
2017-03-02,68.199997,68.800003,68.059998,68.769997,1073370,65.982819
2017-03-03,68.730003,68.889999,68.169998,68.599998,1020084,65.819702
2017-03-06,68.669998,69.120003,68.400002,69,696917,66.203491
2017-03-07,69.050003,69.050003,68.68,68.800003,732438,66.011597
2017-03-08,68.279999,69.400002,68.279999,69.300003,674414,66.491341
2017-03-09,69.25,69.370003,68.82,69.139999,774983,66.337814
2017-03-10,69.239998,69.43,68.959999,69.050003,751317,66.25148
2017-03-13,69.099998,69.199997,68.57,68.720001,534131,65.934845
2017-03-14,68.779999,68.830002,68.099998,68.400002,807821,65.627815
2017-03-15,68,68.410004,67.220001,67.839996,1746131,65.090508
2017-03-16,68.360001,68.410004,67.300003,67.800003,1239032,65.052132
2017-03-17,67.760002,68.110001,67.169998,68.110001,1436345,65.349571
2017-03-20,68.220001,68.290001,67.889999,68.199997,511652,65.435913
2017-03-21,68.339996,68.660004,67.790001,68.150002,892615,65.387947
2017-03-22,68.099998,69.190002,67.540001,69.190002,1238675,66.385803
2017-03-23,68.970001,70.099998,68.68,69.860001,1045844,67.028648
2017-03-24,69.849998,69.959999,69.43,69.599998,775787,66.779175
2017-03-27,69.599998,69.709999,68.529999,69.650002,693408,66.827156
2017-03-28,69.790001,69.889999,69.129997,69.760002,757684,66.932693
2017-03-29,69.940002,70.169998,69.660004,69.860001,576982,67.028648
2017-03-30,69.839996,70.300003,69.75,70.040001,798092,67.201347
2017-03-31,69.440002,70.139999,69.230003,70.029999,1461662,67.19175
2017-04-03,69.949997,71.459999,69.809998,70.690002,1217023,67.825005
2017-04-04,70.669998,71.18,70.059998,70.559998,716160,67.700272
2017-04-05,70.580002,71.059998,70.5,70.82,833234,67.949738
2017-04-06,70.599998,72,70.480003,71.93,1199934,69.014748
2017-04-07,71.75,72.830002,71.269997,72.830002,1201384,69.878265
2017-04-10,72.800003,73.309998,72.470001,72.849998,1050741,69.897461
2017-04-11,72.5,73.129997,72.029999,73.07,860349,70.108543
2017-04-12,73.230003,73.739998,72.919998,73.07,702779,70.108543
2017-04-13,73.099998,73.309998,72.669998,72.800003,817667,69.849487
2017-04-18,72.760002,73.75,72.440002,72.730003,1158698,69.782326
2017-04-19,72.720001,72.93,72.57,72.650002,859463,69.705566
2017-04-20,72.620003,73.93,72.57,73.660004,1011488,70.674637
2017-04-21,73.599998,74.160004,72.949997,73.730003,1351792,70.741798
2017-04-24,75.529999,77.120003,75.32,75.839996,2190150,72.766273
2017-04-25,75.949997,75.949997,75.110001,75.769997,1029410,72.699112
2017-04-26,75.989998,76.489998,75.529999,76,1411114,72.919792
2017-04-27,76.010002,76.910004,75.779999,76.75,987587,73.639397
2017-04-28,76.709999,76.720001,75.529999,76.019997,1277081,72.93898
2017-05-02,75.809998,77.449997,75.639999,77.339996,1070959,74.205482
2017-05-03,77.309998,77.550003,76.550003,76.959999,868267,73.840881
2017-05-04,77,77.959999,76.949997,77.830002,961051,74.675621
2017-05-05,77.970001,78.349998,76.980003,78.129997,1141273,74.96347
2017-05-08,78.150002,78.150002,77.489998,77.900002,813732,74.74279
2017-05-09,78.269997,78.410004,77.690002,77.709999,831133,74.560493
2017-05-10,77.650002,78.230003,77.410004,77.489998,1112554,74.349403
2017-05-11,77.099998,77.160004,75.650002,75.82,1545112,72.747093
2017-05-12,75.800003,77.150002,75.779999,77.029999,895721,73.908043
2017-05-15,77,77.220001,76.57,77,681127,73.879265
2017-05-16,77.220001,77.220001,76.550003,76.910004,682162,73.792915
2017-05-17,76.900002,76.959999,74.970001,75.370003,1056139,72.315323
2017-05-18,75.860001,76.75,75,76.349998,1333329,73.255608
2017-05-19,76.489998,77.120003,75.860001,76.360001,1089774,73.265205
2017-05-22,76.330002,76.43,75.809998,75.949997,753432,72.871819
2017-05-23,75.910004,76.440002,75.720001,76.169998,596444,73.082901
2017-05-24,76.150002,76.339996,75.970001,76.110001,38260,73.025337
2017-05-25,76.800003,78.470001,75.93,78.470001,2141234,75.289688
2017-05-26,78.75,79.720001,78.199997,79.57,1765122,76.3451
2017-05-29,79.959999,80.089996,79.330002,79.589996,593076,76.364296
2017-05-30,79.550003,79.68,78.980003,79.150002,760778,75.942131
2017-05-31,79.290001,80,78.800003,78.800003,1244751,75.606316
2017-06-01,79.209999,80.489998,79.029999,79.910004,1150069,76.671326
2017-06-02,80.040001,80.360001,79.639999,79.779999,863569,76.546593
2017-06-05,80.080002,80.330002,79.889999,80.07,571203,76.824837
2017-06-06,79.699997,80.18,79.550003,79.660004,977134,76.431465
2017-06-07,79.5,80.029999,79.230003,79.230003,792671,76.01889
2017-06-08,79.209999,79.309998,78.419998,78.699997,984583,75.510361
2017-06-09,78.849998,79.610001,78.760002,79.199997,1018179,75.990097
2017-06-12,79.18,79.260002,77.93,78.059998,779290,74.896301
2017-06-13,78.019997,78.519997,77.800003,78.290001,751583,75.116982
2017-06-14,78.199997,79.199997,78.019997,78.019997,691670,74.857918
2017-06-15,78.029999,78.110001,76.959999,77.860001,1415629,74.704414
2017-06-16,77.860001,80.209999,77.75,80.209999,1722176,76.95916
2017-06-19,79.870003,81.050003,79.720001,80.830002,1087036,78.364944
2017-06-20,81,81.68,80.809998,81.139999,1070762,78.665489
2017-06-21,80.730003,81.529999,80.050003,81.480003,1085848,78.995125
2017-06-22,81.519997,81.949997,81.389999,81.919998,1092120,79.421707
2017-06-23,81.849998,82.150002,81.480003,81.82,783165,79.32476
2017-06-26,81.900002,82.790001,81.900002,82.010002,805519,79.508965
2017-06-27,81.620003,81.730003,80.82,81.370003,934621,78.888481
2017-06-28,81.139999,81.410004,80.120003,80.910004,835578,78.442513
2017-06-29,81.080002,81.169998,79.300003,79.839996,1166805,77.405136
2017-06-30,79.800003,81.300003,79.800003,80.239998,1418876,77.792938
2017-07-03,80.669998,81.279999,80.529999,80.989998,806801,78.520065
2017-07-04,80.919998,81.150002,80.480003,80.889999,460350,78.423119
2017-07-05,82.5,82.620003,81.629997,81.889999,835567,79.392624
2017-07-06,81.959999,82.43,80.830002,81.050003,872808,78.578247
2017-07-07,81.050003,81.970001,81.050003,81.970001,634930,79.470184
2017-07-10,82.260002,82.400002,81.830002,82,747506,79.499268
2017-07-11,82.07,82.169998,81.510002,81.510002,1161319,79.024216
2017-07-12,81.699997,83.43,81.699997,83.190002,1252002,80.652977
2017-07-13,83.25,83.470001,82.879997,83.099998,672326,80.565712
2017-07-14,83.25,83.879997,82.940002,83.43,501951,80.885658
2017-07-17,83.410004,83.720001,82.599998,83.050003,915506,80.51725
2017-07-18,83,83.190002,81.650002,81.650002,982079,79.159943
2017-07-19,82,83.07,81.720001,82.760002,927163,80.236092
2017-07-20,82.860001,83,81.120003,81.5,923163,79.014511
2017-07-21,81.099998,81.870003,80.459999,81.050003,1590952,78.578247
2017-07-24,81.209999,81.379997,80.690002,81.029999,649271,78.558846
2017-07-25,80.830002,82.699997,80.830002,81.669998,870438,79.179329
2017-07-26,81.650002,82.269997,81.57,82.260002,824144,79.751335
2017-07-27,81.519997,82.199997,80.029999,81.470001,1253854,78.985435
2017-07-28,81.400002,81.410004,80.040001,80.160004,1086489,77.715385
2017-07-31,80.160004,80.620003,79.599998,79.93,1116871,77.492393
2017-08-01,81.32,81.32,80.029999,80.739998,1037458,78.277695
2017-08-02,80.730003,80.959999,78.940002,79.309998,980050,76.891304
2017-08-03,79.25,80.07,79.110001,79.599998,908283,77.172455
2017-08-04,79.57,81.879997,79.199997,81.769997,1041586,79.276276
2017-08-07,81.839996,82.349998,81.68,81.75,924635,79.256889
2017-08-08,81.860001,81.980003,81.089996,81.629997,598950,79.140549
2017-08-09,81.730003,81.730003,80.349998,81.419998,921348,78.936951
2017-08-10,81.459999,81.760002,80.989998,81.25,762014,78.772133
2017-08-11,81.129997,81.129997,79.669998,80.239998,853042,77.792938
2017-08-14,80.440002,82.010002,80.379997,81.849998,587591,79.353844
2017-08-15,82.220001,82.760002,81.43,82.089996,588347,79.586517
2017-08-16,82.330002,83.739998,82.269997,83.269997,734498,80.73053
2017-08-17,83.199997,84.089996,83.199997,83.650002,985016,81.098946
2017-08-18,83.599998,83.629997,82.419998,82.989998,867369,80.459068
2017-08-21,82.949997,83.150002,82.089996,82.779999,589329,80.255478
2017-08-22,82.879997,83.790001,82.690002,83.739998,724922,81.186203
2017-08-23,83.709999,84.029999,83.330002,83.43,645550,80.885658
2017-08-24,83.849998,83.849998,83.029999,83.349998,542281,80.808098
2017-08-25,83.580002,84.269997,83.260002,83.449997,579840,80.905045
2017-08-28,83.290001,83.290001,82.300003,82.300003,384164,79.790115
2017-08-29,82,82.059998,80.360001,80.449997,1073169,77.996529
2017-08-30,80.809998,81.610001,80.790001,81.519997,628526,79.033897
2017-08-31,81.599998,82.190002,81.519997,81.589996,905650,79.101768
2017-09-01,82.650002,82.949997,82.07,82.239998,743594,79.731949
2017-09-04,82.139999,82.169998,81.57,81.629997,503548,79.140549
2017-09-05,81.790001,81.940002,81.25,81.580002,667113,79.092079
2017-09-06,81.410004,81.620003,80.849998,81.25,636264,78.772133
2017-09-07,81.459999,82.470001,81.239998,81.949997,1047067,79.450783
2017-09-08,81.879997,81.879997,80.720001,81.360001,763123,78.878784
2017-09-11,81.82,83.080002,81.690002,83.080002,901604,80.546333
2017-09-12,83.360001,83.910004,83.010002,83.650002,717268,81.098946
2017-09-13,83.68,84.110001,83.449997,83.699997,815776,81.147423
2017-09-14,83.650002,85.019997,83.580002,85.010002,1007417,82.417473
2017-09-15,85.199997,85.559998,84.610001,85,2393720,82.407776
2017-09-18,85,85.739998,84.849998,85.699997,1446409,83.086426
2017-09-19,85.650002,85.830002,85.120003,85.379997,740067,82.776184
2017-09-20,85.199997,85.449997,84.699997,84.830002,862968,82.242958
2017-09-21,84.830002,85.25,84.709999,85,816448,82.407776
2017-09-22,84.989998,85.199997,84.739998,84.980003,924805,82.38839
2017-09-25,84.949997,85.599998,84.269997,85.089996,943205,82.495033
2017-09-26,85.230003,85.610001,84.800003,85.110001,954986,82.51442
2017-09-27,85.190002,85.349998,84.860001,85.080002,663047,82.485336
2017-09-28,84.839996,85.889999,84.68,85.790001,614398,83.173683
2017-09-29,85.769997,86.440002,85.220001,86.440002,925905,83.803856
2017-10-02,86.449997,87.370003,86.309998,87.040001,620694,84.385567
2017-10-03,87.07,87.330002,86.940002,87.190002,440605,84.530991
2017-10-04,87.150002,87.25,86.660004,87.040001,612377,84.385567
2017-10-05,87,87.18,86.300003,87.18,557768,84.521294
2017-10-06,87.199997,87.220001,86.75,86.93,507520,84.278923
2017-10-09,86.889999,87,86.209999,86.650002,503690,84.007462
2017-10-10,86.169998,86.510002,85.800003,86.510002,763143,83.871727
2017-10-11,86.099998,86.169998,85.160004,85.620003,916948,83.008873
2017-10-12,85.620003,86.019997,85.379997,85.959999,511561,83.338501
2017-10-13,86.139999,86.139999,85.449997,85.830002,503969,83.212463
2017-10-16,85.910004,86.019997,85.459999,85.589996,558969,82.979782
2017-10-17,85.550003,86,85.169998,85.709999,789674,83.096115
2017-10-18,85.800003,86.239998,85.629997,86.099998,651781,83.474228
2017-10-19,85.93,85.949997,85,85.510002,756798,82.902229
2017-10-20,85.660004,86.379997,85.580002,86.339996,980212,83.706909
2017-10-23,86.32,87.470001,86.32,87.110001,704570,84.45343
2017-10-24,86.93,87.709999,86.669998,87.339996,670671,84.676407
2017-10-25,87.050003,87.730003,86.919998,87.730003,798801,85.054527
2017-10-26,88,89.900002,87.889999,89.839996,1182638,87.100166
2017-10-27,90.25,92.25,90.209999,91.220001,1436101,88.438087
2017-10-30,90.300003,90.349998,88.529999,88.75,1094889,86.043411
2017-10-31,89.160004,90.43,89.129997,90.43,1038001,87.67218
2017-11-01,90.779999,90.989998,90.25,90.25,658135,87.497665
2017-11-02,90.370003,90.650002,89.910004,90.300003,787384,87.546143
2017-11-03,90.589996,91.43,90.400002,91.339996,637357,88.55442
2017-11-06,91.129997,91.269997,90.480003,90.559998,531089,87.79821
2017-11-07,90.870003,90.879997,89.849998,90,809526,87.255295
2017-11-08,90.040001,90.32,88.220001,88.559998,918914,85.8592
2017-11-09,88.519997,88.599998,86.669998,86.910004,1252692,84.259529
2017-11-10,86.849998,87.43,86.480003,87,1140543,84.346786
2017-11-13,87.699997,87.760002,85.959999,86.650002,909205,84.007462
2017-11-14,87.669998,88.269997,87.410004,87.839996,1220232,85.161163
2017-11-15,87.57,89.080002,87.550003,87.980003,1223784,85.296898
2017-11-16,88.440002,88.5,87.75,87.949997,559474,85.267807
2017-11-17,88.040001,88.169998,87.169998,87.209999,815085,84.550377
2017-11-20,87.239998,87.410004,86.690002,86.900002,991406,84.249832
2017-11-21,86.760002,87.550003,86.519997,87.120003,1138946,84.463127
2017-11-22,87.25,87.360001,86.730003,86.93,710593,84.278923
2017-11-23,86.760002,87.279999,86.650002,87,902219,84.346786
2017-11-24,86.940002,87.129997,86.440002,86.800003,688705,84.152885
2017-11-27,86.760002,87.550003,86.57,86.989998,797903,84.337082
2017-11-28,87.389999,88.910004,86.860001,88.910004,986572,86.198532
2017-11-29,89.480003,91.18,89.410004,90.43,1505802,87.67218
2017-11-30,90.599998,90.739998,89.290001,89.529999,2933845,86.799622
2017-12-01,89.720001,89.790001,87.720001,87.75,1026424,85.073906
2017-12-04,89.150002,89.800003,89.010002,89.129997,962530,86.411819
2017-12-05,89.25,89.559998,88.129997,88.949997,621181,86.237312
2017-12-06,88.199997,89.059998,87.760002,88.800003,714212,86.091888
2017-12-07,89.050003,89.639999,88.730003,89.519997,916459,86.789925
2017-12-08,89.910004,89.949997,88.769997,89.07,696273,86.353653
2017-12-11,89.400002,89.449997,87.540001,87.900002,690580,85.21933
2017-12-12,88.25,88.370003,87.279999,88.150002,587147,85.461716
2017-12-13,87.790001,88.099998,87.300003,87.610001,1093512,84.938179
2017-12-14,85.900002,86.620003,85,85.830002,1417880,83.212463
2017-12-15,85.580002,87.07,85.309998,86.110001,1432880,83.483925
2017-12-18,86.900002,88.18,86.900002,88.080002,1168993,85.393852
2017-12-19,87.760002,88.529999,87.68,88.099998,727028,85.413231
2017-12-20,87.849998,88.339996,87.580002,87.839996,571216,85.161163
2017-12-21,87.480003,88.5,87.290001,88.5,805019,85.801041
2017-12-22,88.010002,88.459999,87.699997,88.050003,392259,85.364769
2017-12-27,87.709999,88,87.529999,87.830002,364739,85.151466
2017-12-28,87.540001,87.889999,86.410004,86.540001,426699,83.90081
2017-12-29,86.339996,86.75,85.889999,85.910004,539175,83.290024
2018-01-02,86.379997,86.379997,84.959999,85.199997,756152,82.601677
2018-01-03,84.019997,86,83.779999,85.620003,726302,83.008873
2018-01-04,87.199997,88.839996,87.18,88.68,907897,85.975548
2018-01-05,89.239998,89.860001,88.82,89.199997,803318,86.479691
2018-01-08,89.440002,89.599998,88.82,89.040001,632837,86.32457
2018-01-09,88.959999,89.959999,88.860001,89.699997,688067,86.964439
2018-01-10,89.720001,89.720001,88.839996,89.580002,858810,86.848106
2018-01-11,89.800003,90.459999,89.540001,90,764736,87.255295
2018-01-12,90.360001,90.839996,89.839996,90.480003,588589,87.720657
2018-01-15,90.260002,90.580002,89.879997,89.900002,542291,87.15834
2018-01-16,89.879997,90.639999,89.839996,90.639999,736105,87.875771
2018-01-17,90,90.360001,89.800003,90.099998,930409,87.352242
2018-01-18,90.120003,91.18,90.040001,91.18,772912,88.399307
2018-01-19,91.379997,92.360001,90.839996,91.260002,1013161,88.476868
2018-01-22,91.400002,91.559998,90.760002,90.800003,759621,88.030899
2018-01-23,91.459999,91.559998,90.360001,90.5,918991,87.740044
2018-01-24,90.419998,91.18,90.019997,90.019997,1039974,87.274673
2018-01-25,90.339996,90.339996,89.360001,89.5,1210876,86.770538
2018-01-26,89.739998,90.260002,89.360001,90.040001,908347,87.294075
2018-01-29,90.419998,90.580002,90.139999,90.239998,540124,87.487976
2018-01-30,89.739998,90.620003,89.68,89.779999,715175,87.042
2018-01-31,89.980003,91.040001,89.860001,90.940002,1033165,88.166626
2018-02-01,91.18,91.559998,89,89.400002,882980,86.673592
2018-02-02,88.980003,89.559998,86.68,86.739998,1046556,84.094711
2018-02-05,86,86.099998,85.260002,85.260002,1032517,82.659851
2018-02-06,82.760002,87.5,81.040001,85.339996,2507900,82.737404
2018-02-07,86,87.199997,84.519997,86.879997,1218757,84.230438
2018-02-08,86.480003,86.5,83.559998,84.099998,1422690,81.535217
2018-02-09,83.459999,84.139999,82.519997,83.099998,1277227,80.565712
2018-02-12,83.940002,85.040001,83.220001,84.099998,1132858,81.535217
2018-02-13,84.18,84.919998,83.900002,84.5,879876,81.923027
2018-02-14,85.199997,86.68,83.879997,86.300003,1196497,83.668129
2018-02-15,87.059998,88.559998,86.559998,87.82,1080989,85.141777
2018-02-16,88.220001,89.440002,88.040001,89.099998,1130914,86.382736
2018-02-19,89.599998,89.68,88.800003,89.120003,434966,86.40213
2018-02-20,89,89.959999,89,89.860001,715210,87.11956
2018-02-21,89.620003,90.300003,89.019997,90.300003,883149,87.546143
2018-02-22,89.599998,90.620003,89.360001,90.099998,880353,87.352242
2018-02-23,90.160004,90.519997,89.760002,90.300003,647340,87.546143
2018-02-26,90.400002,90.660004,89.860001,89.900002,877095,87.15834
2018-02-27,89,91.379997,87.379997,91.360001,1577854,88.573814
2018-02-28,91,91.459999,90.82,90.900002,887383,88.127846
2018-03-01,90.68,90.699997,88.839996,88.959999,1094620,86.247009
2018-03-02,88.120003,88.139999,84.360001,84.839996,1605520,82.252647
2018-03-05,84.760002,86.139999,84.760002,85.339996,1104155,82.737404
2018-03-06,86.019997,86.220001,85.32,85.32,1125121,82.718018
2018-03-07,85.5,86.599998,85.18,86.18,978106,83.551788
2018-03-08,86.199997,88.239998,86.099998,88.080002,1023314,85.393852
2018-03-09,88.199997,89.339996,88.059998,88.760002,937503,86.053108
2018-03-12,89.760002,89.879997,88.199997,88.639999,848687,85.936768
2018-03-13,88.980003,89.279999,88.239998,88.5,944882,85.801041
2018-03-14,88.300003,88.739998,87.360001,87.720001,723257,85.044823
2018-03-15,88.18,88.82,87.900002,88.599998,726017,85.897987
2018-03-16,88.400002,88.760002,87.68,87.980003,1784315,85.296898
2018-03-19,87.940002,88.019997,86.5,86.699997,634459,84.055931
2018-03-20,86.639999,87.82,86.199997,87.800003,612656,85.122391
2018-03-21,87.739998,87.779999,86.239998,86.379997,620810,83.745689
2018-03-22,85.959999,86.459999,84.059998,84.959999,1233604,82.368996
2018-03-23,84.199997,84.300003,82.699997,82.959999,1592253,80.429985
2018-03-26,83.160004,83.360001,81.559998,82,859192,79.499268
2018-03-27,83.419998,84.739998,83.32,84.139999,1159098,81.573997
2018-03-28,83.260002,84.699997,82.760002,84.540001,1103589,81.961807
2018-03-29,84.980003,86.339996,84.839996,85.980003,1388244,83.357887
2018-04-03,85.440002,86.239998,84.360001,85.599998,1094385,82.989471
2018-04-04,85.559998,86.059998,83.300003,83.599998,1230529,81.050468
2018-04-05,85.099998,87.580002,85.019997,87.440002,1308096,84.773361
2018-04-06,87.739998,88.199997,86.959999,87.699997,780639,85.025436
2018-04-09,88,88.860001,87.800003,88.839996,1123239,86.130661
2018-04-10,89.160004,89.199997,88.040001,88.620003,1002449,85.917381
2018-04-11,88.440002,88.519997,87.18,88,913065,85.316284
2018-04-12,88,88.5,87.339996,88.379997,1015324,85.684692
2018-04-13,88.68,89.239998,88.32,88.660004,999295,85.956161
2018-04-16,88.68,89.160004,88.199997,88.339996,404885,85.645912
2018-04-17,88.68,89.82,88.160004,89.5,862277,86.770538
2018-04-18,89.440002,90.099998,89.220001,89.940002,716944,87.197121
2018-04-19,89.980003,90.540001,89.419998,90.18,753487,87.429802
2018-04-20,90.18,90.459999,89.540001,90.080002,1213607,87.332855
2018-04-23,89.900002,90,89.419998,89.940002,794684,87.197121
2018-04-24,90,90.540001,89.620003,90.480003,979615,87.720657
2018-04-25,89.519997,90.519997,89.419998,90.519997,1016903,87.75943
2018-04-26,92.339996,95.139999,92.32,94.739998,1749204,91.850739
2018-04-27,94.879997,96.120003,94.5,95.239998,1100045,92.335487
2018-04-30,95.279999,97.480003,95.220001,97.459999,1143405,94.487785
2018-05-02,97.739998,97.800003,96.779999,97.559998,1168339,94.584732
2018-05-03,97.82,98.400002,97.5,97.82,865897,94.836807
2018-05-04,98.279999,98.879997,97.379997,97.5,1216175,94.526566
2018-05-07,97.699997,98.400002,97.480003,98.279999,354089,95.282776
2018-05-08,98,98.459999,97.699997,98.199997,771895,95.205215
2018-05-09,98,98.900002,97.639999,98.900002,775581,95.883873
2018-05-10,99,99.919998,98.919998,99.739998,421000,96.69825
2018-05-11,99.900002,99.940002,99.059998,99.419998,633517,96.388016
2018-05-14,99.699997,99.699997,98.559998,98.860001,467923,95.845085
2018-05-15,98.879997,99.5,98.540001,99.18,742455,96.155334
2018-05-16,99,99.959999,98.779999,99.919998,505736,96.872765
2018-05-17,100,101.400002,99.660004,101.400002,814276,98.307625
2018-05-18,101.199997,101.949997,100.5,101.300003,1160067,98.210686
2018-05-21,101.849998,102.849998,101.699997,102.349998,390920,99.228661
2018-05-22,102.5,102.650002,101.650002,101.949997,654649,98.840851
2018-05-23,101.699997,102.099998,100.300003,100.599998,896579,97.532021
2018-05-24,100.699997,101.550003,99.959999,100.5,648083,97.435081
2018-05-25,102,102.599998,100.900002,101.5,806767,98.404579
2018-05-28,102.5,102.900002,101,101.25,516448,98.162201
2018-05-29,99.139999,101,98.300003,100.400002,1228961,98.901001
2018-05-30,102.550003,102.900002,100.150002,100.75,1079203,99.245781
2018-05-31,101.199997,102.449997,100.699997,102.150002,1788683,100.624878
2018-06-01,103.150002,104.050003,102.599998,103.699997,988775,102.151733
2018-06-04,104.5,104.5,102.150002,102.349998,952167,100.821884
2018-06-05,102.550003,103.449997,101.75,101.75,1117396,100.23085
2018-06-06,102.050003,102.599998,101.449997,102.050003,788377,100.526375
2018-06-07,102.849998,103.150002,101.599998,102,667656,100.477112
2018-06-08,101.5,102.650002,100.900002,102.550003,790394,101.018906
2018-06-11,102.75,103.25,102.449997,102.849998,713354,101.314423
2018-06-12,103.099998,103.25,102.300003,102.400002,705695,100.871147
2018-06-13,102.449997,103.550003,102.150002,102.699997,898734,101.166664
2018-06-14,102.650002,104.75,102.199997,104.150002,1295476,102.595016
2018-06-15,104.25,105.349998,103.400002,103.400002,2125178,101.856216
2018-06-18,102.900002,102.949997,101.150002,101.800003,879317,100.280106
2018-06-19,100.150002,100.400002,98.699997,99.540001,1063399,98.053841
2018-06-20,100.199997,100.900002,99.639999,100.050003,1163189,98.556229
2018-06-21,100.5,100.599998,98.720001,98.980003,879801,97.502205
2018-06-22,99.68,100.199997,99.279999,99.699997,770092,98.211449
2018-06-25,100,100,97.080002,97.080002,610067,95.630577
2018-06-26,97.660004,98.360001,97.360001,97.639999,882376,96.182213
2018-06-27,97.639999,101.050003,97.419998,100.050003,1448221,98.556229
2018-06-28,99.980003,100.650002,99.5,100.150002,1069164,98.654739
2018-06-29,102.199997,104.25,101.800003,104.050003,1715355,102.496513
2018-07-02,102.349998,102.849998,101.699997,102.300003,1521718,100.772636
2018-07-03,102.900002,103.349998,101.900002,102.650002,1001840,101.117409
2018-07-04,102.599998,102.650002,101.550003,102.599998,612331,101.068153
2018-07-05,102.949997,103.25,102.650002,103,1093880,101.462181
2018-07-06,103.099998,103.400002,102.25,102.849998,858426,101.314423
2018-07-09,103.25,103.75,102.699997,102.949997,916822,101.412926
2018-07-10,103.400002,104.300003,103.099998,104,741056,102.44725
2018-07-11,103.449997,104.050003,102.900002,103.550003,906121,102.003975
2018-07-12,103.949997,106.5,103.900002,106.5,1018344,104.909927
2018-07-13,106.550003,107.75,106.550003,107.400002,794840,105.796494
2018-07-16,107.400002,108.050003,106.699997,106.900002,642328,105.303955
2018-07-17,106.849998,108.650002,106.699997,107.949997,773065,106.33828
2018-07-18,108.050003,108.5,107.099998,107.800003,696207,106.190521
2018-07-19,107.900002,108.349998,106.949997,107.300003,672617,105.69799
2018-07-20,107.150002,107.900002,105.900002,107.650002,1340172,106.042763
2018-07-23,107.550003,107.650002,106.75,106.849998,585024,105.2547
2018-07-24,107.25,107.550003,106.550003,107.050003,824667,105.451721
2018-07-25,106.949997,108.050003,106.949997,107.099998,935436,105.500969
2018-07-26,107.75,108.400002,107.300003,107.699997,955875,106.09201
2018-07-27,107.900002,107.949997,107.199997,107.349998,649764,105.747238
2018-07-30,107.25,107.349998,106.800003,107.150002,477239,105.550224
2018-07-31,107.099998,107.300003,105.650002,106.050003,896844,104.466652
2018-08-01,106,106.550003,105.849998,106,634661,104.417397
2018-08-02,105.900002,106.199997,105,105,1123907,103.432327
2018-08-03,105.449997,106.199997,105.150002,105.5,803942,103.924858
2018-08-06,105.599998,107.650002,105.5,106.599998,653294,105.00843
2018-08-07,107,107.949997,106.650002,107.800003,688608,106.190521
2018-08-08,107.75,108.25,106.949997,107,527030,105.402466
2018-08-09,106.949997,107.849998,106.550003,107.849998,497575,106.239769
2018-08-10,106.949997,107.199997,106.349998,106.800003,901714,105.205452
2018-08-13,106.75,107.650002,106.449997,107.400002,408212,105.796494
2018-08-14,107.849998,108.300003,107.25,107.550003,472046,105.944252
2018-08-15,108,108.949997,106.5,106.699997,978618,105.106941
2018-08-16,107.150002,107.449997,106.349998,106.849998,645573,105.2547
2018-08-17,107.199997,107.5,106.300003,106.800003,432812,105.205452
2018-08-20,107,108,106.5,107.699997,380258,106.09201
2018-08-21,107.599998,108.5,107.400002,108.25,430779,106.633804
2018-08-22,108.150002,108.449997,107.75,107.949997,519310,106.33828
2018-08-23,108,109.199997,108,109,424657,107.372604
2018-08-24,109.099998,109.949997,108.949997,109.900002,538855,108.259171
2018-08-27,110,111.849998,109.900002,111.849998,545031,110.180054
2018-08-28,112,112.400002,111.75,112,555946,110.327812
2018-08-29,112.5,113.650002,112.300003,113.199997,704448,111.509895
2018-08-30,113.25,113.550003,112.599998,112.900002,499105,111.214378
2018-08-31,113,113.150002,111.349998,112.300003,903981,110.623337
2018-09-03,112.199997,112.75,111.949997,112.449997,447133,110.771088
2018-09-04,113.050003,113.150002,109.699997,110.150002,996842,108.505432
2018-09-05,110.150002,110.5,108.599998,109.099998,1052432,107.471107
2018-09-06,114.449997,119.150002,112.699997,116.050003,2072594,114.317345
2018-09-07,116.099998,119.349998,116.050003,117.400002,1573057,115.647194
2018-09-10,118.349998,118.400002,115.599998,115.699997,804056,113.972565
2018-09-11,116.199997,117.800003,115.050003,117.5,837441,115.745697
2018-09-12,117.5,118.300003,116.650002,117.800003,771887,116.041222
2018-09-13,117.849998,119.25,117.75,117.849998,605300,116.090469
2018-09-14,118.5,118.650002,117.050003,118.050003,720785,116.287491
2018-09-17,118,118.199997,117.349998,117.800003,582338,116.041222
2018-09-18,117.900002,119.199997,117.099998,117.650002,795609,115.893456
2018-09-19,118.400002,119.900002,117.949997,119.550003,808399,117.765091
2018-09-20,119.75,121.25,119.199997,121,854474,119.193443
2018-09-21,121.550003,121.949997,120.150002,120.150002,2419367,118.356133
2018-09-24,119.949997,120.400002,119.199997,119.5,770486,117.715836
2018-09-25,119.5,120.849998,119.099998,120.5,553069,118.700905
2018-09-26,120.849998,121.949997,120.300003,120.949997,850942,119.14418
2018-09-27,120.800003,121.550003,120.25,121.5,625242,119.685974
2018-09-28,121.25,122.25,120.199997,120.699997,871057,118.897919
2018-10-01,121,121.150002,119.900002,120.400002,496020,118.602402
2018-10-02,118,119,117,118.5,1338555,116.730766
2018-10-03,118.550003,119.400002,118.5,119,631742,117.223297
2018-10-04,118.550003,119.550003,116.050003,116.050003,1198461,114.317345
2018-10-05,116.75,117.400002,115.949997,116.300003,992739,114.563614
2018-10-08,116.25,116.650002,113.949997,114,938260,112.297951
2018-10-09,113.949997,114.25,111.449997,111.949997,1203547,110.278557
2018-10-10,112.550003,112.650002,109.349998,109.349998,1495416,107.717377
2018-10-11,107.150002,108.449997,105.400002,106.5,2060505,104.909927
2018-10-12,107.25,109.349998,107.099998,108.800003,1579903,107.175591
2018-10-15,108.25,108.349998,106.849998,107.5,1201723,105.894997
2018-10-16,107.599998,111.949997,107.599998,111.949997,1303000,110.278557
2018-10-17,111.5,112.300003,109.699997,109.949997,1154851,108.308418
2018-10-18,110.25,110.949997,108.699997,108.75,904388,107.126335
2018-10-19,109.150002,110.050003,106.949997,107.5,1502155,105.894997
2018-10-22,107.800003,108.800003,107.449997,108.150002,1005406,106.535294
2018-10-23,106.849998,107.199997,104.75,105.199997,1521772,103.629333
2018-10-24,109.599998,112.050003,108.400002,109.400002,2517841,107.766632
2018-10-25,108.800003,112.099998,108.599998,110.949997,1692498,109.293488
2018-10-26,110.25,110.25,107.650002,109.699997,1702621,108.062149
2018-10-29,109,110.300003,107.800003,107.849998,1099259,106.239769
2018-10-30,109,110.900002,107.599998,108.650002,1974637,107.027832
2018-10-31,109.699997,114.800003,109.400002,114.050003,2201661,112.347206
2018-11-01,114.400002,115.550003,112.849998,113.099998,1286623,111.411385
2018-11-02,115.650002,117.050003,112.550003,112.800003,1291104,111.115868
2018-11-05,113.25,113.25,111.099998,111.099998,678183,109.441246
2018-11-06,111.599998,112,110.5,110.5,786489,108.850204
2018-11-07,111.900002,113.550003,111.650002,113.400002,1244304,111.706909
2018-11-08,114.300003,115.099998,113.050003,114.349998,851501,112.642723
2018-11-09,114.25,114.5,112,112.449997,777207,110.771088
2018-11-12,113.050003,113.300003,111.449997,111.599998,586967,109.933784
2018-11-13,111.75,113.25,111.599998,112.900002,625211,111.214378
2018-11-14,112.400002,113.449997,110.650002,111.199997,963916,109.539757
2018-11-15,111.949997,111.949997,108.349998,109.25,1028726,107.618874
2018-11-16,110,110.349998,108,108.699997,1017216,107.07708
2018-11-19,109.050003,109.650002,107.650002,107.949997,860474,106.33828
2018-11-20,106.900002,107.699997,105.5,106.900002,925438,105.303955
2018-11-21,107.75,108,106.349998,107.550003,771371,105.944252
2018-11-22,107.300003,107.449997,106.349998,106.449997,474041,104.860672
2018-11-23,106.650002,109,106.400002,108.849998,554290,107.224838
2018-11-26,109.349998,110.050003,108.099998,108.199997,611859,106.584541
2018-11-27,108,109.25,107.599998,108.25,689197,106.633804
2018-11-28,108.800003,109.400002,106.150002,106.150002,1093920,104.565155
2018-11-29,106.150002,112.150002,104.599998,111.5,1704434,109.835274
2018-11-30,111.650002,111.900002,109.5,110.349998,1513425,108.702446
2018-12-03,112.550003,112.550003,110.449997,112.150002,790972,110.475571
2018-12-04,112.050003,112.699997,111.449997,111.75,953192,110.081543
2018-12-05,110.75,110.949997,109.050003,109.099998,669097,107.471107
2018-12-06,108,108.300003,105.849998,106,1121908,104.417397
2018-12-07,106.75,107.75,105.650002,105.650002,863398,104.072624
2018-12-10,105.5,105.849998,102.550003,102.550003,1039897,101.018906
2018-12-11,103.050003,105.650002,102.449997,105.300003,1141061,103.727844
2018-12-12,106.099998,109.099998,105.599998,108.650002,1061078,107.027832
2018-12-13,108.75,109.599998,108.099998,108.599998,709373,106.978577
2018-12-14,107.599998,108.900002,107,108.199997,706648,106.584541
2018-12-17,108.199997,108.599998,106.75,107.599998,796658,105.993507
2018-12-18,107.5,108.5,106.599998,107.199997,794598,105.599472
2018-12-19,107,107.699997,105.949997,106.349998,811496,104.762169
2018-12-20,105.400002,105.449997,103.25,104.099998,1139693,102.545761
2018-12-21,103.449997,103.599998,101.300003,102.650002,1926257,101.117409
2018-12-24,101.699997,102.550003,101.050003,101.599998,218348,100.083084
2018-12-27,102.5,102.75,99.980003,100.699997,812187,99.196518
2018-12-28,101.25,103.849998,101,103.099998,677330,101.560692
2018-12-31,103.400002,105.400002,103.099998,105.400002,240481,103.826355
