,dates
1,28/12/2012
2,02/01/2013
3,03/01/2013
4,04/01/2013
5,07/01/2013
6,08/01/2013
7,09/01/2013
8,10/01/2013
9,11/01/2013
10,14/01/2013
11,15/01/2013
12,16/01/2013
13,17/01/2013
14,18/01/2013
15,21/01/2013
16,22/01/2013
17,23/01/2013
18,24/01/2013
19,25/01/2013
20,28/01/2013
21,29/01/2013
22,30/01/2013
23,31/01/2013
24,01/02/2013
25,04/02/2013
26,05/02/2013
27,06/02/2013
28,07/02/2013
29,08/02/2013
30,11/02/2013
31,12/02/2013
32,13/02/2013
33,14/02/2013
34,15/02/2013
35,18/02/2013
36,19/02/2013
37,20/02/2013
38,21/02/2013
39,22/02/2013
40,25/02/2013
41,26/02/2013
42,27/02/2013
43,28/02/2013
44,01/03/2013
45,04/03/2013
46,05/03/2013
47,06/03/2013
48,07/03/2013
49,08/03/2013
50,11/03/2013
51,12/03/2013
52,13/03/2013
53,14/03/2013
54,15/03/2013
55,18/03/2013
56,19/03/2013
57,20/03/2013
58,21/03/2013
59,22/03/2013
60,25/03/2013
61,26/03/2013
62,27/03/2013
63,28/03/2013
64,02/04/2013
65,03/04/2013
66,04/04/2013
67,05/04/2013
68,08/04/2013
69,09/04/2013
70,10/04/2013
71,11/04/2013
72,12/04/2013
73,15/04/2013
74,16/04/2013
75,17/04/2013
76,18/04/2013
77,19/04/2013
78,22/04/2013
79,23/04/2013
80,24/04/2013
81,25/04/2013
82,26/04/2013
83,29/04/2013
84,30/04/2013
85,02/05/2013
86,03/05/2013
87,06/05/2013
88,07/05/2013
89,08/05/2013
90,09/05/2013
91,10/05/2013
92,13/05/2013
93,14/05/2013
94,15/05/2013
95,16/05/2013
96,17/05/2013
97,20/05/2013
98,21/05/2013
99,22/05/2013
100,23/05/2013
101,24/05/2013
102,27/05/2013
103,28/05/2013
104,29/05/2013
105,30/05/2013
106,31/05/2013
107,03/06/2013
108,04/06/2013
109,05/06/2013
110,06/06/2013
111,07/06/2013
112,10/06/2013
113,11/06/2013
114,12/06/2013
115,13/06/2013
116,14/06/2013
117,17/06/2013
118,18/06/2013
119,19/06/2013
120,20/06/2013
121,21/06/2013
122,24/06/2013
123,25/06/2013
124,26/06/2013
125,27/06/2013
126,28/06/2013
127,01/07/2013
128,02/07/2013
129,03/07/2013
130,04/07/2013
131,05/07/2013
132,08/07/2013
133,09/07/2013
134,10/07/2013
135,11/07/2013
136,12/07/2013
137,15/07/2013
138,16/07/2013
139,17/07/2013
140,18/07/2013
141,19/07/2013
142,22/07/2013
143,23/07/2013
144,24/07/2013
145,25/07/2013
146,26/07/2013
147,29/07/2013
148,30/07/2013
149,31/07/2013
150,01/08/2013
151,02/08/2013
152,05/08/2013
153,06/08/2013
154,07/08/2013
155,08/08/2013
156,09/08/2013
157,12/08/2013
158,13/08/2013
159,14/08/2013
160,15/08/2013
161,16/08/2013
162,19/08/2013
163,20/08/2013
164,21/08/2013
165,22/08/2013
166,23/08/2013
167,26/08/2013
168,27/08/2013
169,28/08/2013
170,29/08/2013
171,30/08/2013
172,02/09/2013
173,03/09/2013
174,04/09/2013
175,05/09/2013
176,06/09/2013
177,09/09/2013
178,10/09/2013
179,11/09/2013
180,12/09/2013
181,13/09/2013
182,16/09/2013
183,17/09/2013
184,18/09/2013
185,19/09/2013
186,20/09/2013
187,23/09/2013
188,24/09/2013
189,25/09/2013
190,26/09/2013
191,27/09/2013
192,30/09/2013
193,01/10/2013
194,02/10/2013
195,03/10/2013
196,04/10/2013
197,07/10/2013
198,08/10/2013
199,09/10/2013
200,10/10/2013
201,11/10/2013
202,14/10/2013
203,15/10/2013
204,16/10/2013
205,17/10/2013
206,18/10/2013
207,21/10/2013
208,22/10/2013
209,23/10/2013
210,24/10/2013
211,25/10/2013
212,28/10/2013
213,29/10/2013
214,30/10/2013
215,31/10/2013
216,01/11/2013
217,04/11/2013
218,05/11/2013
219,06/11/2013
220,07/11/2013
221,08/11/2013
222,11/11/2013
223,12/11/2013
224,13/11/2013
225,14/11/2013
226,15/11/2013
227,18/11/2013
228,19/11/2013
229,20/11/2013
230,21/11/2013
231,22/11/2013
232,25/11/2013
233,26/11/2013
234,27/11/2013
235,28/11/2013
236,29/11/2013
237,02/12/2013
238,03/12/2013
239,04/12/2013
240,05/12/2013
241,06/12/2013
242,09/12/2013
243,10/12/2013
244,11/12/2013
245,12/12/2013
246,13/12/2013
247,16/12/2013
248,17/12/2013
249,18/12/2013
250,19/12/2013
251,20/12/2013
252,23/12/2013
253,24/12/2013
254,27/12/2013
255,30/12/2013
256,31/12/2013
257,02/01/2014
258,03/01/2014
259,06/01/2014
260,07/01/2014
261,08/01/2014
262,09/01/2014
263,10/01/2014
264,13/01/2014
265,14/01/2014
266,15/01/2014
267,16/01/2014
268,17/01/2014
269,20/01/2014
270,21/01/2014
271,22/01/2014
272,23/01/2014
273,24/01/2014
274,27/01/2014
275,28/01/2014
276,29/01/2014
277,30/01/2014
278,31/01/2014
279,03/02/2014
280,04/02/2014
281,05/02/2014
282,06/02/2014
283,07/02/2014
284,10/02/2014
285,11/02/2014
286,12/02/2014
287,13/02/2014
288,14/02/2014
289,17/02/2014
290,18/02/2014
291,19/02/2014
292,20/02/2014
293,21/02/2014
294,24/02/2014
295,25/02/2014
296,26/02/2014
297,27/02/2014
298,28/02/2014
299,03/03/2014
300,04/03/2014
301,05/03/2014
302,06/03/2014
303,07/03/2014
304,10/03/2014
305,11/03/2014
306,12/03/2014
307,13/03/2014
308,14/03/2014
309,17/03/2014
310,18/03/2014
311,19/03/2014
312,20/03/2014
313,21/03/2014
314,24/03/2014
315,25/03/2014
316,26/03/2014
317,27/03/2014
318,28/03/2014
319,31/03/2014
320,01/04/2014
321,02/04/2014
322,03/04/2014
323,04/04/2014
324,07/04/2014
325,08/04/2014
326,09/04/2014
327,10/04/2014
328,11/04/2014
329,14/04/2014
330,15/04/2014
331,16/04/2014
332,17/04/2014
333,22/04/2014
334,23/04/2014
335,24/04/2014
336,25/04/2014
337,28/04/2014
338,29/04/2014
339,30/04/2014
340,01/05/2014
341,02/05/2014
342,05/05/2014
343,06/05/2014
344,07/05/2014
345,08/05/2014
346,09/05/2014
347,12/05/2014
348,13/05/2014
349,14/05/2014
350,15/05/2014
351,16/05/2014
352,19/05/2014
353,20/05/2014
354,21/05/2014
355,22/05/2014
356,23/05/2014
357,26/05/2014
358,27/05/2014
359,28/05/2014
360,29/05/2014
361,30/05/2014
362,02/06/2014
363,03/06/2014
364,04/06/2014
365,05/06/2014
366,06/06/2014
367,09/06/2014
368,10/06/2014
369,11/06/2014
370,12/06/2014
371,13/06/2014
372,16/06/2014
373,17/06/2014
374,18/06/2014
375,19/06/2014
376,20/06/2014
377,23/06/2014
378,24/06/2014
379,25/06/2014
380,26/06/2014
381,27/06/2014
382,30/06/2014
383,01/07/2014
384,02/07/2014
385,03/07/2014
386,04/07/2014
387,07/07/2014
388,08/07/2014
389,09/07/2014
390,10/07/2014
391,11/07/2014
392,14/07/2014
393,15/07/2014
394,16/07/2014
395,17/07/2014
396,18/07/2014
397,21/07/2014
398,22/07/2014
399,23/07/2014
400,24/07/2014
401,25/07/2014
402,28/07/2014
403,29/07/2014
404,30/07/2014
405,31/07/2014
406,01/08/2014
407,04/08/2014
408,05/08/2014
409,06/08/2014
410,07/08/2014
411,08/08/2014
412,11/08/2014
413,12/08/2014
414,13/08/2014
415,14/08/2014
416,15/08/2014
417,18/08/2014
418,19/08/2014
419,20/08/2014
420,21/08/2014
421,22/08/2014
422,25/08/2014
423,26/08/2014
424,27/08/2014
425,28/08/2014
426,29/08/2014
427,01/09/2014
428,02/09/2014
429,03/09/2014
430,04/09/2014
431,05/09/2014
432,08/09/2014
433,09/09/2014
434,10/09/2014
435,11/09/2014
436,12/09/2014
437,15/09/2014
438,16/09/2014
439,17/09/2014
440,18/09/2014
441,19/09/2014
442,22/09/2014
443,23/09/2014
444,24/09/2014
445,25/09/2014
446,26/09/2014
447,29/09/2014
448,30/09/2014
449,01/10/2014
450,02/10/2014
451,03/10/2014
452,06/10/2014
453,07/10/2014
454,08/10/2014
455,09/10/2014
456,10/10/2014
457,13/10/2014
458,14/10/2014
459,15/10/2014
460,16/10/2014
461,17/10/2014
462,20/10/2014
463,21/10/2014
464,22/10/2014
465,23/10/2014
466,24/10/2014
467,27/10/2014
468,28/10/2014
469,29/10/2014
470,30/10/2014
471,31/10/2014
472,03/11/2014
473,04/11/2014
474,05/11/2014
475,06/11/2014
476,07/11/2014
477,10/11/2014
478,11/11/2014
479,12/11/2014
480,13/11/2014
481,14/11/2014
482,17/11/2014
483,18/11/2014
484,19/11/2014
485,20/11/2014
486,21/11/2014
487,24/11/2014
488,25/11/2014
489,26/11/2014
490,27/11/2014
491,28/11/2014
492,01/12/2014
493,02/12/2014
494,03/12/2014
495,04/12/2014
496,05/12/2014
497,08/12/2014
498,09/12/2014
499,10/12/2014
500,11/12/2014
501,12/12/2014
502,15/12/2014
503,16/12/2014
504,17/12/2014
505,18/12/2014
506,19/12/2014
507,22/12/2014
508,23/12/2014
509,24/12/2014
510,29/12/2014
511,30/12/2014
512,31/12/2014
513,02/01/2015
514,05/01/2015
515,06/01/2015
516,07/01/2015
517,08/01/2015
518,09/01/2015
519,12/01/2015
520,13/01/2015
521,14/01/2015
522,15/01/2015
523,16/01/2015
524,19/01/2015
525,20/01/2015
526,21/01/2015
527,22/01/2015
528,23/01/2015
529,26/01/2015
530,27/01/2015
531,28/01/2015
532,29/01/2015
533,30/01/2015
534,02/02/2015
535,03/02/2015
536,04/02/2015
537,05/02/2015
538,06/02/2015
539,09/02/2015
540,10/02/2015
541,11/02/2015
542,12/02/2015
543,13/02/2015
544,16/02/2015
545,17/02/2015
546,18/02/2015
547,19/02/2015
548,20/02/2015
549,23/02/2015
550,24/02/2015
551,25/02/2015
552,26/02/2015
553,27/02/2015
554,02/03/2015
555,03/03/2015
556,04/03/2015
557,05/03/2015
558,06/03/2015
559,09/03/2015
560,10/03/2015
561,11/03/2015
562,12/03/2015
563,13/03/2015
564,16/03/2015
565,17/03/2015
566,18/03/2015
567,19/03/2015
568,20/03/2015
569,23/03/2015
570,24/03/2015
571,25/03/2015
572,26/03/2015
573,27/03/2015
574,30/03/2015
575,31/03/2015
576,01/04/2015
577,02/04/2015
578,07/04/2015
579,08/04/2015
580,09/04/2015
581,10/04/2015
582,13/04/2015
583,14/04/2015
584,15/04/2015
585,16/04/2015
586,17/04/2015
587,20/04/2015
588,21/04/2015
589,22/04/2015
590,23/04/2015
591,24/04/2015
592,27/04/2015
593,28/04/2015
594,29/04/2015
595,30/04/2015
596,04/05/2015
597,05/05/2015
598,06/05/2015
599,07/05/2015
600,08/05/2015
601,11/05/2015
602,12/05/2015
603,13/05/2015
604,14/05/2015
605,15/05/2015
606,18/05/2015
607,19/05/2015
608,20/05/2015
609,21/05/2015
610,22/05/2015
611,25/05/2015
612,26/05/2015
613,27/05/2015
614,28/05/2015
615,29/05/2015
616,01/06/2015
617,02/06/2015
618,03/06/2015
619,04/06/2015
620,05/06/2015
621,08/06/2015
622,09/06/2015
623,10/06/2015
624,11/06/2015
625,12/06/2015
626,15/06/2015
627,16/06/2015
628,17/06/2015
629,18/06/2015
630,19/06/2015
631,22/06/2015
632,23/06/2015
633,24/06/2015
634,25/06/2015
635,26/06/2015
636,29/06/2015
637,30/06/2015
638,01/07/2015
639,02/07/2015
640,03/07/2015
641,06/07/2015
642,07/07/2015
643,08/07/2015
644,09/07/2015
645,10/07/2015
646,13/07/2015
647,14/07/2015
648,15/07/2015
649,16/07/2015
650,17/07/2015
651,20/07/2015
652,21/07/2015
653,22/07/2015
654,23/07/2015
655,24/07/2015
656,27/07/2015
657,28/07/2015
658,29/07/2015
659,30/07/2015
660,31/07/2015
661,03/08/2015
662,04/08/2015
663,05/08/2015
664,06/08/2015
665,07/08/2015
666,10/08/2015
667,11/08/2015
668,12/08/2015
669,13/08/2015
670,14/08/2015
671,17/08/2015
672,18/08/2015
673,19/08/2015
674,20/08/2015
675,21/08/2015
676,24/08/2015
677,25/08/2015
678,26/08/2015
679,27/08/2015
680,28/08/2015
681,31/08/2015
682,01/09/2015
683,02/09/2015
684,03/09/2015
685,04/09/2015
686,07/09/2015
687,08/09/2015
688,09/09/2015
689,10/09/2015
690,11/09/2015
691,14/09/2015
692,15/09/2015
693,16/09/2015
694,17/09/2015
695,18/09/2015
696,21/09/2015
697,22/09/2015
698,23/09/2015
699,24/09/2015
700,25/09/2015
701,28/09/2015
702,29/09/2015
703,30/09/2015
704,01/10/2015
705,02/10/2015
706,05/10/2015
707,06/10/2015
708,07/10/2015
709,08/10/2015
710,09/10/2015
711,12/10/2015
712,13/10/2015
713,14/10/2015
714,15/10/2015
715,16/10/2015
716,19/10/2015
717,20/10/2015
718,21/10/2015
719,22/10/2015
720,23/10/2015
721,26/10/2015
722,27/10/2015
723,28/10/2015
724,29/10/2015
725,30/10/2015
726,02/11/2015
727,03/11/2015
728,04/11/2015
729,05/11/2015
730,06/11/2015
731,09/11/2015
732,10/11/2015
733,11/11/2015
734,12/11/2015
735,13/11/2015
736,16/11/2015
737,17/11/2015
738,18/11/2015
739,19/11/2015
740,20/11/2015
741,23/11/2015
742,24/11/2015
743,25/11/2015
744,26/11/2015
745,27/11/2015
746,30/11/2015
747,01/12/2015
748,02/12/2015
749,03/12/2015
750,04/12/2015
751,07/12/2015
752,08/12/2015
753,09/12/2015
754,10/12/2015
755,11/12/2015
756,14/12/2015
757,15/12/2015
758,16/12/2015
759,17/12/2015
760,18/12/2015
761,21/12/2015
762,22/12/2015
763,23/12/2015
764,24/12/2015
765,28/12/2015
766,29/12/2015
767,30/12/2015
768,04/01/2016
769,05/01/2016
770,06/01/2016
771,07/01/2016
772,08/01/2016
773,11/01/2016
774,12/01/2016
775,13/01/2016
776,14/01/2016
777,15/01/2016
778,18/01/2016
779,19/01/2016
780,20/01/2016
781,21/01/2016
782,22/01/2016
783,25/01/2016
784,26/01/2016
785,27/01/2016
786,28/01/2016
787,29/01/2016
788,01/02/2016
789,02/02/2016
790,03/02/2016
791,04/02/2016
792,05/02/2016
793,08/02/2016
794,09/02/2016
795,10/02/2016
796,11/02/2016
797,12/02/2016
798,15/02/2016
799,16/02/2016
800,17/02/2016
801,18/02/2016
802,19/02/2016
803,22/02/2016
804,23/02/2016
805,24/02/2016
806,25/02/2016
807,26/02/2016
808,29/02/2016
809,01/03/2016
810,02/03/2016
811,03/03/2016
812,04/03/2016
813,07/03/2016
814,08/03/2016
815,09/03/2016
816,10/03/2016
817,11/03/2016
818,14/03/2016
819,15/03/2016
820,16/03/2016
821,17/03/2016
822,18/03/2016
823,21/03/2016
824,22/03/2016
825,23/03/2016
826,24/03/2016
827,29/03/2016
828,30/03/2016
829,31/03/2016
830,01/04/2016
831,04/04/2016
832,05/04/2016
833,06/04/2016
834,07/04/2016
835,08/04/2016
836,11/04/2016
837,12/04/2016
838,13/04/2016
839,14/04/2016
840,15/04/2016
841,18/04/2016
842,19/04/2016
843,20/04/2016
844,21/04/2016
845,22/04/2016
846,25/04/2016
847,26/04/2016
848,27/04/2016
849,28/04/2016
850,29/04/2016
851,02/05/2016
852,03/05/2016
853,04/05/2016
854,05/05/2016
855,06/05/2016
856,09/05/2016
857,10/05/2016
858,11/05/2016
859,12/05/2016
860,13/05/2016
861,16/05/2016
862,17/05/2016
863,18/05/2016
864,19/05/2016
865,20/05/2016
866,23/05/2016
867,24/05/2016
868,25/05/2016
869,26/05/2016
870,27/05/2016
871,30/05/2016
872,31/05/2016
873,01/06/2016
874,02/06/2016
875,03/06/2016
876,06/06/2016
877,07/06/2016
878,08/06/2016
879,09/06/2016
880,10/06/2016
881,13/06/2016
882,14/06/2016
883,15/06/2016
884,16/06/2016
885,17/06/2016
886,20/06/2016
887,21/06/2016
888,22/06/2016
889,23/06/2016
890,24/06/2016
891,27/06/2016
892,28/06/2016
893,29/06/2016
894,30/06/2016
895,01/07/2016
896,04/07/2016
897,05/07/2016
898,06/07/2016
899,07/07/2016
900,08/07/2016
901,11/07/2016
902,12/07/2016
903,13/07/2016
904,14/07/2016
905,15/07/2016
906,18/07/2016
907,19/07/2016
908,20/07/2016
909,21/07/2016
910,22/07/2016
911,25/07/2016
912,26/07/2016
913,27/07/2016
914,28/07/2016
915,29/07/2016
916,01/08/2016
917,02/08/2016
918,03/08/2016
919,04/08/2016
920,05/08/2016
921,08/08/2016
922,09/08/2016
923,10/08/2016
924,11/08/2016
925,12/08/2016
926,15/08/2016
927,16/08/2016
928,17/08/2016
929,18/08/2016
930,19/08/2016
931,22/08/2016
932,23/08/2016
933,24/08/2016
934,25/08/2016
935,26/08/2016
936,29/08/2016
937,30/08/2016
938,31/08/2016
939,01/09/2016
940,02/09/2016
941,05/09/2016
942,06/09/2016
943,07/09/2016
944,08/09/2016
945,09/09/2016
946,12/09/2016
947,13/09/2016
948,14/09/2016
949,15/09/2016
950,16/09/2016
951,19/09/2016
952,20/09/2016
953,21/09/2016
954,22/09/2016
955,23/09/2016
956,26/09/2016
957,27/09/2016
958,28/09/2016
959,29/09/2016
960,30/09/2016
961,03/10/2016
962,04/10/2016
963,05/10/2016
964,06/10/2016
965,07/10/2016
966,10/10/2016
967,11/10/2016
968,12/10/2016
969,13/10/2016
970,14/10/2016
971,17/10/2016
972,18/10/2016
973,19/10/2016
974,20/10/2016
975,21/10/2016
976,24/10/2016
977,25/10/2016
978,26/10/2016
979,27/10/2016
980,28/10/2016
981,31/10/2016
982,01/11/2016
983,02/11/2016
984,03/11/2016
985,04/11/2016
986,07/11/2016
987,08/11/2016
988,09/11/2016
989,10/11/2016
990,11/11/2016
991,14/11/2016
992,15/11/2016
993,16/11/2016
994,17/11/2016
995,18/11/2016
996,21/11/2016
997,22/11/2016
998,23/11/2016
999,24/11/2016
1000,25/11/2016
1001,28/11/2016
1002,29/11/2016
1003,30/11/2016
1004,01/12/2016
1005,02/12/2016
1006,05/12/2016
1007,06/12/2016
1008,07/12/2016
1009,08/12/2016
1010,09/12/2016
1011,12/12/2016
1012,13/12/2016
1013,14/12/2016
1014,15/12/2016
1015,16/12/2016
1016,19/12/2016
1017,20/12/2016
1018,21/12/2016
1019,22/12/2016
1020,23/12/2016
1021,27/12/2016
1022,28/12/2016
1023,29/12/2016
1024,30/12/2016
1025,02/01/2017
1026,03/01/2017
1027,04/01/2017
1028,05/01/2017
1029,06/01/2017
1030,09/01/2017
1031,10/01/2017
1032,11/01/2017
1033,12/01/2017
1034,13/01/2017
1035,16/01/2017
1036,17/01/2017
1037,18/01/2017
1038,19/01/2017
1039,20/01/2017
1040,23/01/2017
1041,24/01/2017
1042,25/01/2017
1043,26/01/2017
1044,27/01/2017
1045,30/01/2017
1046,31/01/2017
1047,01/02/2017
1048,02/02/2017
1049,03/02/2017
1050,06/02/2017
1051,07/02/2017
1052,08/02/2017
1053,09/02/2017
1054,10/02/2017
1055,13/02/2017
1056,14/02/2017
1057,15/02/2017
1058,16/02/2017
1059,17/02/2017
1060,20/02/2017
1061,21/02/2017
1062,22/02/2017
1063,23/02/2017
1064,24/02/2017
1065,27/02/2017
1066,28/02/2017
1067,01/03/2017
1068,02/03/2017
1069,03/03/2017
1070,06/03/2017
1071,07/03/2017
1072,08/03/2017
1073,09/03/2017
1074,10/03/2017
1075,13/03/2017
1076,14/03/2017
1077,15/03/2017
1078,16/03/2017
1079,17/03/2017
1080,20/03/2017
1081,21/03/2017
1082,22/03/2017
1083,23/03/2017
1084,24/03/2017
1085,27/03/2017
1086,28/03/2017
1087,29/03/2017
1088,30/03/2017
1089,31/03/2017
1090,03/04/2017
1091,04/04/2017
1092,05/04/2017
1093,06/04/2017
1094,07/04/2017
1095,10/04/2017
1096,11/04/2017
1097,12/04/2017
1098,13/04/2017
1099,18/04/2017
1100,19/04/2017
1101,20/04/2017
1102,21/04/2017
1103,24/04/2017
1104,25/04/2017
1105,26/04/2017
1106,27/04/2017
1107,28/04/2017
1108,02/05/2017
1109,03/05/2017
1110,04/05/2017
1111,05/05/2017
1112,08/05/2017
1113,09/05/2017
1114,10/05/2017
1115,11/05/2017
1116,12/05/2017
1117,15/05/2017
1118,16/05/2017
1119,17/05/2017
1120,18/05/2017
1121,19/05/2017
1122,22/05/2017
1123,23/05/2017
1124,24/05/2017
1125,25/05/2017
1126,26/05/2017
1127,29/05/2017
1128,30/05/2017
1129,31/05/2017
1130,01/06/2017
1131,02/06/2017
1132,05/06/2017
1133,06/06/2017
1134,07/06/2017
1135,08/06/2017
1136,09/06/2017
1137,12/06/2017
1138,13/06/2017
1139,14/06/2017
1140,15/06/2017
1141,16/06/2017
1142,19/06/2017
1143,20/06/2017
1144,21/06/2017
1145,22/06/2017
1146,23/06/2017
1147,26/06/2017
1148,27/06/2017
1149,28/06/2017
1150,29/06/2017
1151,30/06/2017
1152,03/07/2017
1153,04/07/2017
1154,05/07/2017
1155,06/07/2017
1156,07/07/2017
1157,10/07/2017
1158,11/07/2017
1159,12/07/2017
1160,13/07/2017
1161,14/07/2017
1162,17/07/2017
1163,18/07/2017
1164,19/07/2017
1165,20/07/2017
1166,21/07/2017
1167,24/07/2017
1168,25/07/2017
1169,26/07/2017
1170,27/07/2017
1171,28/07/2017
1172,31/07/2017
1173,01/08/2017
1174,02/08/2017
1175,03/08/2017
1176,04/08/2017
1177,07/08/2017
1178,08/08/2017
1179,09/08/2017
1180,10/08/2017
1181,11/08/2017
1182,14/08/2017
1183,15/08/2017
1184,16/08/2017
1185,17/08/2017
1186,18/08/2017
1187,21/08/2017
1188,22/08/2017
1189,23/08/2017
1190,24/08/2017
1191,25/08/2017
1192,28/08/2017
1193,29/08/2017
1194,30/08/2017
1195,31/08/2017
1196,01/09/2017
1197,04/09/2017
1198,05/09/2017
1199,06/09/2017
1200,07/09/2017
1201,08/09/2017
1202,11/09/2017
1203,12/09/2017
1204,13/09/2017
1205,14/09/2017
1206,15/09/2017
1207,18/09/2017
1208,19/09/2017
1209,20/09/2017
1210,21/09/2017
1211,22/09/2017
1212,25/09/2017
1213,26/09/2017
1214,27/09/2017
1215,28/09/2017
1216,29/09/2017
1217,02/10/2017
1218,03/10/2017
1219,04/10/2017
1220,05/10/2017
1221,06/10/2017
1222,09/10/2017
1223,10/10/2017
1224,11/10/2017
1225,12/10/2017
1226,13/10/2017
1227,16/10/2017
1228,17/10/2017
1229,18/10/2017
1230,19/10/2017
1231,20/10/2017
1232,23/10/2017
1233,24/10/2017
1234,25/10/2017
1235,26/10/2017
1236,27/10/2017
1237,30/10/2017
1238,31/10/2017
1239,01/11/2017
1240,02/11/2017
1241,03/11/2017
1242,06/11/2017
1243,07/11/2017
1244,08/11/2017
1245,09/11/2017
1246,10/11/2017
1247,13/11/2017
1248,14/11/2017
1249,15/11/2017
1250,16/11/2017
1251,17/11/2017
1252,20/11/2017
1253,21/11/2017
1254,22/11/2017
1255,23/11/2017
1256,24/11/2017
1257,27/11/2017
1258,28/11/2017
1259,29/11/2017
1260,30/11/2017
1261,01/12/2017
1262,04/12/2017
1263,05/12/2017
1264,06/12/2017
1265,07/12/2017
1266,08/12/2017
1267,11/12/2017
1268,12/12/2017
1269,13/12/2017
1270,14/12/2017
1271,15/12/2017
1272,18/12/2017
1273,19/12/2017
1274,20/12/2017
1275,21/12/2017
1276,22/12/2017
1277,27/12/2017
1278,28/12/2017
1279,29/12/2017
1280,02/01/2018
1281,03/01/2018
1282,04/01/2018
1283,05/01/2018
1284,08/01/2018
1285,09/01/2018
1286,10/01/2018
1287,11/01/2018
1288,12/01/2018
1289,15/01/2018
1290,16/01/2018
1291,17/01/2018
1292,18/01/2018
1293,19/01/2018
1294,22/01/2018
1295,23/01/2018
1296,24/01/2018
1297,25/01/2018
1298,26/01/2018
1299,29/01/2018
1300,30/01/2018
1301,31/01/2018
1302,01/02/2018
1303,02/02/2018
1304,05/02/2018
1305,06/02/2018
1306,07/02/2018
1307,08/02/2018
1308,09/02/2018
1309,12/02/2018
1310,13/02/2018
1311,14/02/2018
1312,15/02/2018
1313,16/02/2018
1314,19/02/2018
1315,20/02/2018
1316,21/02/2018
1317,22/02/2018
1318,23/02/2018
1319,26/02/2018
1320,27/02/2018
1321,28/02/2018
1322,01/03/2018
1323,02/03/2018
1324,05/03/2018
1325,06/03/2018
1326,07/03/2018
1327,08/03/2018
1328,09/03/2018
1329,12/03/2018
1330,13/03/2018
1331,14/03/2018
1332,15/03/2018
1333,16/03/2018
1334,19/03/2018
1335,20/03/2018
1336,21/03/2018
1337,22/03/2018
1338,23/03/2018
1339,26/03/2018
1340,27/03/2018
1341,28/03/2018
1342,29/03/2018
1343,03/04/2018
1344,04/04/2018
1345,05/04/2018
1346,06/04/2018
1347,09/04/2018
1348,10/04/2018
1349,11/04/2018
1350,12/04/2018
1351,13/04/2018
1352,16/04/2018
1353,17/04/2018
1354,18/04/2018
1355,19/04/2018
1356,20/04/2018
1357,23/04/2018
1358,24/04/2018
1359,25/04/2018
1360,26/04/2018
1361,27/04/2018
1362,30/04/2018
1363,02/05/2018
1364,03/05/2018
1365,04/05/2018
1366,07/05/2018
1367,08/05/2018
1368,09/05/2018
1369,10/05/2018
1370,11/05/2018
1371,14/05/2018
1372,15/05/2018
1373,16/05/2018
1374,17/05/2018
1375,18/05/2018
1376,21/05/2018
1377,22/05/2018
1378,23/05/2018
1379,24/05/2018
1380,25/05/2018
1381,28/05/2018
1382,29/05/2018
1383,30/05/2018
1384,31/05/2018
1385,01/06/2018
1386,04/06/2018
1387,05/06/2018
1388,06/06/2018
1389,07/06/2018
1390,08/06/2018
1391,11/06/2018
1392,12/06/2018
1393,13/06/2018
1394,14/06/2018
1395,15/06/2018
1396,18/06/2018
1397,19/06/2018
1398,20/06/2018
1399,21/06/2018
1400,22/06/2018
1401,25/06/2018
1402,26/06/2018
1403,27/06/2018
1404,28/06/2018
1405,29/06/2018
1406,02/07/2018
1407,03/07/2018
1408,04/07/2018
1409,05/07/2018
1410,06/07/2018
1411,09/07/2018
1412,10/07/2018
1413,11/07/2018
1414,12/07/2018
1415,13/07/2018
1416,16/07/2018
1417,17/07/2018
1418,18/07/2018
1419,19/07/2018
1420,20/07/2018
1421,23/07/2018
1422,24/07/2018
1423,25/07/2018
1424,26/07/2018
1425,27/07/2018
1426,30/07/2018
1427,31/07/2018
1428,01/08/2018
1429,02/08/2018
1430,03/08/2018
1431,06/08/2018
1432,07/08/2018
1433,08/08/2018
1434,09/08/2018
1435,10/08/2018
1436,13/08/2018
1437,14/08/2018
1438,15/08/2018
1439,16/08/2018
1440,17/08/2018
1441,20/08/2018
1442,21/08/2018
1443,22/08/2018
1444,23/08/2018
1445,24/08/2018
1446,27/08/2018
1447,28/08/2018
1448,29/08/2018
1449,30/08/2018
1450,31/08/2018
1451,03/09/2018
1452,04/09/2018
1453,05/09/2018
1454,06/09/2018
1455,07/09/2018
1456,10/09/2018
1457,11/09/2018
1458,12/09/2018
1459,13/09/2018
1460,14/09/2018
1461,17/09/2018
1462,18/09/2018
1463,19/09/2018
1464,20/09/2018
1465,21/09/2018
1466,24/09/2018
1467,25/09/2018
1468,26/09/2018
1469,27/09/2018
1470,28/09/2018
1471,01/10/2018
1472,02/10/2018
1473,03/10/2018
1474,04/10/2018
1475,05/10/2018
1476,08/10/2018
1477,09/10/2018
1478,10/10/2018
1479,11/10/2018
1480,12/10/2018
1481,15/10/2018
1482,16/10/2018
1483,17/10/2018
1484,18/10/2018
1485,19/10/2018
1486,22/10/2018
1487,23/10/2018
1488,24/10/2018
1489,25/10/2018
1490,26/10/2018
1491,29/10/2018
1492,30/10/2018
1493,31/10/2018
1494,01/11/2018
1495,02/11/2018
1496,05/11/2018
1497,06/11/2018
1498,07/11/2018
1499,08/11/2018
1500,09/11/2018
1501,12/11/2018
1502,13/11/2018
1503,14/11/2018
1504,15/11/2018
1505,16/11/2018
1506,19/11/2018
1507,20/11/2018
1508,21/11/2018
1509,22/11/2018
1510,23/11/2018
1511,26/11/2018
1512,27/11/2018
1513,28/11/2018
1514,29/11/2018
1515,30/11/2018
1516,03/12/2018
1517,04/12/2018
1518,05/12/2018
1519,06/12/2018
1520,07/12/2018
1521,10/12/2018
1522,11/12/2018
1523,12/12/2018
1524,13/12/2018
1525,14/12/2018
1526,17/12/2018
1527,18/12/2018
1528,19/12/2018
1529,20/12/2018
1530,21/12/2018
1531,24/12/2018
1532,27/12/2018
1533,28/12/2018
1534,31/12/2018
