"OPEN","HIGH","LOW","CLOSE","VOLUME","BAR_SIZE","DATE_TIME","sma20","dn","mavg","up","pctB","rsi14","macd","signal"
165.36,165.58,163.65,164.35,1317248,"DAY_1","2013-09-03",,,,,,,,
164.34,166.09,164.13,166.04,898364,"DAY_1","2013-09-04",,,,,,,,
166.13,166.4,165.65,165.98,582773,"DAY_1","2013-09-05",,,,,,,,
165.88,166.98,164.48,165.84,1462634,"DAY_1","2013-09-06",,,,,,,,
166.15,167.8,166.15,167.79,814071,"DAY_1","2013-09-09",,,,,,,,
168.06,168.9,167.64,168.7,976159,"DAY_1","2013-09-10",,,,,,,,
168.64,169.61,168.35,169.45,826807,"DAY_1","2013-09-11",,,,,,,,
169.35,169.74,168.72,169.14,752439,"DAY_1","2013-09-12",,,,,,,,
169.03,169.59,168.58,169.53,657959,"DAY_1","2013-09-13",,,,,,,,
171,171.61,169.34,170.18,1079380,"DAY_1","2013-09-16",,,,,,,,
170.1,171.22,170.05,171.13,695315,"DAY_1","2013-09-17",,,,,,,,
171.11,173.52,170.58,173.16,1703056,"DAY_1","2013-09-18",,,,,,,,
173.46,173.86,172.59,172.82,1164763,"DAY_1","2013-09-19",,,,,,,,
172.12,172.5,170.57,170.64,1236445,"DAY_1","2013-09-20",,,,,,,,
171.04,171.17,169.39,169.7,936418,"DAY_1","2013-09-23",,,,,,70.1279157261098,,
169.65,170.53,169.21,169.55,859227,"DAY_1","2013-09-24",,,,,,69.2857551323842,,
169.33,169.98,168.89,169.19,1102872,"DAY_1","2013-09-25",,,,,,67.1999726947314,,
169.33,170.17,169.05,169.94,742390,"DAY_1","2013-09-26",,,,,,69.2751636958699,,
169.65,169.66,168.47,169.01,909434,"DAY_1","2013-09-27",,,,,,63.8782754915444,,
167.98,168.97,167.15,168.22,1365546,"DAY_1","2013-09-30",169.018,164.673386783614,169.018,173.362613216386,0.408162135470402,59.6286590818483,,
168.65,169.69,167.97,169.4,1107371,"DAY_1","2013-10-01",169.2705,165.49005306875,169.2705,173.05094693125,0.517127604533936,63.5312824279096,,
168.65,169.34,167.83,168.25,1015636,"DAY_1","2013-10-02",169.381,165.864752568433,169.381,172.897247431567,0.339175140257967,57.6792884047577,,
168.47,169.23,166.84,167.46,1611752,"DAY_1","2013-10-03",169.455,166.173722809636,169.455,172.736277190364,0.196002519101568,53.9995231771499,,
167.65,169.06,167.53,168.84,877451,"DAY_1","2013-10-04",169.605,166.752145289364,169.605,172.457854710636,0.365923771521232,58.9287096024206,,
167.41,168.9,167.01,167.3,877383,"DAY_1","2013-10-07",169.5805,166.658148378446,169.5805,172.502851621554,0.109817657947124,52.2057902391535,,
167.42,167.64,165.16,165.95,1641395,"DAY_1","2013-10-08",169.443,166.134591923598,169.443,172.751408076402,-0.0278973934495905,47.1297628527796,-0.10951417188596,
165.98,166.29,164.53,165.72,1570025,"DAY_1","2013-10-09",169.2565,165.571588739196,169.2565,172.941411260804,0.0201376980746578,46.3037249730472,-0.337174056850598,
166.43,169.26,165.57,168.75,1758254,"DAY_1","2013-10-10",169.237,165.545707001605,169.237,172.928292998395,0.434033955010917,56.9968462320948,-0.438143077908648,
168.95,170.57,168.7,170.41,978501,"DAY_1","2013-10-11",169.281,165.555960939802,169.281,173.006039060198,0.65154203509748,61.5181754452935,-0.478343914754176,
169.54,171.42,168.96,171.31,1045432,"DAY_1","2013-10-14",169.3375,165.526348599176,169.3375,173.148651400824,0.758780063102936,63.7438739132362,-0.534585622304939,
170.89,171.3,169.47,170.86,1405191,"DAY_1","2013-10-15",169.324,165.536502673268,169.324,173.111497326732,0.702772420347215,61.8186344002776,-0.512909580341225,
170.4,172.16,169.72,171.9,1448885,"DAY_1","2013-10-16",169.261,165.695409445828,169.261,172.826590554172,0.870064924716641,64.4881080171,-0.404244587070091,
171.77,173.82,171.14,173.62,1176598,"DAY_1","2013-10-17",169.301,165.56282985941,169.301,173.03917014059,1.0776890614345,68.4205194381136,-0.291139125744011,
173.47,174.51,173.28,174.3,1230669,"DAY_1","2013-10-18",169.484,165.18523552634,169.484,173.78276447366,1.06016095200254,69.8423498077084,-0.110856044106966,-0.357434464551846
174.27,174.75,174.01,174.35,746035,"DAY_1","2013-10-21",169.7165,164.921772583347,169.7165,174.511227416653,0.983187009120405,69.9494870512992,0.117858747403088,-0.332170806853063
174.27,175.93,174.18,175.32,1151514,"DAY_1","2013-10-22",170.005,164.626265948199,170.005,175.383734051801,0.994075366881227,72.0257743905641,0.318756447034541,-0.259289639754714
174.55,174.89,173.96,174.76,994684,"DAY_1","2013-10-23",170.2835,164.538093922097,170.2835,176.028906077903,0.889572115469524,69.0591813863565,0.601368171836225,-0.143788389783062
175.15,175.55,174.51,175.39,665539,"DAY_1","2013-10-24",170.556,164.399350261709,170.556,176.712649738291,0.89258364577207,70.5297685938478,1.01215290310159,0.0218223677564682
174.84,176.05,174.75,175.83,854909,"DAY_1","2013-10-25",170.897,164.375941496965,170.897,177.418058503035,0.878236140475078,71.5469188139363,1.43741579256247,0.240933636075069
175.89,176.48,175.67,176.16,743143,"DAY_1","2013-10-28",171.294,164.511645246671,171.294,178.076354753329,0.85872496920128,72.3185959152376,1.67282451009307,0.483792979456658
176.28,177.33,176.18,177.17,748917,"DAY_1","2013-10-29",171.6825,164.500255573639,171.6825,178.864744426361,0.88201846625122,74.5900417206713,1.83132687189815,0.732189808230907
177.22,177.76,175.66,175.96,1223991,"DAY_1","2013-10-30",172.068,164.836597369804,172.068,179.299402630196,0.769104086650385,67.4493436215809,1.9109524012596,0.976866644564642
175.88,176.89,175.53,175.91,1157983,"DAY_1","2013-10-31",172.4905,165.399335145056,172.4905,179.581664854945,0.741109893081645,67.1632154503029,2.00268633458012,1.21170468664098
175.9,176.61,175.22,176,1194283,"DAY_1","2013-11-01",172.8485,165.807899812516,172.8485,179.889100187484,0.723809044405218,67.431036077659,2.06315813032236,1.4278490625209
176.21,176.91,176,176.81,653478,"DAY_1","2013-11-04",173.324,166.567730615199,173.324,180.080269384801,0.757982608556293,69.8170464523215,2.03971596346395,1.61906678656862
176.66,176.75,175.57,176.37,743503,"DAY_1","2013-11-05",173.845,167.883300577855,173.845,179.806699422145,0.711768475832657,66.9478685311483,1.95427547705593,1.76938982048192
176.75,177.5,176.41,176.82,768845,"DAY_1","2013-11-06",174.4,169.617034392764,174.4,179.182965607236,0.752981120786123,68.3791153813811,1.90499726892748,1.86859475001813
176.93,177.95,174.76,175.25,1501226,"DAY_1","2013-11-07",174.725,170.698306567418,174.725,178.751693432582,0.56518996402258,58.8106389358899,1.74305475282239,1.90255463449145
175.45,177.31,174.15,177.19,1251518,"DAY_1","2013-11-08",175.064,171.424497836242,175.064,178.703502163758,0.792072913319098,65.2765401700575,1.64025213035359,1.89893548118706
176.94,177.53,176.91,177.36,625551,"DAY_1","2013-11-11",175.3665,172.032467756605,175.3665,178.700532243395,0.79896231566882,65.7834285973772,1.54302742889276,1.86690220974202
177.12,177.36,176.37,177.1,755477,"DAY_1","2013-11-12",175.6785,172.983005425715,175.6785,178.373994574285,0.76368073851104,64.238897790206,1.38397653558138,1.80834933577777
176.8,178.82,175.96,178.8,944370,"DAY_1","2013-11-13",176.0235,173.598024582685,176.0235,178.448975417315,1.07236201615958,69.3123538641115,1.22299030860036,1.72171644400225
178.78,179.42,178.25,179.25,898852,"DAY_1","2013-11-14",176.305,173.756930142245,176.305,178.853069857755,1.07788839482497,70.5052061034479,1.02116942495158,1.60593992118327
179.4,180.12,179.15,179.9,824209,"DAY_1","2013-11-15",176.585,173.763677615018,176.585,179.406322384982,1.0874904650468,72.18694034226,0.961416270458582,1.48612884418267
179.75,180.5,179.02,179.49,967516,"DAY_1","2013-11-18",176.842,173.946413012876,176.842,179.737586987124,0.957247530772739,69.4952666521053,0.930570558488109,1.37238385323069
179.22,179.87,178.72,178.95,845174,"DAY_1","2013-11-19",177.0235,174.077640023694,177.0235,179.969359976306,0.826984312814471,66.0044153486668,0.901767223626648,1.26091384819727
179.1,179.93,177.98,178.51,1104735,"DAY_1","2013-11-20",177.211,174.390589391596,177.211,180.031410608404,0.730285618010576,63.2179101401125,0.813815207828905,1.15766500986466
178.47,180.05,178.34,180,846386,"DAY_1","2013-11-21",177.4415,174.50301552667,177.4415,180.37998447333,0.93534346075697,68.1253067633473,0.807268608259348,1.06511128518752
180.01,180.83,179.75,180.58,706219,"DAY_1","2013-11-22",177.679,174.538981528717,177.679,180.819018471283,0.961939957763118,69.8136169686878,0.831825432512279,0.986088841145244
180.97,181.7,180.37,180.83,693987,"DAY_1","2013-11-25",177.9125,174.57095619511,177.9125,181.25404380489,0.936549716291369,70.5379949324746,0.951252984415252,0.93800844657123
180.87,181.22,180.41,180.74,733330,"DAY_1","2013-11-26",178.091,174.551627739274,178.091,181.630372260727,0.874218901667078,69.8878012977859,0.97813254773691,0.910802028697514
180.72,181.24,180.65,181.08,520227,"DAY_1","2013-11-27",178.347,174.721589126733,178.347,181.972410873267,0.876922795172376,70.9762167915221,1.02667338783826,0.911413580129367
181.25,181.75,180.8,181,511596,"DAY_1","2013-11-29",178.6015,174.981498480663,178.6015,182.221501519337,0.831284391344597,70.3320456710348,1.07303740993203,0.92381592895975
180.89,181.43,180.25,180.65,874717,"DAY_1","2013-12-02",178.834,175.31634509936,178.834,182.351654900641,0.758126514864964,67.4478848085229,1.04480714877135,0.936508883435666
180.66,180.66,179.17,179.82,980963,"DAY_1","2013-12-03",178.9845,175.57005729291,178.9845,182.39894270709,0.622347930786047,61.0538630555662,0.984503812953252,0.945701837805289
179.99,180.48,178.35,179.76,1169308,"DAY_1","2013-12-04",179.154,175.945159711048,179.154,182.362840288952,0.594426637886347,60.6065790309865,0.899640187016559,0.955237946603917
179.8,179.98,178.77,179.15,955479,"DAY_1","2013-12-05",179.2705,176.245130766336,179.2705,182.295869233664,0.480085075458031,56.1062453770343,0.840749068187452,0.958957997707039
179.47,181.23,178.99,181.17,1076121,"DAY_1","2013-12-06",179.5665,177.058287289722,179.5665,182.074712710278,0.819649923116415,65.2961134276179,0.831201816790705,0.958888707071309
181.24,181.67,180.95,181.55,622327,"DAY_1","2013-12-09",179.7845,177.384846066617,179.7845,182.184153933383,0.867865544160169,66.7081981548631,0.85053490125977,0.947697808942922
181.56,181.63,180.64,181.29,767747,"DAY_1","2013-12-10",179.981,177.77157564058,179.981,182.19042435942,0.796231005695836,64.7663880664941,0.796021822458592,0.927463283911998
180.87,181.37,178.5,178.74,1205238,"DAY_1","2013-12-11",180.063,178.191464801293,180.063,181.934535198707,0.146546856047931,49.5362943947863,0.668761910891358,0.887695342029009
178.8,178.95,177.76,178.04,1109817,"DAY_1","2013-12-12",180.025,178.025915209402,180.025,182.024084790598,0.00352280970375771,46.3164789732301,0.503071686017509,0.824365817149618
178.66,178.85,177.77,177.97,977455,"DAY_1","2013-12-13",179.961,177.792028815314,179.961,182.129971184686,0.0410266364862157,45.994521692464,0.349615615782994,0.747122313484244
177.83,179.81,177.04,179.01,853823,"DAY_1","2013-12-16",179.9165,177.708185937191,179.9165,182.124814062809,0.29475292593868,51.399830168605,0.172703246763906,0.656922250574317
179.11,179.46,178.25,178.74,757919,"DAY_1","2013-12-17",179.879,177.618142640501,179.879,182.139857359499,0.248104409326265,50.000650675931,0.034586292263783,0.560805151157342
178.71,181.84,177.32,181.52,2057348,"DAY_1","2013-12-18",180.0075,177.681259470734,180.0075,182.333740529266,0.825095359007688,61.5933360191094,-0.0141217552058315,0.465819504113644
181.54,181.77,180.71,181.56,1094821,"DAY_1","2013-12-19",180.16,177.846578291794,180.16,182.473421708206,0.802582100581539,61.7308252464609,-0.0288578696479913,0.370257316731566
180.68,182,180.51,181.85,1466263,"DAY_1","2013-12-20",180.2525,177.826846479812,180.2525,182.678153520188,0.829292701266792,62.7713724853495,0.00274149158498993,0.276058048989924
182.27,182.64,181.47,182.31,618026,"DAY_1","2013-12-23",180.339,177.754609162685,180.339,182.923390837315,0.881327772011326,64.4237794980687,0.0835786610762002,0.196897697725214
182.53,183.45,182.38,183.35,369918,"DAY_1","2013-12-24",180.465,177.57007685767,180.465,183.35992314233,0.998286112991167,67.8934903907943,0.110680666544294,0.13488867057554
183.3,183.96,183.24,183.66,539154,"DAY_1","2013-12-26",180.611,177.398244796129,180.611,183.823755203871,0.974514833300449,68.868146691424,0.119143276717071,0.0922299584310469
183.76,184.18,183.53,183.85,543314,"DAY_1","2013-12-27",180.7495,177.242464357181,180.7495,184.256535642819,0.942039989862797,69.4796854614999,0.132787421603142,0.0681379368555078
183.83,184.08,183.58,183.75,496783,"DAY_1","2013-12-30",180.887,177.143776255685,180.887,184.630223744315,0.882424374758326,68.7146188584728,0.252057470946476,0.0769550728757934
183.81,184.98,183.76,184.98,748389,"DAY_1","2013-12-31",181.1035,176.960610790764,181.1035,185.246389209236,0.967849827043206,72.6969899320984,0.465446485161936,0.124828427642255
184.84,184.84,182.48,183.09,939236,"DAY_1","2014-01-02",181.267,177.081744452247,181.267,185.452255547753,0.717788373875833,60.0483764797909,0.647455688479415,0.198337032496171
182.88,183.6,182.62,182.66,693489,"DAY_1","2014-01-03",181.412,177.24472943043,181.412,185.579270569569,0.649738297425807,57.5931657272469,0.776220525588456,0.287790187522443
182.64,183.56,182.08,182.39,901887,"DAY_1","2014-01-06",181.574,177.520712938861,181.574,185.627287061139,0.600659043844112,56.0436572110549,0.908739201715436,0.388456599759159
182.8,183.79,182.36,183.29,794372,"DAY_1","2014-01-07",181.68,177.564118563418,181.68,185.795881436582,0.695583865182599,59.9150545075502,0.94277665256306,0.483923043257699
183.51,183.83,182.89,183.52,854519,"DAY_1","2014-01-08",181.7785,177.586196218068,181.7785,185.970803781932,0.707702028596502,60.8636829770754,0.978873045380335,0.58038886312837
183.38,184.22,182.79,183.69,822116,"DAY_1","2014-01-09",181.8985,177.632254460887,181.8985,186.164745539113,0.709962129883948,61.5872782253185,0.998296160252599,0.67807251685454
183.8,184.57,183.01,184.18,978155,"DAY_1","2014-01-10",182.1705,178.053372481936,182.1705,186.287627518064,0.744041506023716,63.6721860515412,0.990849518278614,0.773412749818481
183.8,184.18,181.34,181.93,1303210,"DAY_1","2014-01-13",182.365,178.70456559955,182.365,186.02543440045,0.440580822873587,50.1988126673535,0.879406729225929,0.843118222960643
182.08,183.78,181.66,183.66,929245,"DAY_1","2014-01-14",182.6495,179.559642559923,182.6495,185.739357440077,0.663518870950699,57.6238166672114,0.783254962047009,0.878430275947873
183.95,184.94,183.71,184.7,814531,"DAY_1","2014-01-15",182.934,180.210917922647,182.934,185.657082077353,0.824264922950261,61.3540257447491,0.747016719884064,0.889492612770612
184.71,184.71,183.83,184.12,640733,"DAY_1","2014-01-16",183.203,181.230913794988,183.203,185.175086205012,0.732494907593136,58.2732511645087,0.709287968171068,0.882055661946458
184.12,184.63,183.32,183.6,870750,"DAY_1","2014-01-17",183.307,181.487416531181,183.307,185.126583468819,0.580512931948708,55.5787068567477,0.597131742388268,0.847432610910106
184.15,184.77,183.05,184.14,803396,"DAY_1","2014-01-21",183.436,181.770858564566,183.436,185.101141435434,0.711393454339353,57.7628724202194,0.530601235681161,0.801635342367673
184.3,184.74,183.9,184.55,590973,"DAY_1","2014-01-22",183.571,182.007377283358,183.571,185.134622716642,0.813055057841039,59.3953416330864,0.47905439103364,0.746099936329151
184.02,184.73,181.82,182.84,1118407,"DAY_1","2014-01-23",183.5975,182.103861824269,183.5975,185.091138175731,0.246424531620793,50.609564863666,0.396683582302737,0.679254094334722
182.82,182.82,178.43,178.59,1851513,"DAY_1","2014-01-24",183.3595,180.712399888557,183.3595,186.006600111443,-0.400891503759658,36.255398726023,0.191456499008913,0.590432647749199
179.05,179.63,177.12,178.04,1755547,"DAY_1","2014-01-27",183.0785,179.56671256338,183.0785,186.59028743662,-0.217369728512074,34.8767921639778,-0.0434555274731463,0.487892397004858
178.62,180.34,177.99,180.17,1015587,"DAY_1","2014-01-28",182.8945,179.183696987174,182.8945,186.605303012826,0.132896169564528,43.7908645857011,-0.175483983143032,0.381365847539298
180.07,180.07,176.88,177.89,1998223,"DAY_1","2014-01-29",182.6015,178.324901936118,182.6015,186.878098063882,-0.050846716200762,37.8227945150412,-0.385233364205462,0.255560282640462
177.81,179.81,177.32,178.87,1140697,"DAY_1","2014-01-30",182.296,177.872275777131,182.296,186.719724222869,0.112769713097321,41.512481316774,-0.462352546361744,0.125378003247927
178.36,179.31,176.57,178.1,1672744,"DAY_1","2014-01-31",182.0465,177.280418695616,182.0465,186.812581304384,0.0859806255959452,39.5277151517395,-0.627967588679068,-0.0107441446484438
178.18,178.66,173.72,174.5,2364978,"DAY_1","2014-02-03",181.6385,175.862313455228,181.6385,187.414686544772,-0.117924987763903,31.8584784238367,-0.908986587141458,-0.17069834718429
174.6,175.84,174.11,174.95,1529067,"DAY_1","2014-02-04",181.2665,174.81320231587,181.2665,187.71979768413,0.0105990526724519,33.5929193669727,-1.14676456378312,-0.351344897719486
174.76,175.56,173.71,175.24,1484388,"DAY_1","2014-02-05",180.864,173.976195124715,180.864,187.751804875285,0.091742209467917,34.7456486725558,-1.35030864197541,-0.545455144861502
175.26,177.48,174.95,177.24,1121645,"DAY_1","2014-02-06",180.55,173.602822155724,180.55,187.497177844276,0.261773768126066,42.1976834210357,-1.53133245452605,-0.736876139698719
177.29,179.89,176.35,179.86,1539513,"DAY_1","2014-02-07",180.3585,173.558508014711,180.3585,187.158491985289,0.463345545033116,50.2180350361254,-1.64013563375212,-0.914285040396383
179.73,180.28,179.1,180.14,779388,"DAY_1","2014-02-10",180.1565,173.586458067105,180.1565,186.726541932895,0.498744300251925,51.0005289694229,-1.70282905862968,-1.08399004878379
180.62,182.44,180.01,181.71,1138653,"DAY_1","2014-02-11",180.1455,173.586644993217,180.1455,186.704355006783,0.619266243756124,55.2481542851244,-1.53919719149606,-1.21220825181608
182,182.83,181.7,182.01,887320,"DAY_1","2014-02-12",180.063,173.643009034274,180.063,186.482990965726,0.651635727401677,56.032473985658,-1.34828449462209,-1.31064513495612
181.9,183.2,180.75,182.97,938105,"DAY_1","2014-02-13",179.9765,173.76553139599,179.9765,186.18746860401,0.740984956683508,58.5367390156051,-1.21252471881367,-1.37559592719329
182.9,184.36,182.58,184.01,871042,"DAY_1","2014-02-14",179.971,173.774540042895,179.971,186.167459957104,0.825911893884599,61.1202957447446,-0.940794464413719,-1.3791301357791
184.2,184.49,183.65,184.01,689075,"DAY_1","2014-02-18",179.9915,173.744643910734,179.9915,186.238356089266,0.821641794094233,61.1202957447446,-0.710687463402415,-1.33067712462569
184,184.95,182.87,183.3,1119784,"DAY_1","2014-02-19",179.9495,173.804308465149,179.9495,186.094691534851,0.772611519185255,58.2467341995662,-0.452443449886764,-1.23091432550473
182.8,184.52,182.45,184.39,958441,"DAY_1","2014-02-20",179.9415,173.819914339405,179.9415,186.063085660595,0.863345401554651,61.2581340394547,-0.0489341497294293,-1.06620340274955
184.47,184.89,183.7,183.87,919865,"DAY_1","2014-02-21",179.993,173.758453986055,179.993,186.227546013945,0.810928814329713,59.0693559262769,0.357476173569804,-0.844246535269335
184,186.15,183.89,185.07,995885,"DAY_1","2014-02-24",180.317,173.743480090545,180.317,186.890519909455,0.861526249670566,62.4074766393185,0.802336078409538,-0.565894853376088
184.77,185.59,184.23,185.31,1060605,"DAY_1","2014-02-25",180.6805,173.851759340113,180.6805,187.509240659887,0.838971724844822,63.0564204738293,1.14843961969675,-0.267268541021331
185.54,185.64,184.33,184.86,959516,"DAY_1","2014-02-26",180.915,173.854315897167,180.915,187.975684102833,0.779363864927558,60.932488971986,1.35153319183066,0.0327112019178623
184.91,186.07,183.83,185.85,916269,"DAY_1","2014-02-27",181.313,174.083866995275,181.313,188.542133004725,0.81379973207263,63.8197750686852,1.57748449205719,0.342712225347958
185.83,187.15,185.05,186.29,1428720,"DAY_1","2014-02-28",181.684,174.236164341233,181.684,189.131835658767,0.809217349242814,65.0558662839686,1.75064259347313,0.641760787335385
185.1,186.3,183.75,185.11,1543786,"DAY_1","2014-03-03",182.0345,174.634679799482,182.0345,189.434320200518,0.707809103239062,59.213191157779,1.84416126419571,0.925632868179621
185.98,187.98,184.91,187.5,1599973,"DAY_1","2014-03-04",182.6845,175.778854555872,182.6845,189.590145444128,0.848664005338923,65.8943549550086,1.85984955993375,1.18255431371523
187.75,188.17,187.45,187.77,801922,"DAY_1","2014-03-05",183.3255,177.060328094936,183.3255,189.590671905064,0.854698966552524,66.5607615953224,1.82255722375217,1.39049779965763
188.05,188.61,187.61,188.24,784576,"DAY_1","2014-03-06",183.9755,178.560910541879,183.9755,189.390089458121,0.893797169017459,67.7423456175332,1.84255949492078,1.55550705758552
188.2,189.26,187.43,188.21,1151804,"DAY_1","2014-03-07",184.524,179.767196871848,184.524,189.280803128152,0.887445086615526,67.5782023980249,1.84525839863996,1.6713873153889
187.92,188.36,187.08,188.09,718608,"DAY_1","2014-03-10",184.9355,180.447455993977,184.9355,189.423544006023,0.851433719875131,66.8801235824229,1.81639557853135,1.7456046441483
188.14,188.71,186.79,186.88,966314,"DAY_1","2014-03-11",185.2725,181.291907707388,185.2725,189.253092292612,0.701917187422535,60.1346643420157,1.76567982134128,1.79162093631615
186.86,187.48,185.89,187.48,996584,"DAY_1","2014-03-12",185.561,181.826228788801,185.561,189.295771211199,0.756909980756751,62.1720703905464,1.59858950650844,1.79396593792184
187.56,187.99,184.66,185.3,1464448,"DAY_1","2014-03-13",185.7255,182.359199508362,185.7255,189.091800491638,0.436800056760076,51.8112098850832,1.37864046595726,1.75263236819786
184.91,185.8,184.44,184.67,1476888,"DAY_1","2014-03-14",185.8105,182.64706215487,185.8105,188.97393784513,0.319737251712423,49.2565492325582,1.17090334865217,1.67782593313746
184.32,186.77,183.87,186.36,975578,"DAY_1","2014-03-17",185.928,182.867911112402,185.928,188.988088887598,0.570586184890053,55.5833750556619,1.00202525960322,1.58251212198963
186.24,187.91,185.78,187.69,938333,"DAY_1","2014-03-18",186.112,183.093075688263,186.112,189.130924311738,0.761351368410375,59.828350349458,0.90082048152158,1.48009692840845
187.9,188.6,185.47,186.59,1315537,"DAY_1","2014-03-19",186.2765,183.543389866837,186.2765,189.009610133163,0.5573522442795,55.1350025521881,0.832376221613051,1.36785434248537
186.4,187.93,185.77,187.75,1050330,"DAY_1","2014-03-20",186.4445,183.783774722937,186.4445,189.105225277063,0.745327845616807,58.8050344721561,0.717488201182315,1.24254654276785
187.3,188.22,186.03,186.08,1399091,"DAY_1","2014-03-21",186.555,184.160928154796,186.555,188.949071845204,0.400796627939221,52.1864770734484,0.556929028787656,1.10260581501855
186.47,187.07,184.62,185.59,1196597,"DAY_1","2014-03-24",186.581,184.241325663687,186.581,188.920674336313,0.28821838906822,50.3942457138339,0.383732366748113,0.949056097841536
185.38,186.94,185.27,186.68,995690,"DAY_1","2014-03-25",186.6495,184.383627320435,186.6495,188.915372679565,0.506730298722209,54.1651620220249,0.259836520670409,0.800305766081754
186.4,187.34,184.66,184.99,1137288,"DAY_1","2014-03-26",186.656,184.410040071595,186.656,188.901959928405,0.129111815636142,48.0644103842132,0.1007592411995,0.658318963330892
184.98,185.34,183.9,184.8,1348519,"DAY_1","2014-03-27",186.6035,184.238689013896,186.6035,188.968310986104,0.11867988380521,47.4177800175154,-0.0233402596759635,0.52562522907221
184.96,186.42,184.58,185.76,936713,"DAY_1","2014-03-28",186.577,184.186986610916,186.577,188.967013389084,0.329080455420948,51.0044500870016,-0.128576020572246,0.400002864608269
186.14,187.3,185.5,186.92,937032,"DAY_1","2014-03-31",186.6675,184.371304233085,186.6675,188.963695766915,0.554982245773215,54.9988163713102,-0.119002415817915,0.286689209348325
187.2,188.38,186.8,188.29,821840,"DAY_1","2014-04-01",186.707,184.32915139254,186.707,189.08484860746,0.83286391636404,59.2266237019731,-0.0235784530060901,0.191583134390643
188.31,189.13,187.92,188.68,718396,"DAY_1","2014-04-02",186.7525,184.262834359799,186.7525,189.242165640202,0.887100172986264,60.3680948118183,0.0105788920876426,0.113037655602346
188.65,189.24,188.05,188.96,743416,"DAY_1","2014-04-03",186.7885,184.195175685534,186.7885,189.381824314466,0.918671121827504,61.2077695880169,-0.0171933458663953,0.0492462806407845
189.06,189.74,186.1,186.59,1571344,"DAY_1","2014-04-04",186.7075,184.1969552384,186.7075,189.218044761601,0.476598704433146,51.3003322768175,-0.032425621800003,0.0030065041354383
185.99,186.38,183.96,184.59,1360297,"DAY_1","2014-04-07",186.5325,183.945062078039,186.5325,189.119937921961,0.124628675433466,44.7216497607524,-0.138432082467599,-0.0412455628798959
184.63,185.4,183.59,185.09,1095189,"DAY_1","2014-04-08",186.443,183.786911899052,186.443,189.099088100949,0.245302123164341,46.5664833594798,-0.182197004802176,-0.0726851457689709
185.09,187.22,185,187.2,916126,"DAY_1","2014-04-09",186.429,183.792040387113,186.429,189.065959612888,0.646191089964338,53.6034423534711,-0.104182757496296,-0.0816676455267857
187.17,187.2,182.93,183.31,1565728,"DAY_1","2014-04-10",186.3295,183.396130094925,186.3295,189.262869905075,-0.0146810831419516,42.4928147371559,-0.162860070215465,-0.0854769843760322
183.46,183.52,181.31,181.54,1596496,"DAY_1","2014-04-11",186.173,182.631282337622,186.173,189.714717662378,-0.154061170546471,38.5748665184211,-0.179084203637947,-0.092152738578258
181.5,183.37,181.23,183.08,1185925,"DAY_1","2014-04-14",186.009,182.221848563894,186.009,189.796151436106,0.113297745097349,43.4595309822846,-0.150273336970586,-0.106229947907646
183.04,184.94,181.51,184.66,1502780,"DAY_1","2014-04-15",185.8575,182.109231733187,185.8575,189.605768266813,0.340259565917077,48.0261479213792,-0.128734595794167,-0.121709224338958
185.07,186.22,184.21,185.47,975692,"DAY_1","2014-04-16",185.8015,182.065233012752,185.8015,189.537766987248,0.455637538600504,50.2447856467952,-0.164593900579091,-0.13808706375148
185.4,186.91,183.68,186.38,912446,"DAY_1","2014-04-17",185.733,182.093147805199,185.733,189.372852194801,0.588877235306983,52.6882796863552,-0.227497506735053,-0.159761717633152
186.58,187.12,186.21,187.07,661546,"DAY_1","2014-04-21",185.7825,182.098459419333,185.7825,189.466540580667,0.674740203291535,54.5124186075651,-0.336174546016244,-0.181733102471891
187.14,188.4,186.76,187.88,791495,"DAY_1","2014-04-22",185.897,182.103294160059,185.897,189.690705839941,0.761353948311261,56.6265582371433,-0.450668320242631,-0.211563248631941
188,188.6,187.3,188.43,699359,"DAY_1","2014-04-23",185.9845,182.044680334076,185.9845,189.924319665924,0.810356844648442,58.0522062066909,-0.410875600284155,-0.245640231163926
188.52,188.79,186.93,187.79,870492,"DAY_1","2014-04-24",186.1245,182.137278034772,186.1245,190.111721965228,0.708854688116734,55.755638895684,-0.269687497202376,-0.257509945273582
187.74,187.81,185.87,186.59,1027780,"DAY_1","2014-04-25",186.214,182.26958927088,186.214,190.15841072912,0.547662379227407,51.6312549631713,-0.202541095319797,-0.260116266571566
186.94,187.69,184.96,187.24,1346200,"DAY_1","2014-04-28",186.288,182.324947641022,186.288,190.251052358978,0.620109440119223,53.6320605006588,-0.190233749202917,-0.264556312375158
187.48,188.04,186.88,187.51,798018,"DAY_1","2014-04-29",186.3175,182.32737782142,186.3175,190.307622178581,0.649431514453551,54.4744831545858,-0.0317421627499925,-0.25377937537025
187.35,188.6,187.18,188.52,984128,"DAY_1","2014-04-30",186.329,182.314950174699,186.329,190.343049825301,0.772916393088822,57.5792758696789,0.219996339128636,-0.211047126513836
188.58,188.84,187.73,188.41,867808,"DAY_1","2014-05-01",186.3155,182.33146448309,186.3155,190.29953551691,0.76286161244171,57.1223562215225,0.42253521126745,-0.138821268958002
188.58,189.3,187.78,188.01,894511,"DAY_1","2014-05-02",186.268,182.389971634967,186.268,190.146028365033,0.724598666645541,55.400721375655,0.509682524296395,-0.0448371500343756
188.04,188.55,186.62,188.3,716581,"DAY_1","2014-05-05",186.3535,182.37670091028,186.3535,190.33029908972,0.744732001301189,56.4260995240567,0.563550668037727,0.0678538486634419
188.5,188.62,186.74,186.91,728319,"DAY_1","2014-05-06",186.4695,182.570646450558,186.4695,190.368353549442,0.556490965153459,50.4401373266862,0.563382796735645,0.176104781665642
187.03,188.13,186.01,187.88,1033262,"DAY_1","2014-05-07",186.609,182.717918402295,186.609,190.500081597705,0.663322198222414,54.0995586796213,0.579648345068318,0.27047543080683
188.13,189.05,187.08,187.53,927120,"DAY_1","2014-05-08",186.6255,182.721755771698,186.6255,190.529244228302,0.615850315377016,52.5906199439035,0.579773447447351,0.357399268892069
187.65,188.09,186.83,188.07,795955,"DAY_1","2014-05-09",186.8635,183.225993848802,186.8635,190.501006151198,0.665841643951961,54.6904217438082,0.576343341554941,0.442574501198498
188.2,189.98,188,189.96,756765,"DAY_1","2014-05-12",187.2845,184.322706793174,187.2845,190.246293206826,0.951668940598872,61.1723965730728,0.652484578042944,0.518599694619935
190.01,190.42,189.23,189.99,660466,"DAY_1","2014-05-13",187.63,185.135381792739,187.63,190.124618207261,0.97301827452602,61.2671164846947,0.733690039204626,0.575676772406156
190,190.01,188.79,189.05,692586,"DAY_1","2014-05-14",187.8495,185.688597642187,187.8495,190.010402357813,0.777777474687736,56.6073435342742,0.721944437016964,0.608944464156102
189.16,189.16,186.48,187.33,1442055,"DAY_1","2014-05-15",187.9425,186.05663812807,187.9425,189.82836187193,0.337607406693797,49.229225554228,0.667542469228621,0.62648445803746
187.4,188.23,186.72,188.14,897649,"DAY_1","2014-05-16",188.0305,186.285501719199,188.0305,189.775498280802,0.531375389077639,52.3771850703608,0.631168573121799,0.633997558602357
187.99,188.89,187.19,188.61,616097,"DAY_1","2014-05-19",188.1075,186.403400531072,188.1075,189.811599468928,0.647438576550964,54.1534964301605,0.530557352140959,0.630350286980726
188.82,188.91,187.07,187.3,1013577,"DAY_1","2014-05-20",188.0785,186.340497986192,188.0785,189.816502013808,0.276035932693069,48.7009476019796,0.380255299135257,0.608195504099274
187.62,189.22,187.55,189.06,893354,"DAY_1","2014-05-21",188.11,186.325444032819,188.11,189.894555967181,0.766172655122945,55.223915356722,0.291029729753656,0.576112868799975
189.23,189.98,188.86,189.63,561788,"DAY_1","2014-05-22",188.202,186.306641458721,188.202,190.097358541279,0.876709727710975,57.1253581562206,0.309627192354167,0.546477741111
189.75,190.48,189.58,190.25,582615,"DAY_1","2014-05-23",188.385,186.441400246964,188.385,190.328599753036,0.979779851043688,59.1570407890261,0.316581627090495,0.509155191005172
190.54,191.64,190.38,191.52,668803,"DAY_1","2014-05-27",188.599,186.297297152107,188.599,190.900702847893,1.13453021372275,63.0224075633084,0.387824060271091,0.470725637790335
191.55,191.98,191.06,191.45,616608,"DAY_1","2014-05-28",188.796,186.24040691815,188.796,191.35159308185,1.01925324474556,62.6703492322663,0.447528849135659,0.440235016914635
191.65,192.4,191.33,192.3,608792,"DAY_1","2014-05-29",188.985,186.013714083095,188.985,191.956285916905,1.05783928115753,65.2116661856751,0.460375312386518,0.417216443932179
192.17,192.82,192.03,192.78,730320,"DAY_1","2014-05-30",189.2035,185.819441637619,189.2035,192.587558362381,1.02843355773032,66.5946831190909,0.494487925981524,0.402029705361037
